#include "pixel_assets.h"

/* Auto-generated from boss ship reference image */
/* Deep crimson boss treatment applied in Python, resized to 192x112 ARGB8888 */

const uint8_t boss_ship_map[] = {
  0x00, 0x00, 0x00, 0x00, 0x00, 0x00, 0x00, 0x00, 0x00, 0x00, 0x00, 0x00, 0x00, 0x00, 0x00, 0x00,
  0x00, 0x00, 0x00, 0x00, 0x00, 0x00, 0x00, 0x00, 0x00, 0x00, 0x00, 0x00, 0x00, 0x00, 0x00, 0x00,
  0x00, 0x00, 0x00, 0x00, 0x00, 0x00, 0x00, 0x00, 0x00, 0x00, 0x00, 0x00, 0x00, 0x00, 0x00, 0x00,
  0x00, 0x00, 0x00, 0x00, 0x00, 0x00, 0x00, 0x00, 0x00, 0x00, 0x00, 0x00, 0x00, 0x00, 0x00, 0x00,
  0x00, 0x00, 0x00, 0x00, 0x00, 0x00, 0x00, 0x00, 0x00, 0x00, 0x00, 0x00, 0x00, 0x00, 0x00, 0x00,
  0x00, 0x00, 0x00, 0x00, 0x00, 0x00, 0x00, 0x00, 0x00, 0x00, 0x00, 0x00, 0x00, 0x00, 0x00, 0x00,
  0x00, 0x00, 0x00, 0x00, 0x00, 0x00, 0x00, 0x00, 0x00, 0x00, 0x00, 0x00, 0x00, 0x00, 0x00, 0x00,
  0x00, 0x00, 0x00, 0x00, 0x00, 0x00, 0x00, 0x00, 0x00, 0x00, 0x00, 0x00, 0x00, 0x00, 0x00, 0x00,
  0x00, 0x00, 0x00, 0x00, 0x00, 0x00, 0x00, 0x00, 0x00, 0x00, 0x00, 0x00, 0x00, 0x00, 0x00, 0x00,
  0x00, 0x00, 0x00, 0x00, 0x00, 0x00, 0x00, 0x00, 0x00, 0x00, 0x00, 0x00, 0x00, 0x00, 0x00, 0x00,
  0x00, 0x00, 0x00, 0x00, 0x00, 0x00, 0x00, 0x00, 0x00, 0x00, 0x00, 0x00, 0x00, 0x00, 0x00, 0x00,
  0x00, 0x00, 0x00, 0x00, 0x00, 0x00, 0x00, 0x00, 0x00, 0x00, 0x00, 0x00, 0x00, 0x00, 0x00, 0x00,
  0x00, 0x00, 0x00, 0x00, 0x00, 0x00, 0x00, 0x00, 0x00, 0x00, 0x00, 0x00, 0x00, 0x00, 0x00, 0x00,
  0x00, 0x00, 0x00, 0x00, 0x00, 0x00, 0x00, 0x00, 0x00, 0x00, 0x00, 0x00, 0x00, 0x00, 0x00, 0x00,
  0x00, 0x00, 0x00, 0x00, 0x00, 0x00, 0x00, 0x00, 0x00, 0x00, 0x00, 0x00, 0x00, 0x00, 0x00, 0x00,
  0x00, 0x00, 0x00, 0x00, 0x00, 0x00, 0x00, 0x00, 0x00, 0x00, 0x00, 0x00, 0x00, 0x00, 0x00, 0x00,
  0x00, 0x00, 0x00, 0x00, 0x00, 0x00, 0x00, 0x00, 0x00, 0x00, 0x00, 0x00, 0x00, 0x00, 0x00, 0x00,
  0x00, 0x00, 0x00, 0x00, 0x00, 0x00, 0x00, 0x00, 0x00, 0x00, 0x00, 0x00, 0x00, 0x00, 0x00, 0x00,
  0x00, 0x00, 0x00, 0x00, 0x00, 0x00, 0x00, 0x00, 0x00, 0x00, 0x00, 0x00, 0x00, 0x00, 0x00, 0x00,
  0x00, 0x00, 0x00, 0x00, 0x00, 0x00, 0x00, 0x00, 0x00, 0x00, 0x00, 0x00, 0x00, 0x00, 0x00, 0x00,
  0x00, 0x00, 0x00, 0x00, 0x00, 0x00, 0x00, 0x00, 0x00, 0x00, 0x00, 0x00, 0x00, 0x00, 0x00, 0x00,
  0x00, 0x00, 0x00, 0x00, 0x00, 0x00, 0x00, 0x00, 0x00, 0x00, 0x00, 0x00, 0x00, 0x00, 0x00, 0x00,
  0x00, 0x00, 0x00, 0x00, 0x00, 0x00, 0x00, 0x00, 0x00, 0x00, 0x00, 0x00, 0x00, 0x00, 0x00, 0x00,
  0x00, 0x00, 0x00, 0x00, 0x00, 0x00, 0x00, 0x00, 0x00, 0x00, 0x00, 0x00, 0x00, 0x00, 0x00, 0x00,
  0x00, 0x00, 0x00, 0x00, 0x00, 0x00, 0x00, 0x00, 0x00, 0x00, 0x00, 0x00, 0x00, 0x00, 0x00, 0x00,
  0x00, 0x00, 0x00, 0x00, 0x00, 0x00, 0x00, 0x00, 0x00, 0x00, 0x00, 0x00, 0x00, 0x00, 0x00, 0x00,
  0x00, 0x00, 0x00, 0x00, 0x00, 0x00, 0x00, 0x00, 0x00, 0x00, 0x00, 0x00, 0x00, 0x00, 0x00, 0x00,
  0x00, 0x00, 0x00, 0x00, 0x00, 0x00, 0x00, 0x00, 0x00, 0x00, 0x00, 0x00, 0x00, 0x00, 0x00, 0x00,
  0x00, 0x00, 0x00, 0x00, 0x00, 0x00, 0x00, 0x00, 0x00, 0x00, 0x00, 0x00, 0x00, 0x00, 0x00, 0x00,
  0x00, 0x00, 0x00, 0x00, 0x00, 0x00, 0x00, 0x00, 0x00, 0x00, 0x00, 0x00, 0x00, 0x00, 0x00, 0x00,
  0x00, 0x00, 0x00, 0x00, 0x00, 0x00, 0x00, 0x00, 0x00, 0x00, 0x00, 0x00, 0x00, 0x00, 0x00, 0x00,
  0x00, 0x00, 0x00, 0x00, 0x00, 0x00, 0x00, 0x00, 0x00, 0x00, 0x00, 0x00, 0x00, 0x00, 0x00, 0x00,
  0x00, 0x00, 0x00, 0x00, 0x00, 0x00, 0x00, 0x00, 0x00, 0x00, 0x00, 0x00, 0x00, 0x00, 0x00, 0x00,
  0x00, 0x00, 0x00, 0x00, 0x00, 0x00, 0x00, 0x00, 0x00, 0x00, 0x00, 0x00, 0x00, 0x00, 0x00, 0x00,
  0x00, 0x00, 0x00, 0x00, 0x00, 0x00, 0x00, 0x00, 0x00, 0x00, 0x00, 0x00, 0x00, 0x00, 0x00, 0x00,
  0x00, 0x00, 0x00, 0x00, 0x00, 0x00, 0x00, 0x00, 0x00, 0x00, 0x00, 0x00, 0x00, 0x00, 0x00, 0x00,
  0x00, 0x00, 0x00, 0x00, 0x00, 0x00, 0x00, 0x00, 0x00, 0x00, 0x00, 0x00, 0x00, 0x00, 0x00, 0x00,
  0x00, 0x00, 0x00, 0x00, 0x00, 0x00, 0x00, 0x00, 0x00, 0x00, 0x00, 0x00, 0x00, 0x00, 0x00, 0x00,
  0x00, 0x00, 0x00, 0x00, 0x00, 0x00, 0x00, 0x00, 0x00, 0x00, 0x00, 0x00, 0x00, 0x00, 0x00, 0x00,
  0x00, 0x00, 0x00, 0x00, 0x00, 0x00, 0x00, 0x00, 0x00, 0x00, 0x00, 0x00, 0x00, 0x00, 0x00, 0x00,
  0x00, 0x00, 0x00, 0x00, 0x00, 0x00, 0x00, 0x00, 0x00, 0x00, 0x00, 0x00, 0x00, 0x00, 0x00, 0x00,
  0x00, 0x00, 0x00, 0x00, 0x00, 0x00, 0x00, 0x00, 0x00, 0x00, 0x00, 0x00, 0x00, 0x00, 0x00, 0x00,
  0x00, 0x00, 0x00, 0x00, 0x00, 0x00, 0x00, 0x00, 0x00, 0x00, 0x00, 0x00, 0x00, 0x00, 0x00, 0x00,
  0x00, 0x00, 0x00, 0x00, 0x00, 0x00, 0x00, 0x00, 0x00, 0x00, 0x00, 0x00, 0x00, 0x00, 0x00, 0x00,
  0x00, 0x00, 0x00, 0x00, 0x00, 0x00, 0x00, 0x00, 0x00, 0x00, 0x00, 0x00, 0x00, 0x00, 0x00, 0x00,
  0x00, 0x00, 0x00, 0x00, 0x00, 0x00, 0x00, 0x00, 0x00, 0x00, 0x00, 0x00, 0x00, 0x00, 0x00, 0x00,
  0x00, 0x00, 0x00, 0x00, 0x00, 0x00, 0x00, 0x00, 0x00, 0x00, 0x00, 0x00, 0x00, 0x00, 0x00, 0x00,
  0x00, 0x00, 0x00, 0x00, 0x00, 0x00, 0x00, 0x00, 0x00, 0x00, 0x00, 0x00, 0x00, 0x00, 0x00, 0x00,
  0x00, 0x00, 0x00, 0x00, 0x00, 0x00, 0x00, 0x00, 0x00, 0x00, 0x00, 0x00, 0x00, 0x00, 0x00, 0x00,
  0x00, 0x00, 0x00, 0x00, 0x00, 0x00, 0x00, 0x00, 0x00, 0x00, 0x00, 0x00, 0x00, 0x00, 0x00, 0x00,
  0x00, 0x00, 0x00, 0x00, 0x00, 0x00, 0x00, 0x00, 0x00, 0x00, 0x00, 0x00, 0x00, 0x00, 0x00, 0x00,
  0x00, 0x00, 0x00, 0x00, 0x00, 0x00, 0x00, 0x00, 0x00, 0x00, 0x00, 0x00, 0x00, 0x00, 0x00, 0x00,
  0x00, 0x00, 0x00, 0x00, 0x00, 0x00, 0x00, 0x00, 0x00, 0x00, 0x00, 0x00, 0x00, 0x00, 0x00, 0x00,
  0x00, 0x00, 0x00, 0x00, 0x00, 0x00, 0x00, 0x00, 0x00, 0x00, 0x00, 0x00, 0x00, 0x00, 0x00, 0x00,
  0x00, 0x00, 0x00, 0x00, 0x00, 0x00, 0x00, 0x00, 0x00, 0x00, 0x00, 0x00, 0x00, 0x00, 0x00, 0x00,
  0x00, 0x00, 0x00, 0x00, 0x00, 0x00, 0x00, 0x00, 0x00, 0x00, 0x00, 0x00, 0x00, 0x00, 0x00, 0x00,
  0x00, 0x00, 0x00, 0x00, 0x00, 0x00, 0x00, 0x00, 0x00, 0x00, 0x00, 0x00, 0x00, 0x00, 0x00, 0x00,
  0x00, 0x00, 0x00, 0x00, 0x00, 0x00, 0x00, 0x00, 0x00, 0x00, 0x00, 0x00, 0x00, 0x00, 0x00, 0x00,
  0x00, 0x00, 0x00, 0x00, 0x00, 0x00, 0x00, 0x00, 0x00, 0x00, 0x00, 0x00, 0x00, 0x00, 0x00, 0x00,
  0x00, 0x00, 0x00, 0x00, 0x00, 0x00, 0x00, 0x00, 0x00, 0x00, 0x00, 0x00, 0x00, 0x00, 0x00, 0x00,
  0x00, 0x00, 0x00, 0x00, 0x00, 0x00, 0x00, 0x00, 0x00, 0x00, 0x00, 0x00, 0x00, 0x00, 0x00, 0x00,
  0x00, 0x00, 0x00, 0x00, 0x00, 0x00, 0x00, 0x00, 0x00, 0x00, 0x00, 0x00, 0x00, 0x00, 0x00, 0x00,
  0x00, 0x00, 0x00, 0x00, 0x00, 0x00, 0x00, 0x00, 0x00, 0x00, 0x00, 0x00, 0x00, 0x00, 0x00, 0x00,
  0x00, 0x00, 0x00, 0x00, 0x00, 0x00, 0x00, 0x00, 0x00, 0x00, 0x00, 0x00, 0x00, 0x00, 0x00, 0x00,
  0x00, 0x00, 0x00, 0x00, 0x00, 0x00, 0x00, 0x00, 0x00, 0x00, 0x00, 0x00, 0x00, 0x00, 0x00, 0x00,
  0x00, 0x00, 0x00, 0x00, 0x00, 0x00, 0x00, 0x00, 0x00, 0x00, 0x00, 0x00, 0x00, 0x00, 0x00, 0x00,
  0x00, 0x00, 0x00, 0x00, 0x00, 0x00, 0x00, 0x00, 0x00, 0x00, 0x00, 0x00, 0x00, 0x00, 0x00, 0x00,
  0x00, 0x00, 0x00, 0x00, 0x00, 0x00, 0x00, 0x00, 0x00, 0x00, 0x00, 0x00, 0x00, 0x00, 0x00, 0x00,
  0x00, 0x00, 0x00, 0x00, 0x00, 0x00, 0x00, 0x00, 0x00, 0x00, 0x00, 0x00, 0x00, 0x00, 0x00, 0x00,
  0x00, 0x00, 0x00, 0x00, 0x00, 0x00, 0x00, 0x00, 0x00, 0x00, 0x00, 0x00, 0x00, 0x00, 0x00, 0x00,
  0x00, 0x00, 0x00, 0x00, 0x00, 0x00, 0x00, 0x00, 0x00, 0x00, 0x00, 0x00, 0x00, 0x00, 0x00, 0x00,
  0x00, 0x00, 0x00, 0x00, 0x00, 0x00, 0x00, 0x00, 0x00, 0x00, 0x00, 0x00, 0x00, 0x00, 0x00, 0x00,
  0x00, 0x00, 0x00, 0x00, 0x00, 0x00, 0x00, 0x00, 0x00, 0x00, 0x00, 0x00, 0x00, 0x00, 0x00, 0x00,
  0x00, 0x00, 0x00, 0x00, 0x00, 0x00, 0x00, 0x00, 0x00, 0x00, 0x00, 0x00, 0x00, 0x00, 0x00, 0x00,
  0x00, 0x00, 0x00, 0x00, 0x00, 0x00, 0x00, 0x00, 0x00, 0x00, 0x00, 0x00, 0x00, 0x00, 0x00, 0x00,
  0x00, 0x00, 0x00, 0x00, 0x00, 0x00, 0x00, 0x00, 0x00, 0x00, 0x00, 0x00, 0x00, 0x00, 0x00, 0x00,
  0x00, 0x00, 0x00, 0x00, 0x00, 0x00, 0x00, 0x00, 0x00, 0x00, 0x00, 0x00, 0x00, 0x00, 0x00, 0x00,
  0x00, 0x00, 0x00, 0x00, 0x00, 0x00, 0x00, 0x00, 0x00, 0x00, 0x00, 0x00, 0x00, 0x00, 0x00, 0x00,
  0x00, 0x00, 0x00, 0x00, 0x00, 0x00, 0x00, 0x00, 0x00, 0x00, 0x00, 0x00, 0x00, 0x00, 0x00, 0x00,
  0x00, 0x00, 0x00, 0x00, 0x00, 0x00, 0x00, 0x00, 0x00, 0x00, 0x00, 0x00, 0x00, 0x00, 0x00, 0x00,
  0x00, 0x00, 0x00, 0x00, 0x00, 0x00, 0x00, 0x00, 0x00, 0x00, 0x00, 0x00, 0x00, 0x00, 0x00, 0x00,
  0x00, 0x00, 0x00, 0x00, 0x00, 0x00, 0x00, 0x00, 0x00, 0x00, 0x00, 0x00, 0x00, 0x00, 0x00, 0x00,
  0x00, 0x00, 0x00, 0x00, 0x00, 0x00, 0x00, 0x00, 0x00, 0x00, 0x00, 0x00, 0x00, 0x00, 0x00, 0x00,
  0x00, 0x00, 0x00, 0x00, 0x00, 0x00, 0x00, 0x00, 0x00, 0x00, 0x00, 0x00, 0x00, 0x00, 0x00, 0x00,
  0x00, 0x00, 0x00, 0x00, 0x00, 0x00, 0x00, 0x00, 0x00, 0x00, 0x00, 0x00, 0x00, 0x00, 0x00, 0x00,
  0x00, 0x00, 0x00, 0x00, 0x00, 0x00, 0x00, 0x00, 0x00, 0x00, 0x00, 0x00, 0x00, 0x00, 0x00, 0x00,
  0x00, 0x00, 0x00, 0x00, 0x00, 0x00, 0x00, 0x00, 0x00, 0x00, 0x00, 0x00, 0x00, 0x00, 0x00, 0x00,
  0x00, 0x00, 0x00, 0x00, 0x00, 0x00, 0x00, 0x00, 0x00, 0x00, 0x00, 0x00, 0x00, 0x00, 0x00, 0x00,
  0x00, 0x00, 0x00, 0x00, 0x00, 0x00, 0x00, 0x00, 0x00, 0x00, 0x00, 0x00, 0x00, 0x00, 0x00, 0x00,
  0x00, 0x00, 0x00, 0x00, 0x00, 0x00, 0x00, 0x00, 0x00, 0x00, 0x00, 0x00, 0x00, 0x00, 0x00, 0x00,
  0x00, 0x00, 0x00, 0x00, 0x00, 0x00, 0x00, 0x00, 0x00, 0x00, 0x00, 0x00, 0x00, 0x00, 0x00, 0x00,
  0x00, 0x00, 0x00, 0x00, 0x00, 0x00, 0x00, 0x00, 0x00, 0x00, 0x00, 0x00, 0x00, 0x00, 0x00, 0x00,
  0x00, 0x00, 0x00, 0x00, 0x00, 0x00, 0x00, 0x00, 0x00, 0x00, 0x00, 0x00, 0x00, 0x00, 0x00, 0x00,
  0x00, 0x00, 0x00, 0x00, 0x00, 0x00, 0x00, 0x00, 0x00, 0x00, 0x00, 0x00, 0x00, 0x00, 0x00, 0x00,
  0x00, 0x00, 0x00, 0x00, 0x00, 0x00, 0x00, 0x00, 0x00, 0x00, 0x00, 0x00, 0x00, 0x00, 0x00, 0x00,
  0x00, 0x00, 0x00, 0x00, 0x00, 0x00, 0x00, 0x00, 0x00, 0x00, 0x00, 0x00, 0x00, 0x00, 0x00, 0x00,
  0x00, 0x00, 0x00, 0x00, 0x00, 0x00, 0x00, 0x00, 0x00, 0x00, 0x00, 0x00, 0x00, 0x00, 0x00, 0x00,
  0x00, 0x00, 0x00, 0x00, 0x00, 0x00, 0x00, 0x00, 0x00, 0x00, 0x00, 0x00, 0x00, 0x00, 0x00, 0x00,
  0x00, 0x00, 0x00, 0x00, 0x00, 0x00, 0x00, 0x00, 0x00, 0x00, 0x00, 0x00, 0x00, 0x00, 0x00, 0x00,
  0x00, 0x00, 0x00, 0x00, 0x00, 0x00, 0x00, 0x00, 0x00, 0x00, 0x00, 0x00, 0x00, 0x00, 0x00, 0x00,
  0x00, 0x00, 0x00, 0x00, 0x00, 0x00, 0x00, 0x00, 0x00, 0x00, 0x00, 0x00, 0x00, 0x00, 0x00, 0x00,
  0x00, 0x00, 0x00, 0x00, 0x00, 0x00, 0x00, 0x00, 0x00, 0x00, 0x00, 0x00, 0x00, 0x00, 0x00, 0x00,
  0x00, 0x00, 0x00, 0x00, 0x00, 0x00, 0x00, 0x00, 0x00, 0x00, 0x00, 0x00, 0x00, 0x00, 0x00, 0x00,
  0x00, 0x00, 0x00, 0x00, 0x00, 0x00, 0x00, 0x00, 0x00, 0x00, 0x00, 0x00, 0x00, 0x00, 0x00, 0x00,
  0x00, 0x00, 0x00, 0x00, 0x00, 0x00, 0x00, 0x00, 0x00, 0x00, 0x00, 0x00, 0x00, 0x00, 0x00, 0x00,
  0x00, 0x00, 0x00, 0x00, 0x00, 0x00, 0x00, 0x00, 0x00, 0x00, 0x00, 0x00, 0x00, 0x00, 0x00, 0x00,
  0x00, 0x00, 0x00, 0x00, 0x00, 0x00, 0x00, 0x00, 0x00, 0x00, 0x00, 0x00, 0x00, 0x00, 0x00, 0x00,
  0x00, 0x00, 0x00, 0x00, 0x00, 0x00, 0x00, 0x00, 0x00, 0x00, 0x00, 0x00, 0x00, 0x00, 0x00, 0x00,
  0x00, 0x00, 0x00, 0x00, 0x00, 0x00, 0x00, 0x00, 0x00, 0x00, 0x00, 0x00, 0x00, 0x00, 0x00, 0x00,
  0x00, 0x00, 0x00, 0x00, 0x00, 0x00, 0x00, 0x00, 0x00, 0x00, 0x00, 0x00, 0x00, 0x00, 0x00, 0x00,
  0x00, 0x00, 0x00, 0x00, 0x00, 0x00, 0x00, 0x00, 0x00, 0x00, 0x00, 0x00, 0x00, 0x00, 0x00, 0x00,
  0x00, 0x00, 0x00, 0x00, 0x00, 0x00, 0x00, 0x00, 0x00, 0x00, 0x00, 0x00, 0x00, 0x00, 0x00, 0x00,
  0x00, 0x00, 0x00, 0x00, 0x00, 0x00, 0x00, 0x00, 0x00, 0x00, 0x00, 0x00, 0x00, 0x00, 0x00, 0x00,
  0x00, 0x00, 0x00, 0x00, 0x00, 0x00, 0x00, 0x00, 0x00, 0x00, 0x00, 0x00, 0x00, 0x00, 0x00, 0x00,
  0x00, 0x00, 0x00, 0x00, 0x00, 0x00, 0x00, 0x00, 0x00, 0x00, 0x00, 0x00, 0x00, 0x00, 0x00, 0x00,
  0x00, 0x00, 0x00, 0x00, 0x00, 0x00, 0x00, 0x00, 0x00, 0x00, 0x00, 0x00, 0x00, 0x00, 0x00, 0x00,
  0x00, 0x00, 0x00, 0x00, 0x00, 0x00, 0x00, 0x00, 0x00, 0x00, 0x00, 0x00, 0x00, 0x00, 0x00, 0x00,
  0x00, 0x00, 0x00, 0x00, 0x00, 0x00, 0x00, 0x00, 0x00, 0x00, 0x00, 0x00, 0x00, 0x00, 0x00, 0x00,
  0x00, 0x00, 0x00, 0x00, 0x00, 0x00, 0x00, 0x00, 0x00, 0x00, 0x00, 0x00, 0x00, 0x00, 0x00, 0x00,
  0x00, 0x00, 0x00, 0x00, 0x00, 0x00, 0x00, 0x00, 0x00, 0x00, 0x00, 0x00, 0x00, 0x00, 0x00, 0x00,
  0x00, 0x00, 0x00, 0x00, 0x00, 0x00, 0x00, 0x00, 0x00, 0x00, 0x00, 0x00, 0x00, 0x00, 0x00, 0x00,
  0x00, 0x00, 0x00, 0x00, 0x00, 0x00, 0x00, 0x00, 0x00, 0x00, 0x00, 0x00, 0x00, 0x00, 0x00, 0x00,
  0x00, 0x00, 0x00, 0x00, 0x00, 0x00, 0x00, 0x00, 0x00, 0x00, 0x00, 0x00, 0x00, 0x00, 0x00, 0x00,
  0x00, 0x00, 0x00, 0x00, 0x00, 0x00, 0x00, 0x00, 0x00, 0x00, 0x00, 0x00, 0x00, 0x00, 0x00, 0x00,
  0x00, 0x00, 0x00, 0x00, 0x00, 0x00, 0x00, 0x00, 0x00, 0x00, 0x00, 0x00, 0x00, 0x00, 0x00, 0x00,
  0x00, 0x00, 0x00, 0x00, 0x00, 0x00, 0x00, 0x00, 0x00, 0x00, 0x00, 0x00, 0x00, 0x00, 0x00, 0x00,
  0x00, 0x00, 0x00, 0x00, 0x00, 0x00, 0x00, 0x00, 0x00, 0x00, 0x00, 0x00, 0x00, 0x00, 0x00, 0x00,
  0x00, 0x00, 0x00, 0x00, 0x00, 0x00, 0x00, 0x00, 0x00, 0x00, 0x00, 0x00, 0x00, 0x00, 0x00, 0x00,
  0x00, 0x00, 0x00, 0x00, 0x00, 0x00, 0x00, 0x00, 0x00, 0x00, 0x00, 0x00, 0x00, 0x00, 0x00, 0x00,
  0x00, 0x00, 0x00, 0x00, 0x00, 0x00, 0x00, 0x00, 0x00, 0x00, 0x00, 0x00, 0x00, 0x00, 0x00, 0x00,
  0x00, 0x00, 0x00, 0x00, 0x00, 0x00, 0x00, 0x00, 0x00, 0x00, 0x00, 0x00, 0x00, 0x00, 0x00, 0x00,
  0x00, 0x00, 0x00, 0x00, 0x00, 0x00, 0x00, 0x00, 0x00, 0x00, 0x00, 0x00, 0x00, 0x00, 0x00, 0x00,
  0x00, 0x00, 0x00, 0x00, 0x00, 0x00, 0x00, 0x00, 0x00, 0x00, 0x00, 0x00, 0x00, 0x00, 0x00, 0x00,
  0x00, 0x00, 0x00, 0x00, 0x00, 0x00, 0x00, 0x00, 0x00, 0x00, 0x00, 0x00, 0x00, 0x00, 0x00, 0x00,
  0x00, 0x00, 0x00, 0x00, 0x00, 0x00, 0x00, 0x00, 0x00, 0x00, 0x00, 0x00, 0x00, 0x00, 0x00, 0x00,
  0x00, 0x00, 0x00, 0x00, 0x00, 0x00, 0x00, 0x00, 0x00, 0x00, 0x00, 0x00, 0x00, 0x00, 0x00, 0x00,
  0x00, 0x00, 0x00, 0x00, 0x00, 0x00, 0x00, 0x00, 0x00, 0x00, 0x00, 0x00, 0x00, 0x00, 0x00, 0x00,
  0x00, 0x00, 0x00, 0x00, 0x00, 0x00, 0x00, 0x00, 0x00, 0x00, 0x00, 0x00, 0x00, 0x00, 0x00, 0x00,
  0x00, 0x00, 0x00, 0x00, 0x00, 0x00, 0x00, 0x00, 0x00, 0x00, 0x00, 0x00, 0x00, 0x00, 0x00, 0x00,
  0x00, 0x00, 0x00, 0x00, 0x00, 0x00, 0x00, 0x00, 0x00, 0x00, 0x00, 0x00, 0x00, 0x00, 0x00, 0x00,
  0x00, 0x00, 0x00, 0x00, 0x00, 0x00, 0x00, 0x00, 0x00, 0x00, 0x00, 0x00, 0x00, 0x00, 0x00, 0x00,
  0x00, 0x00, 0x00, 0x00, 0x00, 0x00, 0x00, 0x00, 0x00, 0x00, 0x00, 0x00, 0x00, 0x00, 0x00, 0x00,
  0x00, 0x00, 0x00, 0x00, 0x00, 0x00, 0x00, 0x00, 0x00, 0x00, 0x00, 0x00, 0x00, 0x00, 0x00, 0x00,
  0x00, 0x00, 0x00, 0x00, 0x00, 0x00, 0x00, 0x00, 0x00, 0x00, 0x00, 0x00, 0x00, 0x00, 0x00, 0x00,
  0x00, 0x00, 0x00, 0x00, 0x00, 0x00, 0x00, 0x00, 0x00, 0x00, 0x00, 0x00, 0x00, 0x00, 0x00, 0x00,
  0x00, 0x00, 0x00, 0x00, 0x00, 0x00, 0x00, 0x00, 0x00, 0x00, 0x00, 0x00, 0x00, 0x00, 0x00, 0x00,
  0x00, 0x00, 0x00, 0x00, 0x00, 0x00, 0x00, 0x00, 0x00, 0x00, 0x00, 0x00, 0x00, 0x00, 0x00, 0x00,
  0x00, 0x00, 0x00, 0x00, 0x00, 0x00, 0x00, 0x00, 0x00, 0x00, 0x00, 0x00, 0x00, 0x00, 0x00, 0x00,
  0x00, 0x00, 0x00, 0x00, 0x00, 0x00, 0x00, 0x00, 0x00, 0x00, 0x00, 0x00, 0x00, 0x00, 0x00, 0x00,
  0x00, 0x00, 0x00, 0x00, 0x00, 0x00, 0x00, 0x00, 0x00, 0x00, 0x00, 0x00, 0x00, 0x00, 0x00, 0x00,
  0x00, 0x00, 0x00, 0x00, 0x00, 0x00, 0x00, 0x00, 0x00, 0x00, 0x00, 0x00, 0x00, 0x00, 0x00, 0x00,
  0x00, 0x00, 0x00, 0x00, 0x00, 0x00, 0x00, 0x00, 0x00, 0x00, 0x00, 0x00, 0x00, 0x00, 0x00, 0x00,
  0x00, 0x00, 0x00, 0x00, 0x00, 0x00, 0x00, 0x00, 0x00, 0x00, 0x00, 0x00, 0x00, 0x00, 0x00, 0x00,
  0x00, 0x00, 0x00, 0x00, 0x00, 0x00, 0x00, 0x00, 0x00, 0x00, 0x00, 0x00, 0x00, 0x00, 0x00, 0x00,
  0x00, 0x00, 0x00, 0x00, 0x00, 0x00, 0x00, 0x00, 0x00, 0x00, 0x00, 0x00, 0x00, 0x00, 0x00, 0x00,
  0x00, 0x00, 0x00, 0x00, 0x00, 0x00, 0x00, 0x00, 0x00, 0x00, 0x00, 0x00, 0x00, 0x00, 0x00, 0x00,
  0x00, 0x00, 0x00, 0x00, 0x00, 0x00, 0x00, 0x00, 0x00, 0x00, 0x00, 0x00, 0x00, 0x00, 0x00, 0x00,
  0x00, 0x00, 0x00, 0x00, 0x00, 0x00, 0x00, 0x00, 0x00, 0x00, 0x00, 0x00, 0x00, 0x00, 0x00, 0x00,
  0x00, 0x00, 0x00, 0x00, 0x00, 0x00, 0x00, 0x00, 0x00, 0x00, 0x00, 0x00, 0x00, 0x00, 0x00, 0x00,
  0x00, 0x00, 0x00, 0x00, 0x00, 0x00, 0x00, 0x00, 0x00, 0x00, 0x00, 0x00, 0x00, 0x00, 0x00, 0x00,
  0x00, 0x00, 0x00, 0x00, 0x00, 0x00, 0x00, 0x00, 0x00, 0x00, 0x00, 0x00, 0x00, 0x00, 0x00, 0x00,
  0x00, 0x00, 0x00, 0x00, 0x00, 0x00, 0x00, 0x00, 0x00, 0x00, 0x00, 0x00, 0x00, 0x00, 0x00, 0x00,
  0x00, 0x00, 0x00, 0x00, 0x00, 0x00, 0x00, 0x00, 0x00, 0x00, 0x00, 0x00, 0x00, 0x00, 0x00, 0x00,
  0x00, 0x00, 0x00, 0x00, 0x00, 0x00, 0x00, 0x00, 0x00, 0x00, 0x00, 0x00, 0x00, 0x00, 0x00, 0x00,
  0x00, 0x00, 0x00, 0x00, 0x00, 0x00, 0x00, 0x00, 0x00, 0x00, 0x00, 0x00, 0x00, 0x00, 0x00, 0x00,
  0x00, 0x00, 0x00, 0x00, 0x00, 0x00, 0x00, 0x00, 0x00, 0x00, 0x00, 0x00, 0x00, 0x00, 0x00, 0x00,
  0x00, 0x00, 0x00, 0x00, 0x00, 0x00, 0x00, 0x00, 0x00, 0x00, 0x00, 0x00, 0x00, 0x00, 0x00, 0x00,
  0x00, 0x00, 0x00, 0x00, 0x00, 0x00, 0x00, 0x00, 0x00, 0x00, 0x00, 0x00, 0x00, 0x00, 0x00, 0x00,
  0x00, 0x00, 0x00, 0x00, 0x00, 0x00, 0x00, 0x00, 0x00, 0x00, 0x00, 0x00, 0x00, 0x00, 0x00, 0x00,
  0x00, 0x00, 0x00, 0x00, 0x00, 0x00, 0x00, 0x00, 0x00, 0x00, 0x00, 0x00, 0x00, 0x00, 0x00, 0x00,
  0x00, 0x00, 0x00, 0x00, 0x00, 0x00, 0x00, 0x00, 0x00, 0x00, 0x00, 0x00, 0x00, 0x00, 0x00, 0x00,
  0x00, 0x00, 0x00, 0x00, 0x00, 0x00, 0x00, 0x00, 0x00, 0x00, 0x00, 0x00, 0x00, 0x00, 0x00, 0x00,
  0x00, 0x00, 0x00, 0x00, 0x00, 0x00, 0x00, 0x00, 0x00, 0x00, 0x00, 0x00, 0x00, 0x00, 0x00, 0x00,
  0x00, 0x00, 0x00, 0x00, 0x00, 0x00, 0x00, 0x00, 0x00, 0x00, 0x00, 0x00, 0x00, 0x00, 0x00, 0x00,
  0x00, 0x00, 0x00, 0x00, 0x00, 0x00, 0x00, 0x00, 0x00, 0x00, 0x00, 0x00, 0x00, 0x00, 0x00, 0x00,
  0x00, 0x00, 0x00, 0x00, 0x00, 0x00, 0x00, 0x00, 0x00, 0x00, 0x00, 0x00, 0x00, 0x00, 0x00, 0x00,
  0x00, 0x00, 0x00, 0x00, 0x00, 0x00, 0x00, 0x00, 0x00, 0x00, 0x00, 0x00, 0x00, 0x00, 0x00, 0x00,
  0x00, 0x00, 0x00, 0x00, 0x00, 0x00, 0x00, 0x00, 0x00, 0x00, 0x00, 0x00, 0x00, 0x00, 0x00, 0x00,
  0x00, 0x00, 0x00, 0x00, 0x00, 0x00, 0x00, 0x00, 0x00, 0x00, 0x00, 0x00, 0x00, 0x00, 0x00, 0x00,
  0x00, 0x00, 0x00, 0x00, 0x00, 0x00, 0x00, 0x00, 0x00, 0x00, 0x00, 0x00, 0x00, 0x00, 0x00, 0x00,
  0x00, 0x00, 0x00, 0x00, 0x00, 0x00, 0x00, 0x00, 0x00, 0x00, 0x00, 0x00, 0x00, 0x00, 0x00, 0x00,
  0x00, 0x00, 0x00, 0x00, 0x00, 0x00, 0x00, 0x00, 0x00, 0x00, 0x00, 0x00, 0x00, 0x00, 0x00, 0x00,
  0x00, 0x00, 0x00, 0x00, 0x00, 0x00, 0x00, 0x00, 0x00, 0x00, 0x00, 0x00, 0x00, 0x00, 0x00, 0x00,
  0x00, 0x00, 0x00, 0x00, 0x00, 0x00, 0x00, 0x00, 0x00, 0x00, 0x00, 0x00, 0x00, 0x00, 0x00, 0x00,
  0x00, 0x00, 0x00, 0x00, 0x00, 0x00, 0x00, 0x00, 0x00, 0x00, 0x00, 0x00, 0x00, 0x00, 0x00, 0x00,
  0x00, 0x00, 0x00, 0x00, 0x00, 0x00, 0x00, 0x00, 0x00, 0x00, 0x00, 0x00, 0x00, 0x00, 0x00, 0x00,
  0x00, 0x00, 0x00, 0x00, 0x00, 0x00, 0x00, 0x00, 0x00, 0x00, 0x00, 0x00, 0x00, 0x00, 0x00, 0x00,
  0x00, 0x00, 0x00, 0x00, 0x00, 0x00, 0x00, 0x00, 0x00, 0x00, 0x00, 0x00, 0x00, 0x00, 0x00, 0x00,
  0x00, 0x00, 0x00, 0x00, 0x00, 0x00, 0x00, 0x00, 0x00, 0x00, 0x00, 0x00, 0x00, 0x00, 0x00, 0x00,
  0x00, 0x00, 0x00, 0x00, 0x00, 0x00, 0x00, 0x00, 0x00, 0x00, 0x00, 0x00, 0x00, 0x00, 0x00, 0x00,
  0x00, 0x00, 0x00, 0x00, 0x00, 0x00, 0x00, 0x00, 0x00, 0x00, 0x00, 0x00, 0x00, 0x00, 0x00, 0x00,
  0x00, 0x00, 0x00, 0x00, 0x00, 0x00, 0x00, 0x00, 0x00, 0x00, 0x00, 0x00, 0x00, 0x00, 0x00, 0x00,
  0x00, 0x00, 0x00, 0x00, 0x00, 0x00, 0x00, 0x00, 0x00, 0x00, 0x00, 0x00, 0x00, 0x00, 0x00, 0x00,
  0x00, 0x00, 0x00, 0x00, 0x00, 0x00, 0x00, 0x00, 0x00, 0x00, 0x00, 0x00, 0x00, 0x00, 0x00, 0x00,
  0x00, 0x00, 0x00, 0x00, 0x00, 0x00, 0x00, 0x00, 0x00, 0x00, 0x00, 0x00, 0x00, 0x00, 0x00, 0x00,
  0x00, 0x00, 0x00, 0x00, 0x00, 0x00, 0x00, 0x00, 0x00, 0x00, 0x00, 0x00, 0x00, 0x00, 0x00, 0x00,
  0x00, 0x00, 0x00, 0x00, 0x00, 0x00, 0x00, 0x00, 0x00, 0x00, 0x00, 0x00, 0x00, 0x00, 0x00, 0x00,
  0x00, 0x00, 0x00, 0x00, 0x00, 0x00, 0x00, 0x00, 0x00, 0x00, 0x00, 0x00, 0x00, 0x00, 0x00, 0x00,
  0x00, 0x00, 0x00, 0x00, 0x00, 0x00, 0x00, 0x00, 0x00, 0x00, 0x00, 0x00, 0x00, 0x00, 0x00, 0x00,
  0x00, 0x00, 0x00, 0x00, 0x00, 0x00, 0x00, 0x00, 0x00, 0x00, 0x00, 0x00, 0x00, 0x00, 0x00, 0x00,
  0x00, 0x00, 0x00, 0x00, 0x00, 0x00, 0x00, 0x00, 0x00, 0x00, 0x00, 0x00, 0x00, 0x00, 0x00, 0x00,
  0x00, 0x00, 0x00, 0x00, 0x00, 0x00, 0x00, 0x00, 0x00, 0x00, 0x00, 0x00, 0x00, 0x00, 0x00, 0x00,
  0x00, 0x00, 0x00, 0x00, 0x00, 0x00, 0x00, 0x00, 0x00, 0x00, 0x00, 0x00, 0x00, 0x00, 0x00, 0x00,
  0x00, 0x00, 0x00, 0x00, 0x00, 0x00, 0x00, 0x00, 0x00, 0x00, 0x00, 0x00, 0x00, 0x00, 0x00, 0x00,
  0x00, 0x00, 0x00, 0x00, 0x00, 0x00, 0x00, 0x00, 0x00, 0x00, 0x00, 0x00, 0x00, 0x00, 0x00, 0x00,
  0x00, 0x00, 0x00, 0x00, 0x00, 0x00, 0x00, 0x00, 0x00, 0x00, 0x00, 0x00, 0x00, 0x00, 0x00, 0x00,
  0x00, 0x00, 0x00, 0x00, 0x00, 0x00, 0x00, 0x00, 0x00, 0x00, 0x00, 0x00, 0x00, 0x00, 0x00, 0x00,
  0x00, 0x00, 0x00, 0x00, 0x00, 0x00, 0x00, 0x00, 0x00, 0x00, 0x00, 0x00, 0x00, 0x00, 0x00, 0x00,
  0x00, 0x00, 0x00, 0x00, 0x00, 0x00, 0x00, 0x00, 0x00, 0x00, 0x00, 0x00, 0x00, 0x00, 0x00, 0x00,
  0x00, 0x00, 0x00, 0x00, 0x00, 0x00, 0x00, 0x00, 0x00, 0x00, 0x00, 0x00, 0x00, 0x00, 0x00, 0x00,
  0x00, 0x00, 0x00, 0x00, 0x00, 0x00, 0x00, 0x00, 0x00, 0x00, 0x00, 0x00, 0x00, 0x00, 0x00, 0x00,
  0x00, 0x00, 0x00, 0x00, 0x00, 0x00, 0x00, 0x00, 0x00, 0x00, 0x00, 0x00, 0x00, 0x00, 0x00, 0x00,
  0x00, 0x00, 0x00, 0x00, 0x00, 0x00, 0x00, 0x00, 0x00, 0x00, 0x00, 0x00, 0x00, 0x00, 0x00, 0x00,
  0x00, 0x00, 0x00, 0x00, 0x00, 0x00, 0x00, 0x00, 0x00, 0x00, 0x00, 0x00, 0x00, 0x00, 0x00, 0x00,
  0x00, 0x00, 0x00, 0x00, 0x00, 0x00, 0x00, 0x00, 0x00, 0x00, 0x00, 0x00, 0x00, 0x00, 0x00, 0x00,
  0x00, 0x00, 0x00, 0x00, 0x00, 0x00, 0x00, 0x00, 0x00, 0x00, 0x00, 0x00, 0x00, 0x00, 0x00, 0x00,
  0x00, 0x00, 0x00, 0x00, 0x00, 0x00, 0x00, 0x00, 0x00, 0x00, 0x00, 0x00, 0x00, 0x00, 0x00, 0x00,
  0x00, 0x00, 0x00, 0x00, 0x00, 0x00, 0x00, 0x00, 0x00, 0x00, 0x00, 0x00, 0x00, 0x00, 0x00, 0x00,
  0x00, 0x00, 0x00, 0x00, 0x00, 0x00, 0x00, 0x00, 0x00, 0x00, 0x00, 0x00, 0x00, 0x00, 0x00, 0x00,
  0x00, 0x00, 0x00, 0x00, 0x00, 0x00, 0x00, 0x00, 0x00, 0x00, 0x00, 0x00, 0x00, 0x00, 0x00, 0x00,
  0x00, 0x00, 0x00, 0x00, 0x00, 0x00, 0x00, 0x00, 0x00, 0x00, 0x00, 0x00, 0x00, 0x00, 0x00, 0x00,
  0x00, 0x00, 0x00, 0x00, 0x00, 0x00, 0x00, 0x00, 0x00, 0x00, 0x00, 0x00, 0x00, 0x00, 0x00, 0x00,
  0x00, 0x00, 0x00, 0x00, 0x00, 0x00, 0x00, 0x00, 0x00, 0x00, 0x00, 0x00, 0x00, 0x00, 0x00, 0x00,
  0x00, 0x00, 0x00, 0x00, 0x00, 0x00, 0x00, 0x00, 0x00, 0x00, 0x00, 0x00, 0x00, 0x00, 0x00, 0x00,
  0x00, 0x00, 0x00, 0x00, 0x00, 0x00, 0x00, 0x00, 0x00, 0x00, 0x00, 0x00, 0x00, 0x00, 0x00, 0x00,
  0x00, 0x00, 0x00, 0x00, 0x00, 0x00, 0x00, 0x00, 0x00, 0x00, 0x00, 0x00, 0x00, 0x00, 0x00, 0x00,
  0x00, 0x00, 0x00, 0x00, 0x00, 0x00, 0x00, 0x00, 0x00, 0x00, 0x00, 0x00, 0x00, 0x00, 0x00, 0x00,
  0x00, 0x00, 0x00, 0x00, 0x00, 0x00, 0x00, 0x00, 0x00, 0x00, 0x00, 0x00, 0x00, 0x00, 0x00, 0x00,
  0x00, 0x00, 0x00, 0x00, 0x00, 0x00, 0x00, 0x00, 0x00, 0x00, 0x00, 0x00, 0x00, 0x00, 0x00, 0x00,
  0x00, 0x00, 0x00, 0x00, 0x00, 0x00, 0x00, 0x00, 0x00, 0x00, 0x00, 0x00, 0x00, 0x00, 0x00, 0x00,
  0x00, 0x00, 0x00, 0x00, 0x00, 0x00, 0x00, 0x00, 0x00, 0x00, 0x00, 0x00, 0x00, 0x00, 0x00, 0x00,
  0x00, 0x00, 0x00, 0x00, 0x00, 0x00, 0x00, 0x00, 0x00, 0x00, 0x00, 0x00, 0x00, 0x00, 0x00, 0x00,
  0x00, 0x00, 0x00, 0x00, 0x00, 0x00, 0x00, 0x00, 0x00, 0x00, 0x00, 0x00, 0x00, 0x00, 0x00, 0x00,
  0x00, 0x00, 0x00, 0x00, 0x00, 0x00, 0x00, 0x00, 0x00, 0x00, 0x00, 0x00, 0x00, 0x00, 0x00, 0x00,
  0x00, 0x00, 0x00, 0x00, 0x00, 0x00, 0x00, 0x00, 0x00, 0x00, 0x00, 0x00, 0x00, 0x00, 0x00, 0x00,
  0x00, 0x00, 0x00, 0x00, 0x00, 0x00, 0x00, 0x00, 0x00, 0x00, 0x00, 0x00, 0x00, 0x00, 0x00, 0x00,
  0x00, 0x00, 0x00, 0x00, 0x00, 0x00, 0x00, 0x00, 0x00, 0x00, 0x00, 0x00, 0x00, 0x00, 0x00, 0x00,
  0x00, 0x00, 0x00, 0x00, 0x00, 0x00, 0x00, 0x00, 0x00, 0x00, 0x00, 0x00, 0x00, 0x00, 0x00, 0x00,
  0x00, 0x00, 0x00, 0x00, 0x00, 0x00, 0x00, 0x00, 0x00, 0x00, 0x00, 0x00, 0x00, 0x00, 0x00, 0x00,
  0x00, 0x00, 0x00, 0x00, 0x00, 0x00, 0x00, 0x00, 0x00, 0x00, 0x00, 0x00, 0x00, 0x00, 0x00, 0x00,
  0x00, 0x00, 0x00, 0x00, 0x00, 0x00, 0x00, 0x00, 0x00, 0x00, 0x00, 0x00, 0x00, 0x00, 0x00, 0x00,
  0x00, 0x00, 0x00, 0x00, 0x00, 0x00, 0x00, 0x00, 0x00, 0x00, 0x00, 0x00, 0x00, 0x00, 0x00, 0x00,
  0x00, 0x00, 0x00, 0x00, 0x00, 0x00, 0x00, 0x00, 0x00, 0x00, 0x00, 0x00, 0x00, 0x00, 0x00, 0x00,
  0x00, 0x00, 0x00, 0x00, 0x00, 0x00, 0x00, 0x00, 0x00, 0x00, 0x00, 0x00, 0x00, 0x00, 0x00, 0x00,
  0x00, 0x00, 0x00, 0x00, 0x00, 0x00, 0x00, 0x00, 0x00, 0x00, 0x00, 0x00, 0x00, 0x00, 0x00, 0x00,
  0x00, 0x00, 0x00, 0x00, 0x00, 0x00, 0x00, 0x00, 0x00, 0x00, 0x00, 0x00, 0x00, 0x00, 0x00, 0x00,
  0x00, 0x00, 0x00, 0x00, 0x00, 0x00, 0x00, 0x00, 0x00, 0x00, 0x00, 0x00, 0x00, 0x00, 0x00, 0x00,
  0x00, 0x00, 0x00, 0x00, 0x00, 0x00, 0x00, 0x00, 0x00, 0x00, 0x00, 0x00, 0x00, 0x00, 0x00, 0x00,
  0x00, 0x00, 0x00, 0x00, 0x00, 0x00, 0x00, 0x00, 0x00, 0x00, 0x00, 0x00, 0x00, 0x00, 0x00, 0x00,
  0x00, 0x00, 0x00, 0x00, 0x00, 0x00, 0x00, 0x00, 0x00, 0x00, 0x00, 0x00, 0x00, 0x00, 0x00, 0x00,
  0x00, 0x00, 0x00, 0x00, 0x00, 0x00, 0x00, 0x00, 0x00, 0x00, 0x00, 0x00, 0x00, 0x00, 0x00, 0x00,
  0x00, 0x00, 0x00, 0x00, 0x00, 0x00, 0x00, 0x00, 0x00, 0x00, 0x00, 0x00, 0x00, 0x00, 0x00, 0x00,
  0x00, 0x00, 0x00, 0x00, 0x00, 0x00, 0x00, 0x00, 0x00, 0x00, 0x00, 0x00, 0x00, 0x00, 0x00, 0x00,
  0x00, 0x00, 0x00, 0x00, 0x00, 0x00, 0x00, 0x00, 0x00, 0x00, 0x00, 0x00, 0x00, 0x00, 0x00, 0x00,
  0x00, 0x00, 0x00, 0x00, 0x00, 0x00, 0x00, 0x00, 0x00, 0x00, 0x00, 0x00, 0x00, 0x00, 0x00, 0x00,
  0x00, 0x00, 0x00, 0x00, 0x00, 0x00, 0x00, 0x00, 0x00, 0x00, 0x00, 0x00, 0x00, 0x00, 0x00, 0x00,
  0x00, 0x00, 0x00, 0x00, 0x00, 0x00, 0x00, 0x00, 0x00, 0x00, 0x00, 0x00, 0x00, 0x00, 0x00, 0x00,
  0x00, 0x00, 0x00, 0x00, 0x00, 0x00, 0x00, 0x00, 0x00, 0x00, 0x00, 0x00, 0x00, 0x00, 0x00, 0x00,
  0x00, 0x00, 0x00, 0x00, 0x00, 0x00, 0x00, 0x00, 0x00, 0x00, 0x00, 0x00, 0x00, 0x00, 0x00, 0x00,
  0x00, 0x00, 0x00, 0x00, 0x00, 0x00, 0x00, 0x00, 0x00, 0x00, 0x00, 0x00, 0x00, 0x00, 0x00, 0x00,
  0x00, 0x00, 0x00, 0x00, 0x00, 0x00, 0x00, 0x00, 0x00, 0x00, 0x00, 0x00, 0x00, 0x00, 0x00, 0x00,
  0x00, 0x00, 0x00, 0x00, 0x00, 0x00, 0x00, 0x00, 0x00, 0x00, 0x00, 0x00, 0x00, 0x00, 0x00, 0x00,
  0x00, 0x00, 0x00, 0x00, 0x00, 0x00, 0x00, 0x00, 0x00, 0x00, 0x00, 0x00, 0x00, 0x00, 0x00, 0x00,
  0x00, 0x00, 0x00, 0x00, 0x00, 0x00, 0x00, 0x00, 0x00, 0x00, 0x00, 0x00, 0x00, 0x00, 0x00, 0x00,
  0x00, 0x00, 0x00, 0x00, 0x00, 0x00, 0x00, 0x00, 0x00, 0x00, 0x00, 0x00, 0x00, 0x00, 0x00, 0x00,
  0x00, 0x00, 0x00, 0x00, 0x00, 0x00, 0x00, 0x00, 0x00, 0x00, 0x00, 0x00, 0x00, 0x00, 0x00, 0x00,
  0x00, 0x00, 0x00, 0x00, 0x00, 0x00, 0x00, 0x00, 0x00, 0x00, 0x00, 0x00, 0x00, 0x00, 0x00, 0x00,
  0x00, 0x00, 0x00, 0x00, 0x00, 0x00, 0x00, 0x00, 0x00, 0x00, 0x00, 0x00, 0x00, 0x00, 0x00, 0x00,
  0x00, 0x00, 0x00, 0x00, 0x00, 0x00, 0x00, 0x00, 0x00, 0x00, 0x00, 0x00, 0x00, 0x00, 0x00, 0x00,
  0x00, 0x00, 0x00, 0x00, 0x00, 0x00, 0x00, 0x00, 0x00, 0x00, 0x00, 0x00, 0x00, 0x00, 0x00, 0x00,
  0x00, 0x00, 0x00, 0x00, 0x00, 0x00, 0x00, 0x00, 0x00, 0x00, 0x00, 0x00, 0x00, 0x00, 0x00, 0x00,
  0x00, 0x00, 0x00, 0x00, 0x00, 0x00, 0x00, 0x00, 0x00, 0x00, 0x00, 0x00, 0x00, 0x00, 0x00, 0x00,
  0x00, 0x00, 0x00, 0x00, 0x00, 0x00, 0x00, 0x00, 0x00, 0x00, 0x00, 0x00, 0x00, 0x00, 0x00, 0x00,
  0x00, 0x00, 0x00, 0x00, 0x00, 0x00, 0x00, 0x00, 0x00, 0x00, 0x00, 0x00, 0x00, 0x00, 0x00, 0x00,
  0x00, 0x00, 0x00, 0x00, 0x00, 0x00, 0x00, 0x00, 0x00, 0x00, 0x00, 0x00, 0x00, 0x00, 0x00, 0x00,
  0x00, 0x00, 0x00, 0x00, 0x00, 0x00, 0x00, 0x00, 0x00, 0x00, 0x00, 0x00, 0x00, 0x00, 0x00, 0x00,
  0x00, 0x00, 0x00, 0x00, 0x00, 0x00, 0x00, 0x00, 0x00, 0x00, 0x00, 0x00, 0x00, 0x00, 0x00, 0x00,
  0x00, 0x00, 0x00, 0x00, 0x00, 0x00, 0x00, 0x00, 0x00, 0x00, 0x00, 0x00, 0x00, 0x00, 0x00, 0x00,
  0x00, 0x00, 0x00, 0x00, 0x00, 0x00, 0x00, 0x00, 0x00, 0x00, 0x00, 0x00, 0x00, 0x00, 0x00, 0x00,
  0x00, 0x00, 0x00, 0x00, 0x00, 0x00, 0x00, 0x00, 0x00, 0x00, 0x00, 0x00, 0x00, 0x00, 0x00, 0x00,
  0x00, 0x00, 0x00, 0x00, 0x00, 0x00, 0x00, 0x00, 0x00, 0x00, 0x00, 0x00, 0x00, 0x00, 0x00, 0x00,
  0x00, 0x00, 0x00, 0x00, 0x00, 0x00, 0x00, 0x00, 0x00, 0x00, 0x00, 0x00, 0x00, 0x00, 0x00, 0x00,
  0x00, 0x00, 0x00, 0x00, 0x00, 0x00, 0x00, 0x00, 0x00, 0x00, 0x00, 0x00, 0x00, 0x00, 0x00, 0x00,
  0x00, 0x00, 0x00, 0x00, 0x00, 0x00, 0x00, 0x00, 0x00, 0x00, 0x00, 0x00, 0x00, 0x00, 0x00, 0x00,
  0x00, 0x00, 0x00, 0x00, 0x00, 0x00, 0x00, 0x00, 0x00, 0x00, 0x00, 0x00, 0x00, 0x00, 0x00, 0x00,
  0x00, 0x00, 0x00, 0x00, 0x00, 0x00, 0x00, 0x00, 0x00, 0x00, 0x00, 0x00, 0x00, 0x00, 0x00, 0x00,
  0x00, 0x00, 0x00, 0x00, 0x00, 0x00, 0x00, 0x00, 0x00, 0x00, 0x00, 0x00, 0x00, 0x00, 0x00, 0x00,
  0x00, 0x00, 0x00, 0x00, 0x00, 0x00, 0x00, 0x00, 0x00, 0x00, 0x00, 0x00, 0x00, 0x00, 0x00, 0x00,
  0x00, 0x00, 0x00, 0x00, 0x00, 0x00, 0x00, 0x00, 0x00, 0x00, 0x00, 0x00, 0x00, 0x00, 0x00, 0x00,
  0x00, 0x00, 0x00, 0x00, 0x00, 0x00, 0x00, 0x00, 0x00, 0x00, 0x00, 0x00, 0x00, 0x00, 0x00, 0x00,
  0x00, 0x00, 0x00, 0x00, 0x00, 0x00, 0x00, 0x00, 0x00, 0x00, 0x00, 0x00, 0x00, 0x00, 0x00, 0x00,
  0x00, 0x00, 0x00, 0x00, 0x00, 0x00, 0x00, 0x00, 0x00, 0x00, 0x00, 0x00, 0x00, 0x00, 0x00, 0x00,
  0x00, 0x00, 0x00, 0x00, 0x00, 0x00, 0x00, 0x00, 0x00, 0x00, 0x00, 0x00, 0x00, 0x00, 0x00, 0x00,
  0x00, 0x00, 0x00, 0x00, 0x00, 0x00, 0x00, 0x00, 0x00, 0x00, 0x00, 0x00, 0x00, 0x00, 0x00, 0x00,
  0x00, 0x00, 0x00, 0x00, 0x00, 0x00, 0x00, 0x00, 0x00, 0x00, 0x00, 0x00, 0x00, 0x00, 0x00, 0x00,
  0x00, 0x00, 0x00, 0x00, 0x00, 0x00, 0x00, 0x00, 0x00, 0x00, 0x00, 0x00, 0x00, 0x00, 0x00, 0x00,
  0x00, 0x00, 0x00, 0x00, 0x00, 0x00, 0x00, 0x00, 0x00, 0x00, 0x00, 0x00, 0x00, 0x00, 0x00, 0x00,
  0x00, 0x00, 0x00, 0x00, 0x00, 0x00, 0x00, 0x00, 0x00, 0x00, 0x00, 0x00, 0x00, 0x00, 0x00, 0x00,
  0x00, 0x00, 0x00, 0x00, 0x00, 0x00, 0x00, 0x00, 0x00, 0x00, 0x00, 0x00, 0x00, 0x00, 0x00, 0x00,
  0x00, 0x00, 0x00, 0x00, 0x00, 0x00, 0x00, 0x00, 0x00, 0x00, 0x00, 0x00, 0x00, 0x00, 0x00, 0x00,
  0x00, 0x00, 0x00, 0x00, 0x00, 0x00, 0x00, 0x00, 0x00, 0x00, 0x00, 0x00, 0x00, 0x00, 0x00, 0x00,
  0x00, 0x00, 0x00, 0x00, 0x00, 0x00, 0x00, 0x00, 0x00, 0x00, 0x00, 0x00, 0x00, 0x00, 0x00, 0x00,
  0x00, 0x00, 0x00, 0x00, 0x00, 0x00, 0x00, 0x00, 0x00, 0x00, 0x00, 0x00, 0x00, 0x00, 0x00, 0x00,
  0x00, 0x00, 0x00, 0x00, 0x00, 0x00, 0x00, 0x00, 0x00, 0x00, 0x00, 0x00, 0x00, 0x00, 0x00, 0x00,
  0x00, 0x00, 0x00, 0x00, 0x00, 0x00, 0x00, 0x00, 0x00, 0x00, 0x00, 0x00, 0x00, 0x00, 0x00, 0x00,
  0x00, 0x00, 0x00, 0x00, 0x00, 0x00, 0x00, 0x00, 0x00, 0x00, 0x00, 0x00, 0x00, 0x00, 0x00, 0x00,
  0x00, 0x00, 0x00, 0x00, 0x00, 0x00, 0x00, 0x00, 0x00, 0x00, 0x00, 0x00, 0x00, 0x00, 0x00, 0x00,
  0x00, 0x00, 0x00, 0x00, 0x00, 0x00, 0x00, 0x00, 0x00, 0x00, 0x00, 0x00, 0x00, 0x00, 0x00, 0x00,
  0x00, 0x00, 0x00, 0x00, 0x00, 0x00, 0x00, 0x00, 0x00, 0x00, 0x00, 0x00, 0x00, 0x00, 0x00, 0x00,
  0x00, 0x00, 0x00, 0x00, 0x00, 0x00, 0x00, 0x00, 0x00, 0x00, 0x00, 0x00, 0x00, 0x00, 0x00, 0x00,
  0x00, 0x00, 0x00, 0x00, 0x00, 0x00, 0x00, 0x00, 0x00, 0x00, 0x00, 0x00, 0x00, 0x00, 0x00, 0x00,
  0x00, 0x00, 0x00, 0x00, 0x00, 0x00, 0x00, 0x00, 0x00, 0x00, 0x00, 0x00, 0x00, 0x00, 0x00, 0x00,
  0x00, 0x00, 0x00, 0x00, 0x00, 0x00, 0x00, 0x00, 0x00, 0x00, 0x00, 0x00, 0x00, 0x00, 0x00, 0x00,
  0x00, 0x00, 0x00, 0x00, 0x00, 0x00, 0x00, 0x00, 0x00, 0x00, 0x00, 0x00, 0x07, 0x03, 0x04, 0xff,
  0x00, 0x00, 0x00, 0x00, 0x00, 0x00, 0x00, 0x00, 0x00, 0x00, 0x00, 0x00, 0x00, 0x00, 0x00, 0x00,
  0x00, 0x00, 0x00, 0x00, 0x00, 0x00, 0x00, 0x00, 0x00, 0x00, 0x00, 0x00, 0x00, 0x00, 0x00, 0x00,
  0x00, 0x00, 0x00, 0x00, 0x00, 0x00, 0x00, 0x00, 0x00, 0x00, 0x00, 0x00, 0x00, 0x00, 0x00, 0x00,
  0x00, 0x00, 0x00, 0x00, 0x00, 0x00, 0x00, 0x00, 0x00, 0x00, 0x00, 0x00, 0x00, 0x00, 0x00, 0x00,
  0x00, 0x00, 0x00, 0x00, 0x00, 0x00, 0x00, 0x00, 0x00, 0x00, 0x00, 0x00, 0x00, 0x00, 0x00, 0x00,
  0x00, 0x00, 0x00, 0x00, 0x00, 0x00, 0x00, 0x00, 0x00, 0x00, 0x00, 0x00, 0x00, 0x00, 0x00, 0x00,
  0x00, 0x00, 0x00, 0x00, 0x00, 0x00, 0x00, 0x00, 0x00, 0x00, 0x00, 0x00, 0x00, 0x00, 0x00, 0x00,
  0x00, 0x00, 0x00, 0x00, 0x00, 0x00, 0x00, 0x00, 0x00, 0x00, 0x00, 0x00, 0x00, 0x00, 0x00, 0x00,
  0x00, 0x00, 0x00, 0x00, 0x00, 0x00, 0x00, 0x00, 0x00, 0x00, 0x00, 0x00, 0x00, 0x00, 0x00, 0x00,
  0x00, 0x00, 0x00, 0x00, 0x00, 0x00, 0x00, 0x00, 0x00, 0x00, 0x00, 0x00, 0x00, 0x00, 0x00, 0x00,
  0x00, 0x00, 0x00, 0x00, 0x00, 0x00, 0x00, 0x00, 0x00, 0x00, 0x00, 0x00, 0x00, 0x00, 0x00, 0x00,
  0x00, 0x00, 0x00, 0x00, 0x00, 0x00, 0x00, 0x00, 0x00, 0x00, 0x00, 0x00, 0x00, 0x00, 0x00, 0x00,
  0x00, 0x00, 0x00, 0x00, 0x00, 0x00, 0x00, 0x00, 0x00, 0x00, 0x00, 0x00, 0x00, 0x00, 0x00, 0x00,
  0x00, 0x00, 0x00, 0x00, 0x00, 0x00, 0x00, 0x00, 0x00, 0x00, 0x00, 0x00, 0x00, 0x00, 0x00, 0x00,
  0x00, 0x00, 0x00, 0x00, 0x00, 0x00, 0x00, 0x00, 0x00, 0x00, 0x00, 0x00, 0x00, 0x00, 0x00, 0x00,
  0x00, 0x00, 0x00, 0x00, 0x00, 0x00, 0x00, 0x00, 0x00, 0x00, 0x00, 0x00, 0x00, 0x00, 0x00, 0x00,
  0x00, 0x00, 0x00, 0x00, 0x00, 0x00, 0x00, 0x00, 0x00, 0x00, 0x00, 0x00, 0x00, 0x00, 0x00, 0x00,
  0x00, 0x00, 0x00, 0x00, 0x00, 0x00, 0x00, 0x00, 0x00, 0x00, 0x00, 0x00, 0x00, 0x00, 0x00, 0x00,
  0x00, 0x00, 0x00, 0x00, 0x00, 0x00, 0x00, 0x00, 0x00, 0x00, 0x00, 0x00, 0x00, 0x00, 0x00, 0x00,
  0x00, 0x00, 0x00, 0x00, 0x00, 0x00, 0x00, 0x00, 0x00, 0x00, 0x00, 0x00, 0x00, 0x00, 0x00, 0x00,
  0x00, 0x00, 0x00, 0x00, 0x00, 0x00, 0x00, 0x00, 0x00, 0x00, 0x00, 0x00, 0x00, 0x00, 0x00, 0x00,
  0x00, 0x00, 0x00, 0x00, 0x00, 0x00, 0x00, 0x00, 0x00, 0x00, 0x00, 0x00, 0x00, 0x00, 0x00, 0x00,
  0x00, 0x00, 0x00, 0x00, 0x00, 0x00, 0x00, 0x00, 0x00, 0x00, 0x00, 0x00, 0x00, 0x00, 0x00, 0x00,
  0x00, 0x00, 0x00, 0x00, 0x00, 0x00, 0x00, 0x00, 0x00, 0x00, 0x00, 0x00, 0x00, 0x00, 0x00, 0x00,
  0x00, 0x00, 0x00, 0x00, 0x00, 0x00, 0x00, 0x00, 0x00, 0x00, 0x00, 0x00, 0x00, 0x00, 0x00, 0x00,
  0x00, 0x00, 0x00, 0x00, 0x00, 0x00, 0x00, 0x00, 0x00, 0x00, 0x00, 0x00, 0x00, 0x00, 0x00, 0x00,
  0x00, 0x00, 0x00, 0x00, 0x00, 0x00, 0x00, 0x00, 0x00, 0x00, 0x00, 0x00, 0x00, 0x00, 0x00, 0x00,
  0x00, 0x00, 0x00, 0x00, 0x00, 0x00, 0x00, 0x00, 0x00, 0x00, 0x00, 0x00, 0x00, 0x00, 0x00, 0x00,
  0x00, 0x00, 0x00, 0x00, 0x00, 0x00, 0x00, 0x00, 0x00, 0x00, 0x00, 0x00, 0x00, 0x00, 0x00, 0x00,
  0x00, 0x00, 0x00, 0x00, 0x00, 0x00, 0x00, 0x00, 0x00, 0x00, 0x00, 0x00, 0x00, 0x00, 0x00, 0x00,
  0x00, 0x00, 0x00, 0x00, 0x00, 0x00, 0x00, 0x00, 0x00, 0x00, 0x00, 0x00, 0x00, 0x00, 0x00, 0x00,
  0x00, 0x00, 0x00, 0x00, 0x00, 0x00, 0x00, 0x00, 0x00, 0x00, 0x00, 0x00, 0x00, 0x00, 0x00, 0x00,
  0x00, 0x00, 0x00, 0x00, 0x00, 0x00, 0x00, 0x00, 0x00, 0x00, 0x00, 0x00, 0x00, 0x00, 0x00, 0x00,
  0x00, 0x00, 0x00, 0x00, 0x00, 0x00, 0x00, 0x00, 0x00, 0x00, 0x00, 0x00, 0x00, 0x00, 0x00, 0x00,
  0x00, 0x00, 0x00, 0x00, 0x00, 0x00, 0x00, 0x00, 0x00, 0x00, 0x00, 0x00, 0x00, 0x00, 0x00, 0x00,
  0x00, 0x00, 0x00, 0x00, 0x00, 0x00, 0x00, 0x00, 0x00, 0x00, 0x00, 0x00, 0x00, 0x00, 0x00, 0x00,
  0x00, 0x00, 0x00, 0x00, 0x00, 0x00, 0x00, 0x00, 0x00, 0x00, 0x00, 0x00, 0x00, 0x00, 0x00, 0x00,
  0x00, 0x00, 0x00, 0x00, 0x00, 0x00, 0x00, 0x00, 0x00, 0x00, 0x00, 0x00, 0x00, 0x00, 0x00, 0x00,
  0x00, 0x00, 0x00, 0x00, 0x00, 0x00, 0x00, 0x00, 0x00, 0x00, 0x00, 0x00, 0x00, 0x00, 0x00, 0x00,
  0x00, 0x00, 0x00, 0x00, 0x00, 0x00, 0x00, 0x00, 0x00, 0x00, 0x00, 0x00, 0x00, 0x00, 0x00, 0x00,
  0x00, 0x00, 0x00, 0x00, 0x00, 0x00, 0x00, 0x00, 0x00, 0x00, 0x00, 0x00, 0x00, 0x00, 0x00, 0x00,
  0x00, 0x00, 0x00, 0x00, 0x00, 0x00, 0x00, 0x00, 0x00, 0x00, 0x00, 0x00, 0x00, 0x00, 0x00, 0x00,
  0x00, 0x00, 0x00, 0x00, 0x00, 0x00, 0x00, 0x00, 0x00, 0x00, 0x00, 0x00, 0x00, 0x00, 0x00, 0x00,
  0x00, 0x00, 0x00, 0x00, 0x00, 0x00, 0x00, 0x00, 0x00, 0x00, 0x00, 0x00, 0x00, 0x00, 0x00, 0x00,
  0x12, 0x00, 0x00, 0xff, 0x00, 0x00, 0x00, 0x00, 0x00, 0x00, 0x00, 0x00, 0x00, 0x00, 0x00, 0x00,
  0x00, 0x00, 0x00, 0x00, 0x00, 0x00, 0x00, 0x00, 0x00, 0x00, 0x00, 0x00, 0x00, 0x00, 0x00, 0x00,
  0x00, 0x00, 0x00, 0x00, 0x00, 0x00, 0x00, 0x00, 0x00, 0x00, 0x00, 0x00, 0x00, 0x00, 0x00, 0x00,
  0x00, 0x00, 0x00, 0x00, 0x00, 0x00, 0x00, 0x00, 0x00, 0x00, 0x00, 0x00, 0x09, 0x00, 0x00, 0xff,
  0x00, 0x00, 0x00, 0x00, 0x00, 0x00, 0x00, 0x00, 0x00, 0x00, 0x00, 0x00, 0x00, 0x00, 0x00, 0x00,
  0x00, 0x00, 0x00, 0x00, 0x00, 0x00, 0x00, 0x00, 0x00, 0x00, 0x00, 0x00, 0x00, 0x00, 0x00, 0x00,
  0x00, 0x00, 0x00, 0x00, 0x00, 0x00, 0x00, 0x00, 0x00, 0x00, 0x00, 0x00, 0x00, 0x00, 0x00, 0x00,
  0x00, 0x00, 0x00, 0x00, 0x00, 0x00, 0x00, 0x00, 0x00, 0x00, 0x00, 0x00, 0x00, 0x00, 0x00, 0x00,
  0x00, 0x00, 0x00, 0x00, 0x00, 0x00, 0x00, 0x00, 0x00, 0x00, 0x00, 0x00, 0x00, 0x00, 0x00, 0x00,
  0x00, 0x00, 0x00, 0x00, 0x00, 0x00, 0x00, 0x00, 0x00, 0x00, 0x00, 0x00, 0x00, 0x00, 0x00, 0x00,
  0x00, 0x00, 0x00, 0x00, 0x00, 0x00, 0x00, 0x00, 0x00, 0x00, 0x00, 0x00, 0x00, 0x00, 0x00, 0x00,
  0x00, 0x00, 0x00, 0x00, 0x00, 0x00, 0x00, 0x00, 0x00, 0x00, 0x00, 0x00, 0x00, 0x00, 0x00, 0x00,
  0x00, 0x00, 0x00, 0x00, 0x00, 0x00, 0x00, 0x00, 0x00, 0x00, 0x00, 0x00, 0x00, 0x00, 0x00, 0x00,
  0x00, 0x00, 0x00, 0x00, 0x00, 0x00, 0x00, 0x00, 0x00, 0x00, 0x00, 0x00, 0x00, 0x00, 0x00, 0x00,
  0x00, 0x00, 0x00, 0x00, 0x00, 0x00, 0x00, 0x00, 0x00, 0x00, 0x00, 0x00, 0x00, 0x00, 0x00, 0x00,
  0x00, 0x00, 0x00, 0x00, 0x00, 0x00, 0x00, 0x00, 0x00, 0x00, 0x00, 0x00, 0x00, 0x00, 0x00, 0x00,
  0x00, 0x00, 0x00, 0x00, 0x00, 0x00, 0x00, 0x00, 0x00, 0x00, 0x00, 0x00, 0x00, 0x00, 0x00, 0x00,
  0x00, 0x00, 0x00, 0x00, 0x00, 0x00, 0x00, 0x00, 0x00, 0x00, 0x00, 0x00, 0x00, 0x00, 0x00, 0x00,
  0x00, 0x00, 0x00, 0x00, 0x00, 0x00, 0x00, 0x00, 0x00, 0x00, 0x00, 0x00, 0x00, 0x00, 0x00, 0x00,
  0x00, 0x00, 0x00, 0x00, 0x00, 0x00, 0x00, 0x00, 0x00, 0x00, 0x00, 0x00, 0x00, 0x00, 0x00, 0x00,
  0x00, 0x00, 0x00, 0x00, 0x00, 0x00, 0x00, 0x00, 0x00, 0x00, 0x00, 0x00, 0x00, 0x00, 0x00, 0x00,
  0x00, 0x00, 0x00, 0x00, 0x00, 0x00, 0x00, 0x00, 0x00, 0x00, 0x00, 0x00, 0x00, 0x00, 0x00, 0x00,
  0x00, 0x00, 0x00, 0x00, 0x00, 0x00, 0x00, 0x00, 0x00, 0x00, 0x00, 0x00, 0x00, 0x00, 0x00, 0x00,
  0x00, 0x00, 0x00, 0x00, 0x00, 0x00, 0x00, 0x00, 0x00, 0x00, 0x00, 0x00, 0x00, 0x00, 0x00, 0x00,
  0x00, 0x00, 0x00, 0x00, 0x00, 0x00, 0x00, 0x00, 0x00, 0x00, 0x00, 0x00, 0x00, 0x00, 0x00, 0x00,
  0x00, 0x00, 0x00, 0x00, 0x00, 0x00, 0x00, 0x00, 0x00, 0x00, 0x00, 0x00, 0x00, 0x00, 0x00, 0x00,
  0x00, 0x00, 0x00, 0x00, 0x00, 0x00, 0x00, 0x00, 0x00, 0x00, 0x00, 0x00, 0x00, 0x00, 0x00, 0x00,
  0x00, 0x00, 0x00, 0x00, 0x00, 0x00, 0x00, 0x00, 0x00, 0x00, 0x00, 0x00, 0x00, 0x00, 0x00, 0x00,
  0x00, 0x00, 0x00, 0x00, 0x00, 0x00, 0x00, 0x00, 0x00, 0x00, 0x00, 0x00, 0x00, 0x00, 0x00, 0x00,
  0x00, 0x00, 0x00, 0x00, 0x00, 0x00, 0x00, 0x00, 0x00, 0x00, 0x00, 0x00, 0x00, 0x00, 0x00, 0x00,
  0x00, 0x00, 0x00, 0x00, 0x00, 0x00, 0x00, 0x00, 0x00, 0x00, 0x00, 0x00, 0x00, 0x00, 0x00, 0x00,
  0x00, 0x00, 0x00, 0x00, 0x00, 0x00, 0x00, 0x00, 0x00, 0x00, 0x00, 0x00, 0x00, 0x00, 0x00, 0x00,
  0x00, 0x00, 0x00, 0x00, 0x00, 0x00, 0x00, 0x00, 0x00, 0x00, 0x00, 0x00, 0x00, 0x00, 0x00, 0x00,
  0x00, 0x00, 0x00, 0x00, 0x00, 0x00, 0x00, 0x00, 0x00, 0x00, 0x00, 0x00, 0x00, 0x00, 0x00, 0x00,
  0x00, 0x00, 0x00, 0x00, 0x00, 0x00, 0x00, 0x00, 0x00, 0x00, 0x00, 0x00, 0x00, 0x00, 0x00, 0x00,
  0x00, 0x00, 0x00, 0x00, 0x00, 0x00, 0x00, 0x00, 0x00, 0x00, 0x00, 0x00, 0x00, 0x00, 0x00, 0x00,
  0x00, 0x00, 0x00, 0x00, 0x00, 0x00, 0x00, 0x00, 0x00, 0x00, 0x00, 0x00, 0x00, 0x00, 0x00, 0x00,
  0x00, 0x00, 0x00, 0x00, 0x00, 0x00, 0x00, 0x00, 0x00, 0x00, 0x00, 0x00, 0x00, 0x00, 0x00, 0x00,
  0x00, 0x00, 0x00, 0x00, 0x00, 0x00, 0x00, 0x00, 0x00, 0x00, 0x00, 0x00, 0x00, 0x00, 0x00, 0x00,
  0x00, 0x00, 0x00, 0x00, 0x00, 0x00, 0x00, 0x00, 0x00, 0x00, 0x00, 0x00, 0x00, 0x00, 0x00, 0x00,
  0x00, 0x00, 0x00, 0x00, 0x00, 0x00, 0x00, 0x00, 0x00, 0x00, 0x00, 0x00, 0x00, 0x00, 0x00, 0x00,
  0x00, 0x00, 0x00, 0x00, 0x00, 0x00, 0x00, 0x00, 0x00, 0x00, 0x00, 0x00, 0x00, 0x00, 0x00, 0x00,
  0x00, 0x00, 0x00, 0x00, 0x00, 0x00, 0x00, 0x00, 0x00, 0x00, 0x00, 0x00, 0x00, 0x00, 0x00, 0x00,
  0x00, 0x00, 0x00, 0x00, 0x00, 0x00, 0x00, 0x00, 0x00, 0x00, 0x00, 0x00, 0x00, 0x00, 0x00, 0x00,
  0x00, 0x00, 0x00, 0x00, 0x00, 0x00, 0x00, 0x00, 0x00, 0x00, 0x00, 0x00, 0x00, 0x00, 0x00, 0x00,
  0x00, 0x00, 0x00, 0x00, 0x00, 0x00, 0x00, 0x00, 0x00, 0x00, 0x00, 0x00, 0x00, 0x00, 0x00, 0x00,
  0x00, 0x00, 0x00, 0x00, 0x00, 0x00, 0x00, 0x00, 0x00, 0x00, 0x00, 0x00, 0x00, 0x00, 0x00, 0x00,
  0x00, 0x00, 0x00, 0x00, 0x00, 0x00, 0x00, 0x00, 0x00, 0x00, 0x00, 0x00, 0x00, 0x00, 0x00, 0x00,
  0xac, 0x1b, 0x25, 0xff, 0x00, 0x00, 0x00, 0x00, 0x00, 0x00, 0x00, 0x00, 0x00, 0x00, 0x00, 0x00,
  0x00, 0x00, 0x00, 0x00, 0x00, 0x00, 0x00, 0x00, 0x00, 0x00, 0x00, 0x00, 0x00, 0x00, 0x00, 0x00,
  0x00, 0x00, 0x00, 0x00, 0x00, 0x00, 0x00, 0x00, 0x00, 0x00, 0x00, 0x00, 0x00, 0x00, 0x00, 0x00,
  0x00, 0x00, 0x00, 0x00, 0x00, 0x00, 0x00, 0x00, 0x00, 0x00, 0x00, 0x00, 0x14, 0x00, 0x00, 0xff,
  0x17, 0x0b, 0x0a, 0xff, 0x00, 0x00, 0x00, 0x00, 0x00, 0x00, 0x00, 0x00, 0x00, 0x00, 0x00, 0x00,
  0x00, 0x00, 0x00, 0x00, 0x00, 0x00, 0x00, 0x00, 0x00, 0x00, 0x00, 0x00, 0x00, 0x00, 0x00, 0x00,
  0x00, 0x00, 0x00, 0x00, 0x00, 0x00, 0x00, 0x00, 0x00, 0x00, 0x00, 0x00, 0x00, 0x00, 0x00, 0x00,
  0x00, 0x00, 0x00, 0x00, 0x00, 0x00, 0x00, 0x00, 0x00, 0x00, 0x00, 0x00, 0x00, 0x00, 0x00, 0x00,
  0x00, 0x00, 0x00, 0x00, 0x00, 0x00, 0x00, 0x00, 0x00, 0x00, 0x00, 0x00, 0x00, 0x00, 0x00, 0x00,
  0x00, 0x00, 0x00, 0x00, 0x00, 0x00, 0x00, 0x00, 0x00, 0x00, 0x00, 0x00, 0x00, 0x00, 0x00, 0x00,
  0x00, 0x00, 0x00, 0x00, 0x00, 0x00, 0x00, 0x00, 0x00, 0x00, 0x00, 0x00, 0x00, 0x00, 0x00, 0x00,
  0x00, 0x00, 0x00, 0x00, 0x00, 0x00, 0x00, 0x00, 0x00, 0x00, 0x00, 0x00, 0x00, 0x00, 0x00, 0x00,
  0x00, 0x00, 0x00, 0x00, 0x00, 0x00, 0x00, 0x00, 0x00, 0x00, 0x00, 0x00, 0x00, 0x00, 0x00, 0x00,
  0x00, 0x00, 0x00, 0x00, 0x00, 0x00, 0x00, 0x00, 0x00, 0x00, 0x00, 0x00, 0x00, 0x00, 0x00, 0x00,
  0x00, 0x00, 0x00, 0x00, 0x00, 0x00, 0x00, 0x00, 0x00, 0x00, 0x00, 0x00, 0x00, 0x00, 0x00, 0x00,
  0x00, 0x00, 0x00, 0x00, 0x00, 0x00, 0x00, 0x00, 0x00, 0x00, 0x00, 0x00, 0x00, 0x00, 0x00, 0x00,
  0x00, 0x00, 0x00, 0x00, 0x00, 0x00, 0x00, 0x00, 0x00, 0x00, 0x00, 0x00, 0x00, 0x00, 0x00, 0x00,
  0x00, 0x00, 0x00, 0x00, 0x00, 0x00, 0x00, 0x00, 0x00, 0x00, 0x00, 0x00, 0x00, 0x00, 0x00, 0x00,
  0x00, 0x00, 0x00, 0x00, 0x00, 0x00, 0x00, 0x00, 0x00, 0x00, 0x00, 0x00, 0x00, 0x00, 0x00, 0x00,
  0x00, 0x00, 0x00, 0x00, 0x00, 0x00, 0x00, 0x00, 0x00, 0x00, 0x00, 0x00, 0x00, 0x00, 0x00, 0x00,
  0x00, 0x00, 0x00, 0x00, 0x00, 0x00, 0x00, 0x00, 0x00, 0x00, 0x00, 0x00, 0x00, 0x00, 0x00, 0x00,
  0x00, 0x00, 0x00, 0x00, 0x00, 0x00, 0x00, 0x00, 0x00, 0x00, 0x00, 0x00, 0x00, 0x00, 0x00, 0x00,
  0x00, 0x00, 0x00, 0x00, 0x00, 0x00, 0x00, 0x00, 0x00, 0x00, 0x00, 0x00, 0x00, 0x00, 0x00, 0x00,
  0x00, 0x00, 0x00, 0x00, 0x00, 0x00, 0x00, 0x00, 0x00, 0x00, 0x00, 0x00, 0x00, 0x00, 0x00, 0x00,
  0x00, 0x00, 0x00, 0x00, 0x00, 0x00, 0x00, 0x00, 0x00, 0x00, 0x00, 0x00, 0x00, 0x00, 0x00, 0x00,
  0x00, 0x00, 0x00, 0x00, 0x00, 0x00, 0x00, 0x00, 0x00, 0x00, 0x00, 0x00, 0x00, 0x00, 0x00, 0x00,
  0x00, 0x00, 0x00, 0x00, 0x00, 0x00, 0x00, 0x00, 0x00, 0x00, 0x00, 0x00, 0x00, 0x00, 0x00, 0x00,
  0x00, 0x00, 0x00, 0x00, 0x00, 0x00, 0x00, 0x00, 0x00, 0x00, 0x00, 0x00, 0x00, 0x00, 0x00, 0x00,
  0x00, 0x00, 0x00, 0x00, 0x00, 0x00, 0x00, 0x00, 0x00, 0x00, 0x00, 0x00, 0x00, 0x00, 0x00, 0x00,
  0x00, 0x00, 0x00, 0x00, 0x00, 0x00, 0x00, 0x00, 0x00, 0x00, 0x00, 0x00, 0x00, 0x00, 0x00, 0x00,
  0x00, 0x00, 0x00, 0x00, 0x00, 0x00, 0x00, 0x00, 0x00, 0x00, 0x00, 0x00, 0x00, 0x00, 0x00, 0x00,
  0x00, 0x00, 0x00, 0x00, 0x00, 0x00, 0x00, 0x00, 0x00, 0x00, 0x00, 0x00, 0x00, 0x00, 0x00, 0x00,
  0x00, 0x00, 0x00, 0x00, 0x00, 0x00, 0x00, 0x00, 0x00, 0x00, 0x00, 0x00, 0x00, 0x00, 0x00, 0x00,
  0x00, 0x00, 0x00, 0x00, 0x00, 0x00, 0x00, 0x00, 0x00, 0x00, 0x00, 0x00, 0x00, 0x00, 0x00, 0x00,
  0x00, 0x00, 0x00, 0x00, 0x00, 0x00, 0x00, 0x00, 0x00, 0x00, 0x00, 0x00, 0x00, 0x00, 0x00, 0x00,
  0x00, 0x00, 0x00, 0x00, 0x00, 0x00, 0x00, 0x00, 0x00, 0x00, 0x00, 0x00, 0x00, 0x00, 0x00, 0x00,
  0x00, 0x00, 0x00, 0x00, 0x00, 0x00, 0x00, 0x00, 0x00, 0x00, 0x00, 0x00, 0x00, 0x00, 0x00, 0x00,
  0x00, 0x00, 0x00, 0x00, 0x00, 0x00, 0x00, 0x00, 0x00, 0x00, 0x00, 0x00, 0x00, 0x00, 0x00, 0x00,
  0x00, 0x00, 0x00, 0x00, 0x00, 0x00, 0x00, 0x00, 0x00, 0x00, 0x00, 0x00, 0x00, 0x00, 0x00, 0x00,
  0x00, 0x00, 0x00, 0x00, 0x00, 0x00, 0x00, 0x00, 0x00, 0x00, 0x00, 0x00, 0x00, 0x00, 0x00, 0x00,
  0x00, 0x00, 0x00, 0x00, 0x00, 0x00, 0x00, 0x00, 0x00, 0x00, 0x00, 0x00, 0x00, 0x00, 0x00, 0x00,
  0x00, 0x00, 0x00, 0x00, 0x00, 0x00, 0x00, 0x00, 0x00, 0x00, 0x00, 0x00, 0x00, 0x00, 0x00, 0x00,
  0x00, 0x00, 0x00, 0x00, 0x00, 0x00, 0x00, 0x00, 0x00, 0x00, 0x00, 0x00, 0x00, 0x00, 0x00, 0x00,
  0x00, 0x00, 0x00, 0x00, 0x00, 0x00, 0x00, 0x00, 0x00, 0x00, 0x00, 0x00, 0x00, 0x00, 0x00, 0x00,
  0x00, 0x00, 0x00, 0x00, 0x00, 0x00, 0x00, 0x00, 0x00, 0x00, 0x00, 0x00, 0x00, 0x00, 0x00, 0x00,
  0x00, 0x00, 0x00, 0x00, 0x00, 0x00, 0x00, 0x00, 0x00, 0x00, 0x00, 0x00, 0x00, 0x00, 0x00, 0x00,
  0x00, 0x00, 0x00, 0x00, 0x00, 0x00, 0x00, 0x00, 0x00, 0x00, 0x00, 0x00, 0x00, 0x00, 0x00, 0x00,
  0x00, 0x00, 0x00, 0x00, 0x00, 0x00, 0x00, 0x00, 0x00, 0x00, 0x00, 0x00, 0x08, 0x08, 0x05, 0xff,
  0xac, 0x10, 0x1f, 0xff, 0x00, 0x00, 0x00, 0x00, 0x00, 0x00, 0x00, 0x00, 0x00, 0x00, 0x00, 0x00,
  0x00, 0x00, 0x00, 0x00, 0x00, 0x00, 0x00, 0x00, 0x00, 0x00, 0x00, 0x00, 0x00, 0x00, 0x00, 0x00,
  0x00, 0x00, 0x00, 0x00, 0x00, 0x00, 0x00, 0x00, 0x00, 0x00, 0x00, 0x00, 0x00, 0x00, 0x00, 0x00,
  0x00, 0x00, 0x00, 0x00, 0x00, 0x00, 0x00, 0x00, 0x00, 0x00, 0x00, 0x00, 0x1e, 0x00, 0x00, 0xff,
  0x76, 0x13, 0x1b, 0xff, 0x00, 0x00, 0x00, 0x00, 0x00, 0x00, 0x00, 0x00, 0x00, 0x00, 0x00, 0x00,
  0x00, 0x00, 0x00, 0x00, 0x00, 0x00, 0x00, 0x00, 0x00, 0x00, 0x00, 0x00, 0x00, 0x00, 0x00, 0x00,
  0x00, 0x00, 0x00, 0x00, 0x00, 0x00, 0x00, 0x00, 0x00, 0x00, 0x00, 0x00, 0x00, 0x00, 0x00, 0x00,
  0x00, 0x00, 0x00, 0x00, 0x00, 0x00, 0x00, 0x00, 0x00, 0x00, 0x00, 0x00, 0x00, 0x00, 0x00, 0x00,
  0x00, 0x00, 0x00, 0x00, 0x00, 0x00, 0x00, 0x00, 0x00, 0x00, 0x00, 0x00, 0x00, 0x00, 0x00, 0x00,
  0x00, 0x00, 0x00, 0x00, 0x00, 0x00, 0x00, 0x00, 0x00, 0x00, 0x00, 0x00, 0x00, 0x00, 0x00, 0x00,
  0x00, 0x00, 0x00, 0x00, 0x00, 0x00, 0x00, 0x00, 0x00, 0x00, 0x00, 0x00, 0x00, 0x00, 0x00, 0x00,
  0x00, 0x00, 0x00, 0x00, 0x00, 0x00, 0x00, 0x00, 0x00, 0x00, 0x00, 0x00, 0x00, 0x00, 0x00, 0x00,
  0x00, 0x00, 0x00, 0x00, 0x00, 0x00, 0x00, 0x00, 0x00, 0x00, 0x00, 0x00, 0x00, 0x00, 0x00, 0x00,
  0x00, 0x00, 0x00, 0x00, 0x00, 0x00, 0x00, 0x00, 0x00, 0x00, 0x00, 0x00, 0x00, 0x00, 0x00, 0x00,
  0x00, 0x00, 0x00, 0x00, 0x00, 0x00, 0x00, 0x00, 0x00, 0x00, 0x00, 0x00, 0x00, 0x00, 0x00, 0x00,
  0x00, 0x00, 0x00, 0x00, 0x00, 0x00, 0x00, 0x00, 0x00, 0x00, 0x00, 0x00, 0x00, 0x00, 0x00, 0x00,
  0x00, 0x00, 0x00, 0x00, 0x00, 0x00, 0x00, 0x00, 0x00, 0x00, 0x00, 0x00, 0x00, 0x00, 0x00, 0x00,
  0x00, 0x00, 0x00, 0x00, 0x00, 0x00, 0x00, 0x00, 0x00, 0x00, 0x00, 0x00, 0x00, 0x00, 0x00, 0x00,
  0x00, 0x00, 0x00, 0x00, 0x00, 0x00, 0x00, 0x00, 0x00, 0x00, 0x00, 0x00, 0x00, 0x00, 0x00, 0x00,
  0x00, 0x00, 0x00, 0x00, 0x00, 0x00, 0x00, 0x00, 0x00, 0x00, 0x00, 0x00, 0x00, 0x00, 0x00, 0x00,
  0x00, 0x00, 0x00, 0x00, 0x00, 0x00, 0x00, 0x00, 0x00, 0x00, 0x00, 0x00, 0x00, 0x00, 0x00, 0x00,
  0x00, 0x00, 0x00, 0x00, 0x00, 0x00, 0x00, 0x00, 0x00, 0x00, 0x00, 0x00, 0x00, 0x00, 0x00, 0x00,
  0x00, 0x00, 0x00, 0x00, 0x00, 0x00, 0x00, 0x00, 0x00, 0x00, 0x00, 0x00, 0x00, 0x00, 0x00, 0x00,
  0x00, 0x00, 0x00, 0x00, 0x00, 0x00, 0x00, 0x00, 0x00, 0x00, 0x00, 0x00, 0x00, 0x00, 0x00, 0x00,
  0x00, 0x00, 0x00, 0x00, 0x00, 0x00, 0x00, 0x00, 0x00, 0x00, 0x00, 0x00, 0x00, 0x00, 0x00, 0x00,
  0x00, 0x00, 0x00, 0x00, 0x00, 0x00, 0x00, 0x00, 0x00, 0x00, 0x00, 0x00, 0x00, 0x00, 0x00, 0x00,
  0x00, 0x00, 0x00, 0x00, 0x00, 0x00, 0x00, 0x00, 0x00, 0x00, 0x00, 0x00, 0x00, 0x00, 0x00, 0x00,
  0x00, 0x00, 0x00, 0x00, 0x00, 0x00, 0x00, 0x00, 0x00, 0x00, 0x00, 0x00, 0x00, 0x00, 0x00, 0x00,
  0x00, 0x00, 0x00, 0x00, 0x00, 0x00, 0x00, 0x00, 0x00, 0x00, 0x00, 0x00, 0x00, 0x00, 0x00, 0x00,
  0x00, 0x00, 0x00, 0x00, 0x00, 0x00, 0x00, 0x00, 0x00, 0x00, 0x00, 0x00, 0x00, 0x00, 0x00, 0x00,
  0x00, 0x00, 0x00, 0x00, 0x00, 0x00, 0x00, 0x00, 0x00, 0x00, 0x00, 0x00, 0x00, 0x00, 0x00, 0x00,
  0x00, 0x00, 0x00, 0x00, 0x00, 0x00, 0x00, 0x00, 0x00, 0x00, 0x00, 0x00, 0x00, 0x00, 0x00, 0x00,
  0x00, 0x00, 0x00, 0x00, 0x00, 0x00, 0x00, 0x00, 0x00, 0x00, 0x00, 0x00, 0x00, 0x00, 0x00, 0x00,
  0x00, 0x00, 0x00, 0x00, 0x00, 0x00, 0x00, 0x00, 0x00, 0x00, 0x00, 0x00, 0x00, 0x00, 0x00, 0x00,
  0x00, 0x00, 0x00, 0x00, 0x00, 0x00, 0x00, 0x00, 0x00, 0x00, 0x00, 0x00, 0x00, 0x00, 0x00, 0x00,
  0x00, 0x00, 0x00, 0x00, 0x00, 0x00, 0x00, 0x00, 0x00, 0x00, 0x00, 0x00, 0x00, 0x00, 0x00, 0x00,
  0x00, 0x00, 0x00, 0x00, 0x00, 0x00, 0x00, 0x00, 0x00, 0x00, 0x00, 0x00, 0x00, 0x00, 0x00, 0x00,
  0x00, 0x00, 0x00, 0x00, 0x00, 0x00, 0x00, 0x00, 0x00, 0x00, 0x00, 0x00, 0x00, 0x00, 0x00, 0x00,
  0x00, 0x00, 0x00, 0x00, 0x00, 0x00, 0x00, 0x00, 0x00, 0x00, 0x00, 0x00, 0x00, 0x00, 0x00, 0x00,
  0x00, 0x00, 0x00, 0x00, 0x00, 0x00, 0x00, 0x00, 0x00, 0x00, 0x00, 0x00, 0x00, 0x00, 0x00, 0x00,
  0x00, 0x00, 0x00, 0x00, 0x00, 0x00, 0x00, 0x00, 0x00, 0x00, 0x00, 0x00, 0x00, 0x00, 0x00, 0x00,
  0x00, 0x00, 0x00, 0x00, 0x00, 0x00, 0x00, 0x00, 0x00, 0x00, 0x00, 0x00, 0x00, 0x00, 0x00, 0x00,
  0x00, 0x00, 0x00, 0x00, 0x00, 0x00, 0x00, 0x00, 0x00, 0x00, 0x00, 0x00, 0x00, 0x00, 0x00, 0x00,
  0x00, 0x00, 0x00, 0x00, 0x00, 0x00, 0x00, 0x00, 0x00, 0x00, 0x00, 0x00, 0x00, 0x00, 0x00, 0x00,
  0x00, 0x00, 0x00, 0x00, 0x00, 0x00, 0x00, 0x00, 0x00, 0x00, 0x00, 0x00, 0x00, 0x00, 0x00, 0x00,
  0x32, 0x25, 0x23, 0xff, 0x00, 0x00, 0x00, 0x00, 0x00, 0x00, 0x00, 0x00, 0x00, 0x00, 0x00, 0x00,
  0x00, 0x00, 0x00, 0x00, 0x00, 0x00, 0x00, 0x00, 0x00, 0x00, 0x00, 0x00, 0x00, 0x00, 0x00, 0x00,
  0x00, 0x00, 0x00, 0x00, 0x12, 0x06, 0x06, 0xff, 0x00, 0x00, 0x00, 0x00, 0x2f, 0x05, 0x04, 0xff,
  0xa6, 0x13, 0x1f, 0xff, 0x00, 0x00, 0x00, 0x00, 0x00, 0x00, 0x00, 0x00, 0x00, 0x00, 0x00, 0x00,
  0x00, 0x00, 0x00, 0x00, 0x00, 0x00, 0x00, 0x00, 0x00, 0x00, 0x00, 0x00, 0x00, 0x00, 0x00, 0x00,
  0x00, 0x00, 0x00, 0x00, 0x00, 0x00, 0x00, 0x00, 0x00, 0x00, 0x00, 0x00, 0x00, 0x00, 0x00, 0x00,
  0x00, 0x00, 0x00, 0x00, 0x00, 0x00, 0x00, 0x00, 0x00, 0x00, 0x00, 0x00, 0x1e, 0x00, 0x00, 0xff,
  0x9d, 0x0e, 0x17, 0xff, 0xc4, 0x96, 0x8e, 0xff, 0x6f, 0x4e, 0x4b, 0xff, 0x00, 0x00, 0x00, 0x00,
  0x00, 0x00, 0x00, 0x00, 0x00, 0x00, 0x00, 0x00, 0x00, 0x00, 0x00, 0x00, 0x06, 0x02, 0x00, 0xff,
  0x00, 0x00, 0x00, 0x00, 0x00, 0x00, 0x00, 0x00, 0x00, 0x00, 0x00, 0x00, 0x00, 0x00, 0x00, 0x00,
  0x00, 0x00, 0x00, 0x00, 0x00, 0x00, 0x00, 0x00, 0x00, 0x00, 0x00, 0x00, 0x00, 0x00, 0x00, 0x00,
  0x00, 0x00, 0x00, 0x00, 0x00, 0x00, 0x00, 0x00, 0x00, 0x00, 0x00, 0x00, 0x00, 0x00, 0x00, 0x00,
  0x00, 0x00, 0x00, 0x00, 0x00, 0x00, 0x00, 0x00, 0x00, 0x00, 0x00, 0x00, 0x00, 0x00, 0x00, 0x00,
  0x00, 0x00, 0x00, 0x00, 0x00, 0x00, 0x00, 0x00, 0x00, 0x00, 0x00, 0x00, 0x00, 0x00, 0x00, 0x00,
  0x00, 0x00, 0x00, 0x00, 0x00, 0x00, 0x00, 0x00, 0x00, 0x00, 0x00, 0x00, 0x00, 0x00, 0x00, 0x00,
  0x00, 0x00, 0x00, 0x00, 0x00, 0x00, 0x00, 0x00, 0x00, 0x00, 0x00, 0x00, 0x00, 0x00, 0x00, 0x00,
  0x00, 0x00, 0x00, 0x00, 0x00, 0x00, 0x00, 0x00, 0x00, 0x00, 0x00, 0x00, 0x00, 0x00, 0x00, 0x00,
  0x00, 0x00, 0x00, 0x00, 0x00, 0x00, 0x00, 0x00, 0x00, 0x00, 0x00, 0x00, 0x00, 0x00, 0x00, 0x00,
  0x00, 0x00, 0x00, 0x00, 0x00, 0x00, 0x00, 0x00, 0x00, 0x00, 0x00, 0x00, 0x00, 0x00, 0x00, 0x00,
  0x00, 0x00, 0x00, 0x00, 0x00, 0x00, 0x00, 0x00, 0x00, 0x00, 0x00, 0x00, 0x00, 0x00, 0x00, 0x00,
  0x00, 0x00, 0x00, 0x00, 0x00, 0x00, 0x00, 0x00, 0x00, 0x00, 0x00, 0x00, 0x00, 0x00, 0x00, 0x00,
  0x00, 0x00, 0x00, 0x00, 0x00, 0x00, 0x00, 0x00, 0x00, 0x00, 0x00, 0x00, 0x00, 0x00, 0x00, 0x00,
  0x00, 0x00, 0x00, 0x00, 0x00, 0x00, 0x00, 0x00, 0x00, 0x00, 0x00, 0x00, 0x00, 0x00, 0x00, 0x00,
  0x00, 0x00, 0x00, 0x00, 0x00, 0x00, 0x00, 0x00, 0x00, 0x00, 0x00, 0x00, 0x00, 0x00, 0x00, 0x00,
  0x00, 0x00, 0x00, 0x00, 0x00, 0x00, 0x00, 0x00, 0x00, 0x00, 0x00, 0x00, 0x00, 0x00, 0x00, 0x00,
  0x00, 0x00, 0x00, 0x00, 0x00, 0x00, 0x00, 0x00, 0x00, 0x00, 0x00, 0x00, 0x00, 0x00, 0x00, 0x00,
  0x00, 0x00, 0x00, 0x00, 0x00, 0x00, 0x00, 0x00, 0x00, 0x00, 0x00, 0x00, 0x00, 0x00, 0x00, 0x00,
  0x00, 0x00, 0x00, 0x00, 0x00, 0x00, 0x00, 0x00, 0x00, 0x00, 0x00, 0x00, 0x00, 0x00, 0x00, 0x00,
  0x00, 0x00, 0x00, 0x00, 0x00, 0x00, 0x00, 0x00, 0x00, 0x00, 0x00, 0x00, 0x00, 0x00, 0x00, 0x00,
  0x00, 0x00, 0x00, 0x00, 0x00, 0x00, 0x00, 0x00, 0x00, 0x00, 0x00, 0x00, 0x00, 0x00, 0x00, 0x00,
  0x00, 0x00, 0x00, 0x00, 0x00, 0x00, 0x00, 0x00, 0x00, 0x00, 0x00, 0x00, 0x00, 0x00, 0x00, 0x00,
  0x00, 0x00, 0x00, 0x00, 0x00, 0x00, 0x00, 0x00, 0x00, 0x00, 0x00, 0x00, 0x00, 0x00, 0x00, 0x00,
  0x00, 0x00, 0x00, 0x00, 0x00, 0x00, 0x00, 0x00, 0x00, 0x00, 0x00, 0x00, 0x00, 0x00, 0x00, 0x00,
  0x00, 0x00, 0x00, 0x00, 0x00, 0x00, 0x00, 0x00, 0x00, 0x00, 0x00, 0x00, 0x00, 0x00, 0x00, 0x00,
  0x00, 0x00, 0x00, 0x00, 0x00, 0x00, 0x00, 0x00, 0x00, 0x00, 0x00, 0x00, 0x00, 0x00, 0x00, 0x00,
  0x00, 0x00, 0x00, 0x00, 0x00, 0x00, 0x00, 0x00, 0x00, 0x00, 0x00, 0x00, 0x00, 0x00, 0x00, 0x00,
  0x00, 0x00, 0x00, 0x00, 0x00, 0x00, 0x00, 0x00, 0x00, 0x00, 0x00, 0x00, 0x00, 0x00, 0x00, 0x00,
  0x00, 0x00, 0x00, 0x00, 0x00, 0x00, 0x00, 0x00, 0x00, 0x00, 0x00, 0x00, 0x00, 0x00, 0x00, 0x00,
  0x00, 0x00, 0x00, 0x00, 0x00, 0x00, 0x00, 0x00, 0x00, 0x00, 0x00, 0x00, 0x00, 0x00, 0x00, 0x00,
  0x00, 0x00, 0x00, 0x00, 0x00, 0x00, 0x00, 0x00, 0x00, 0x00, 0x00, 0x00, 0x00, 0x00, 0x00, 0x00,
  0x00, 0x00, 0x00, 0x00, 0x00, 0x00, 0x00, 0x00, 0x00, 0x00, 0x00, 0x00, 0x00, 0x00, 0x00, 0x00,
  0x00, 0x00, 0x00, 0x00, 0x00, 0x00, 0x00, 0x00, 0x00, 0x00, 0x00, 0x00, 0x00, 0x00, 0x00, 0x00,
  0x00, 0x00, 0x00, 0x00, 0x00, 0x00, 0x00, 0x00, 0x00, 0x00, 0x00, 0x00, 0x00, 0x00, 0x00, 0x00,
  0x00, 0x00, 0x00, 0x00, 0x00, 0x00, 0x00, 0x00, 0x00, 0x00, 0x00, 0x00, 0x00, 0x00, 0x00, 0x00,
  0x00, 0x00, 0x00, 0x00, 0x00, 0x00, 0x00, 0x00, 0x00, 0x00, 0x00, 0x00, 0x00, 0x00, 0x00, 0x00,
  0x00, 0x00, 0x00, 0x00, 0x00, 0x00, 0x00, 0x00, 0x00, 0x00, 0x00, 0x00, 0x00, 0x00, 0x00, 0x00,
  0x00, 0x00, 0x00, 0x00, 0x00, 0x00, 0x00, 0x00, 0x00, 0x00, 0x00, 0x00, 0x00, 0x00, 0x00, 0x00,
  0x00, 0x00, 0x00, 0x00, 0x00, 0x00, 0x00, 0x00, 0x00, 0x00, 0x00, 0x00, 0x3d, 0x11, 0x11, 0xff,
  0x18, 0x12, 0x10, 0xff, 0x00, 0x00, 0x00, 0x00, 0x00, 0x00, 0x00, 0x00, 0x00, 0x00, 0x00, 0x00,
  0x35, 0x00, 0x03, 0xff, 0x2d, 0x05, 0x09, 0xff, 0x00, 0x00, 0x00, 0x00, 0x00, 0x00, 0x00, 0x00,
  0x00, 0x00, 0x00, 0x00, 0x19, 0x0b, 0x08, 0xff, 0x24, 0x04, 0x06, 0xff, 0x9d, 0x0f, 0x1c, 0xff,
  0x8d, 0x28, 0x34, 0xff, 0x00, 0x00, 0x00, 0x00, 0x00, 0x00, 0x00, 0x00, 0x00, 0x00, 0x00, 0x00,
  0x00, 0x00, 0x00, 0x00, 0x00, 0x00, 0x00, 0x00, 0x00, 0x00, 0x00, 0x00, 0x00, 0x00, 0x00, 0x00,
  0x00, 0x00, 0x00, 0x00, 0x00, 0x00, 0x00, 0x00, 0x00, 0x00, 0x00, 0x00, 0x00, 0x00, 0x00, 0x00,
  0x00, 0x00, 0x00, 0x00, 0x00, 0x00, 0x00, 0x00, 0x00, 0x00, 0x00, 0x00, 0x1e, 0x00, 0x00, 0xff,
  0xa8, 0x1c, 0x29, 0xff, 0x21, 0x08, 0x07, 0xff, 0x80, 0x13, 0x1e, 0xff, 0x00, 0x00, 0x00, 0x00,
  0x00, 0x00, 0x00, 0x00, 0x00, 0x00, 0x00, 0x00, 0x9c, 0x75, 0x71, 0xff, 0xd3, 0x20, 0x35, 0xff,
  0xa3, 0x7e, 0x78, 0xff, 0x00, 0x00, 0x00, 0x00, 0x00, 0x00, 0x00, 0x00, 0x00, 0x00, 0x00, 0x00,
  0x95, 0x15, 0x23, 0xff, 0x00, 0x00, 0x00, 0x00, 0x00, 0x00, 0x00, 0x00, 0x00, 0x00, 0x00, 0x00,
  0x00, 0x00, 0x00, 0x00, 0x00, 0x00, 0x00, 0x00, 0x00, 0x00, 0x00, 0x00, 0x00, 0x00, 0x00, 0x00,
  0x00, 0x00, 0x00, 0x00, 0x00, 0x00, 0x00, 0x00, 0x00, 0x00, 0x00, 0x00, 0x00, 0x00, 0x00, 0x00,
  0x00, 0x00, 0x00, 0x00, 0x00, 0x00, 0x00, 0x00, 0x00, 0x00, 0x00, 0x00, 0x00, 0x00, 0x00, 0x00,
  0x00, 0x00, 0x00, 0x00, 0x00, 0x00, 0x00, 0x00, 0x00, 0x00, 0x00, 0x00, 0x00, 0x00, 0x00, 0x00,
  0x00, 0x00, 0x00, 0x00, 0x00, 0x00, 0x00, 0x00, 0x00, 0x00, 0x00, 0x00, 0x00, 0x00, 0x00, 0x00,
  0x00, 0x00, 0x00, 0x00, 0x00, 0x00, 0x00, 0x00, 0x00, 0x00, 0x00, 0x00, 0x00, 0x00, 0x00, 0x00,
  0x00, 0x00, 0x00, 0x00, 0x00, 0x00, 0x00, 0x00, 0x00, 0x00, 0x00, 0x00, 0x00, 0x00, 0x00, 0x00,
  0x00, 0x00, 0x00, 0x00, 0x00, 0x00, 0x00, 0x00, 0x00, 0x00, 0x00, 0x00, 0x00, 0x00, 0x00, 0x00,
  0x00, 0x00, 0x00, 0x00, 0x00, 0x00, 0x00, 0x00, 0x00, 0x00, 0x00, 0x00, 0x00, 0x00, 0x00, 0x00,
  0x00, 0x00, 0x00, 0x00, 0x00, 0x00, 0x00, 0x00, 0x00, 0x00, 0x00, 0x00, 0x00, 0x00, 0x00, 0x00,
  0x00, 0x00, 0x00, 0x00, 0x00, 0x00, 0x00, 0x00, 0x00, 0x00, 0x00, 0x00, 0x00, 0x00, 0x00, 0x00,
  0x00, 0x00, 0x00, 0x00, 0x00, 0x00, 0x00, 0x00, 0x00, 0x00, 0x00, 0x00, 0x00, 0x00, 0x00, 0x00,
  0x00, 0x00, 0x00, 0x00, 0x00, 0x00, 0x00, 0x00, 0x00, 0x00, 0x00, 0x00, 0x00, 0x00, 0x00, 0x00,
  0x00, 0x00, 0x00, 0x00, 0x00, 0x00, 0x00, 0x00, 0x00, 0x00, 0x00, 0x00, 0x00, 0x00, 0x00, 0x00,
  0x00, 0x00, 0x00, 0x00, 0x00, 0x00, 0x00, 0x00, 0x00, 0x00, 0x00, 0x00, 0x00, 0x00, 0x00, 0x00,
  0x00, 0x00, 0x00, 0x00, 0x00, 0x00, 0x00, 0x00, 0x00, 0x00, 0x00, 0x00, 0x00, 0x00, 0x00, 0x00,
  0x00, 0x00, 0x00, 0x00, 0x00, 0x00, 0x00, 0x00, 0x00, 0x00, 0x00, 0x00, 0x00, 0x00, 0x00, 0x00,
  0x00, 0x00, 0x00, 0x00, 0x00, 0x00, 0x00, 0x00, 0x00, 0x00, 0x00, 0x00, 0x00, 0x00, 0x00, 0x00,
  0x00, 0x00, 0x00, 0x00, 0x00, 0x00, 0x00, 0x00, 0x00, 0x00, 0x00, 0x00, 0x00, 0x00, 0x00, 0x00,
  0x00, 0x00, 0x00, 0x00, 0x00, 0x00, 0x00, 0x00, 0x00, 0x00, 0x00, 0x00, 0x00, 0x00, 0x00, 0x00,
  0x00, 0x00, 0x00, 0x00, 0x00, 0x00, 0x00, 0x00, 0x00, 0x00, 0x00, 0x00, 0x00, 0x00, 0x00, 0x00,
  0x00, 0x00, 0x00, 0x00, 0x00, 0x00, 0x00, 0x00, 0x00, 0x00, 0x00, 0x00, 0x00, 0x00, 0x00, 0x00,
  0x00, 0x00, 0x00, 0x00, 0x00, 0x00, 0x00, 0x00, 0x00, 0x00, 0x00, 0x00, 0x00, 0x00, 0x00, 0x00,
  0x00, 0x00, 0x00, 0x00, 0x00, 0x00, 0x00, 0x00, 0x00, 0x00, 0x00, 0x00, 0x00, 0x00, 0x00, 0x00,
  0x00, 0x00, 0x00, 0x00, 0x00, 0x00, 0x00, 0x00, 0x00, 0x00, 0x00, 0x00, 0x00, 0x00, 0x00, 0x00,
  0x00, 0x00, 0x00, 0x00, 0x00, 0x00, 0x00, 0x00, 0x00, 0x00, 0x00, 0x00, 0x00, 0x00, 0x00, 0x00,
  0x00, 0x00, 0x00, 0x00, 0x00, 0x00, 0x00, 0x00, 0x00, 0x00, 0x00, 0x00, 0x00, 0x00, 0x00, 0x00,
  0x00, 0x00, 0x00, 0x00, 0x00, 0x00, 0x00, 0x00, 0x00, 0x00, 0x00, 0x00, 0x00, 0x00, 0x00, 0x00,
  0x00, 0x00, 0x00, 0x00, 0x00, 0x00, 0x00, 0x00, 0x00, 0x00, 0x00, 0x00, 0x00, 0x00, 0x00, 0x00,
  0x00, 0x00, 0x00, 0x00, 0x00, 0x00, 0x00, 0x00, 0x00, 0x00, 0x00, 0x00, 0x00, 0x00, 0x00, 0x00,
  0x00, 0x00, 0x00, 0x00, 0x00, 0x00, 0x00, 0x00, 0x00, 0x00, 0x00, 0x00, 0x00, 0x00, 0x00, 0x00,
  0x00, 0x00, 0x00, 0x00, 0x00, 0x00, 0x00, 0x00, 0x00, 0x00, 0x00, 0x00, 0x00, 0x00, 0x00, 0x00,
  0x00, 0x00, 0x00, 0x00, 0x00, 0x00, 0x00, 0x00, 0x00, 0x00, 0x00, 0x00, 0x00, 0x00, 0x00, 0x00,
  0x00, 0x00, 0x00, 0x00, 0x00, 0x00, 0x00, 0x00, 0x00, 0x00, 0x00, 0x00, 0x00, 0x00, 0x00, 0x00,
  0x00, 0x00, 0x00, 0x00, 0x00, 0x00, 0x00, 0x00, 0x00, 0x00, 0x00, 0x00, 0x00, 0x00, 0x00, 0x00,
  0x00, 0x00, 0x00, 0x00, 0x00, 0x00, 0x00, 0x00, 0x00, 0x00, 0x00, 0x00, 0x00, 0x00, 0x00, 0x00,
  0x00, 0x00, 0x00, 0x00, 0x00, 0x00, 0x00, 0x00, 0x00, 0x00, 0x00, 0x00, 0x83, 0x13, 0x17, 0xff,
  0x1e, 0x16, 0x13, 0xff, 0x00, 0x00, 0x00, 0x00, 0x00, 0x00, 0x00, 0x00, 0x00, 0x00, 0x00, 0x00,
  0x47, 0x00, 0x04, 0xff, 0x34, 0x03, 0x05, 0xff, 0x00, 0x00, 0x00, 0x00, 0x00, 0x00, 0x00, 0x00,
  0x00, 0x00, 0x00, 0x00, 0x11, 0x0a, 0x08, 0xff, 0x21, 0x08, 0x05, 0xff, 0xc1, 0x1b, 0x27, 0xff,
  0x86, 0x20, 0x2a, 0xff, 0x00, 0x00, 0x00, 0x00, 0x00, 0x00, 0x00, 0x00, 0x00, 0x00, 0x00, 0x00,
  0x00, 0x00, 0x00, 0x00, 0x00, 0x00, 0x00, 0x00, 0x00, 0x00, 0x00, 0x00, 0x00, 0x00, 0x00, 0x00,
  0x00, 0x00, 0x00, 0x00, 0x00, 0x00, 0x00, 0x00, 0x00, 0x00, 0x00, 0x00, 0x00, 0x00, 0x00, 0x00,
  0x00, 0x00, 0x00, 0x00, 0x00, 0x00, 0x00, 0x00, 0x00, 0x00, 0x00, 0x00, 0x18, 0x00, 0x00, 0xff,
  0x27, 0x02, 0x01, 0xff, 0x81, 0x17, 0x1f, 0xff, 0x82, 0x0f, 0x1d, 0xff, 0x00, 0x00, 0x00, 0x00,
  0x00, 0x00, 0x00, 0x00, 0x00, 0x00, 0x00, 0x00, 0x8f, 0x6c, 0x6a, 0xff, 0xd3, 0x20, 0x30, 0xff,
  0xa0, 0x79, 0x73, 0xff, 0x00, 0x00, 0x00, 0x00, 0x00, 0x00, 0x00, 0x00, 0x00, 0x00, 0x00, 0x00,
  0x9f, 0x13, 0x1c, 0xff, 0x00, 0x00, 0x00, 0x00, 0x00, 0x00, 0x00, 0x00, 0x00, 0x00, 0x00, 0x00,
  0x00, 0x00, 0x00, 0x00, 0x00, 0x00, 0x00, 0x00, 0x00, 0x00, 0x00, 0x00, 0x00, 0x00, 0x00, 0x00,
  0x00, 0x00, 0x00, 0x00, 0x00, 0x00, 0x00, 0x00, 0x00, 0x00, 0x00, 0x00, 0x00, 0x00, 0x00, 0x00,
  0x00, 0x00, 0x00, 0x00, 0x00, 0x00, 0x00, 0x00, 0x00, 0x00, 0x00, 0x00, 0x00, 0x00, 0x00, 0x00,
  0x00, 0x00, 0x00, 0x00, 0x00, 0x00, 0x00, 0x00, 0x00, 0x00, 0x00, 0x00, 0x00, 0x00, 0x00, 0x00,
  0x00, 0x00, 0x00, 0x00, 0x00, 0x00, 0x00, 0x00, 0x00, 0x00, 0x00, 0x00, 0x00, 0x00, 0x00, 0x00,
  0x00, 0x00, 0x00, 0x00, 0x00, 0x00, 0x00, 0x00, 0x00, 0x00, 0x00, 0x00, 0x00, 0x00, 0x00, 0x00,
  0x00, 0x00, 0x00, 0x00, 0x00, 0x00, 0x00, 0x00, 0x00, 0x00, 0x00, 0x00, 0x00, 0x00, 0x00, 0x00,
  0x00, 0x00, 0x00, 0x00, 0x00, 0x00, 0x00, 0x00, 0x00, 0x00, 0x00, 0x00, 0x00, 0x00, 0x00, 0x00,
  0x00, 0x00, 0x00, 0x00, 0x00, 0x00, 0x00, 0x00, 0x00, 0x00, 0x00, 0x00, 0x00, 0x00, 0x00, 0x00,
  0x00, 0x00, 0x00, 0x00, 0x00, 0x00, 0x00, 0x00, 0x00, 0x00, 0x00, 0x00, 0x00, 0x00, 0x00, 0x00,
  0x00, 0x00, 0x00, 0x00, 0x00, 0x00, 0x00, 0x00, 0x00, 0x00, 0x00, 0x00, 0x00, 0x00, 0x00, 0x00,
  0x00, 0x00, 0x00, 0x00, 0x00, 0x00, 0x00, 0x00, 0x00, 0x00, 0x00, 0x00, 0x00, 0x00, 0x00, 0x00,
  0x00, 0x00, 0x00, 0x00, 0x00, 0x00, 0x00, 0x00, 0x00, 0x00, 0x00, 0x00, 0x00, 0x00, 0x00, 0x00,
  0x00, 0x00, 0x00, 0x00, 0x00, 0x00, 0x00, 0x00, 0x00, 0x00, 0x00, 0x00, 0x00, 0x00, 0x00, 0x00,
  0x00, 0x00, 0x00, 0x00, 0x00, 0x00, 0x00, 0x00, 0x00, 0x00, 0x00, 0x00, 0x00, 0x00, 0x00, 0x00,
  0x00, 0x00, 0x00, 0x00, 0x00, 0x00, 0x00, 0x00, 0x00, 0x00, 0x00, 0x00, 0x00, 0x00, 0x00, 0x00,
  0x00, 0x00, 0x00, 0x00, 0x00, 0x00, 0x00, 0x00, 0x00, 0x00, 0x00, 0x00, 0x00, 0x00, 0x00, 0x00,
  0x00, 0x00, 0x00, 0x00, 0x00, 0x00, 0x00, 0x00, 0x00, 0x00, 0x00, 0x00, 0x00, 0x00, 0x00, 0x00,
  0x00, 0x00, 0x00, 0x00, 0x00, 0x00, 0x00, 0x00, 0x00, 0x00, 0x00, 0x00, 0x00, 0x00, 0x00, 0x00,
  0x00, 0x00, 0x00, 0x00, 0x00, 0x00, 0x00, 0x00, 0x00, 0x00, 0x00, 0x00, 0x00, 0x00, 0x00, 0x00,
  0x00, 0x00, 0x00, 0x00, 0x00, 0x00, 0x00, 0x00, 0x00, 0x00, 0x00, 0x00, 0x00, 0x00, 0x00, 0x00,
  0x00, 0x00, 0x00, 0x00, 0x00, 0x00, 0x00, 0x00, 0x00, 0x00, 0x00, 0x00, 0x00, 0x00, 0x00, 0x00,
  0x00, 0x00, 0x00, 0x00, 0x00, 0x00, 0x00, 0x00, 0x00, 0x00, 0x00, 0x00, 0x00, 0x00, 0x00, 0x00,
  0x00, 0x00, 0x00, 0x00, 0x00, 0x00, 0x00, 0x00, 0x00, 0x00, 0x00, 0x00, 0x00, 0x00, 0x00, 0x00,
  0x00, 0x00, 0x00, 0x00, 0x00, 0x00, 0x00, 0x00, 0x00, 0x00, 0x00, 0x00, 0x00, 0x00, 0x00, 0x00,
  0x00, 0x00, 0x00, 0x00, 0x00, 0x00, 0x00, 0x00, 0x00, 0x00, 0x00, 0x00, 0x00, 0x00, 0x00, 0x00,
  0x00, 0x00, 0x00, 0x00, 0x00, 0x00, 0x00, 0x00, 0x00, 0x00, 0x00, 0x00, 0x00, 0x00, 0x00, 0x00,
  0x00, 0x00, 0x00, 0x00, 0x00, 0x00, 0x00, 0x00, 0x00, 0x00, 0x00, 0x00, 0x00, 0x00, 0x00, 0x00,
  0x00, 0x00, 0x00, 0x00, 0x00, 0x00, 0x00, 0x00, 0x00, 0x00, 0x00, 0x00, 0x00, 0x00, 0x00, 0x00,
  0x00, 0x00, 0x00, 0x00, 0x00, 0x00, 0x00, 0x00, 0x00, 0x00, 0x00, 0x00, 0x00, 0x00, 0x00, 0x00,
  0x00, 0x00, 0x00, 0x00, 0x00, 0x00, 0x00, 0x00, 0x00, 0x00, 0x00, 0x00, 0x00, 0x00, 0x00, 0x00,
  0x00, 0x00, 0x00, 0x00, 0x00, 0x00, 0x00, 0x00, 0x00, 0x00, 0x00, 0x00, 0x00, 0x00, 0x00, 0x00,
  0x00, 0x00, 0x00, 0x00, 0x00, 0x00, 0x00, 0x00, 0x00, 0x00, 0x00, 0x00, 0x00, 0x00, 0x00, 0x00,
  0x00, 0x00, 0x00, 0x00, 0x00, 0x00, 0x00, 0x00, 0x00, 0x00, 0x00, 0x00, 0x00, 0x00, 0x00, 0x00,
  0x00, 0x00, 0x00, 0x00, 0x00, 0x00, 0x00, 0x00, 0x00, 0x00, 0x00, 0x00, 0x00, 0x00, 0x00, 0x00,
  0x00, 0x00, 0x00, 0x00, 0x00, 0x00, 0x00, 0x00, 0x00, 0x00, 0x00, 0x00, 0x00, 0x00, 0x00, 0x00,
  0x00, 0x00, 0x00, 0x00, 0x00, 0x00, 0x00, 0x00, 0x37, 0x2b, 0x28, 0xff, 0xa8, 0x0e, 0x1b, 0xff,
  0x2a, 0x21, 0x1e, 0xff, 0x00, 0x00, 0x00, 0x00, 0x00, 0x00, 0x00, 0x00, 0x00, 0x00, 0x00, 0x00,
  0x5c, 0x03, 0x08, 0xff, 0x5b, 0x03, 0x0a, 0xff, 0x00, 0x00, 0x00, 0x00, 0x00, 0x00, 0x00, 0x00,
  0x00, 0x00, 0x00, 0x00, 0x12, 0x06, 0x07, 0xff, 0x80, 0x13, 0x1e, 0xff, 0x1f, 0x07, 0x05, 0xff,
  0x8d, 0x23, 0x2d, 0xff, 0x00, 0x00, 0x00, 0x00, 0x00, 0x00, 0x00, 0x00, 0x00, 0x00, 0x00, 0x00,
  0x00, 0x00, 0x00, 0x00, 0x00, 0x00, 0x00, 0x00, 0x00, 0x00, 0x00, 0x00, 0x00, 0x00, 0x00, 0x00,
  0x00, 0x00, 0x00, 0x00, 0x00, 0x00, 0x00, 0x00, 0x00, 0x00, 0x00, 0x00, 0x00, 0x00, 0x00, 0x00,
  0x00, 0x00, 0x00, 0x00, 0x00, 0x00, 0x00, 0x00, 0x00, 0x00, 0x00, 0x00, 0x20, 0x00, 0x00, 0xff,
  0x27, 0x15, 0x18, 0xff, 0xdb, 0x20, 0x2c, 0xff, 0x0f, 0x06, 0x08, 0xff, 0x00, 0x00, 0x00, 0x00,
  0x00, 0x00, 0x00, 0x00, 0x00, 0x00, 0x00, 0x00, 0x7b, 0x55, 0x53, 0xff, 0xe6, 0x2f, 0x3e, 0xff,
  0xa8, 0x7d, 0x7a, 0xff, 0x00, 0x00, 0x00, 0x00, 0x00, 0x00, 0x00, 0x00, 0x00, 0x00, 0x00, 0x00,
  0xa1, 0x12, 0x1f, 0xff, 0x06, 0x00, 0x00, 0xff, 0x00, 0x00, 0x00, 0x00, 0x00, 0x00, 0x00, 0x00,
  0x00, 0x00, 0x00, 0x00, 0x00, 0x00, 0x00, 0x00, 0x00, 0x00, 0x00, 0x00, 0x00, 0x00, 0x00, 0x00,
  0x00, 0x00, 0x00, 0x00, 0x00, 0x00, 0x00, 0x00, 0x00, 0x00, 0x00, 0x00, 0x00, 0x00, 0x00, 0x00,
  0x00, 0x00, 0x00, 0x00, 0x00, 0x00, 0x00, 0x00, 0x00, 0x00, 0x00, 0x00, 0x00, 0x00, 0x00, 0x00,
  0x00, 0x00, 0x00, 0x00, 0x00, 0x00, 0x00, 0x00, 0x00, 0x00, 0x00, 0x00, 0x00, 0x00, 0x00, 0x00,
  0x00, 0x00, 0x00, 0x00, 0x00, 0x00, 0x00, 0x00, 0x00, 0x00, 0x00, 0x00, 0x00, 0x00, 0x00, 0x00,
  0x00, 0x00, 0x00, 0x00, 0x00, 0x00, 0x00, 0x00, 0x00, 0x00, 0x00, 0x00, 0x00, 0x00, 0x00, 0x00,
  0x00, 0x00, 0x00, 0x00, 0x00, 0x00, 0x00, 0x00, 0x00, 0x00, 0x00, 0x00, 0x00, 0x00, 0x00, 0x00,
  0x00, 0x00, 0x00, 0x00, 0x00, 0x00, 0x00, 0x00, 0x00, 0x00, 0x00, 0x00, 0x00, 0x00, 0x00, 0x00,
  0x00, 0x00, 0x00, 0x00, 0x00, 0x00, 0x00, 0x00, 0x00, 0x00, 0x00, 0x00, 0x00, 0x00, 0x00, 0x00,
  0x00, 0x00, 0x00, 0x00, 0x00, 0x00, 0x00, 0x00, 0x00, 0x00, 0x00, 0x00, 0x00, 0x00, 0x00, 0x00,
  0x00, 0x00, 0x00, 0x00, 0x00, 0x00, 0x00, 0x00, 0x00, 0x00, 0x00, 0x00, 0x00, 0x00, 0x00, 0x00,
  0x00, 0x00, 0x00, 0x00, 0x00, 0x00, 0x00, 0x00, 0x00, 0x00, 0x00, 0x00, 0x00, 0x00, 0x00, 0x00,
  0x00, 0x00, 0x00, 0x00, 0x00, 0x00, 0x00, 0x00, 0x00, 0x00, 0x00, 0x00, 0x00, 0x00, 0x00, 0x00,
  0x00, 0x00, 0x00, 0x00, 0x00, 0x00, 0x00, 0x00, 0x00, 0x00, 0x00, 0x00, 0x00, 0x00, 0x00, 0x00,
  0x00, 0x00, 0x00, 0x00, 0x00, 0x00, 0x00, 0x00, 0x00, 0x00, 0x00, 0x00, 0x00, 0x00, 0x00, 0x00,
  0x00, 0x00, 0x00, 0x00, 0x00, 0x00, 0x00, 0x00, 0x00, 0x00, 0x00, 0x00, 0x00, 0x00, 0x00, 0x00,
  0x00, 0x00, 0x00, 0x00, 0x00, 0x00, 0x00, 0x00, 0x00, 0x00, 0x00, 0x00, 0x00, 0x00, 0x00, 0x00,
  0x00, 0x00, 0x00, 0x00, 0x00, 0x00, 0x00, 0x00, 0x00, 0x00, 0x00, 0x00, 0x00, 0x00, 0x00, 0x00,
  0x00, 0x00, 0x00, 0x00, 0x00, 0x00, 0x00, 0x00, 0x00, 0x00, 0x00, 0x00, 0x00, 0x00, 0x00, 0x00,
  0x00, 0x00, 0x00, 0x00, 0x00, 0x00, 0x00, 0x00, 0x00, 0x00, 0x00, 0x00, 0x00, 0x00, 0x00, 0x00,
  0x00, 0x00, 0x00, 0x00, 0x00, 0x00, 0x00, 0x00, 0x00, 0x00, 0x00, 0x00, 0x00, 0x00, 0x00, 0x00,
  0x00, 0x00, 0x00, 0x00, 0x00, 0x00, 0x00, 0x00, 0x00, 0x00, 0x00, 0x00, 0x00, 0x00, 0x00, 0x00,
  0x00, 0x00, 0x00, 0x00, 0x00, 0x00, 0x00, 0x00, 0x00, 0x00, 0x00, 0x00, 0x00, 0x00, 0x00, 0x00,
  0x00, 0x00, 0x00, 0x00, 0x00, 0x00, 0x00, 0x00, 0x00, 0x00, 0x00, 0x00, 0x00, 0x00, 0x00, 0x00,
  0x00, 0x00, 0x00, 0x00, 0x00, 0x00, 0x00, 0x00, 0x00, 0x00, 0x00, 0x00, 0x00, 0x00, 0x00, 0x00,
  0x00, 0x00, 0x00, 0x00, 0x00, 0x00, 0x00, 0x00, 0x00, 0x00, 0x00, 0x00, 0x00, 0x00, 0x00, 0x00,
  0x00, 0x00, 0x00, 0x00, 0x00, 0x00, 0x00, 0x00, 0x00, 0x00, 0x00, 0x00, 0x00, 0x00, 0x00, 0x00,
  0x00, 0x00, 0x00, 0x00, 0x00, 0x00, 0x00, 0x00, 0x00, 0x00, 0x00, 0x00, 0x00, 0x00, 0x00, 0x00,
  0x00, 0x00, 0x00, 0x00, 0x00, 0x00, 0x00, 0x00, 0x00, 0x00, 0x00, 0x00, 0x00, 0x00, 0x00, 0x00,
  0x00, 0x00, 0x00, 0x00, 0x00, 0x00, 0x00, 0x00, 0x00, 0x00, 0x00, 0x00, 0x00, 0x00, 0x00, 0x00,
  0x00, 0x00, 0x00, 0x00, 0x00, 0x00, 0x00, 0x00, 0x00, 0x00, 0x00, 0x00, 0x00, 0x00, 0x00, 0x00,
  0x00, 0x00, 0x00, 0x00, 0x00, 0x00, 0x00, 0x00, 0x00, 0x00, 0x00, 0x00, 0x00, 0x00, 0x00, 0x00,
  0x00, 0x00, 0x00, 0x00, 0x00, 0x00, 0x00, 0x00, 0x00, 0x00, 0x00, 0x00, 0x00, 0x00, 0x00, 0x00,
  0xc5, 0x98, 0x94, 0xff, 0x00, 0x00, 0x00, 0x00, 0x00, 0x00, 0x00, 0x00, 0x00, 0x00, 0x00, 0x00,
  0x00, 0x00, 0x00, 0x00, 0x00, 0x00, 0x00, 0x00, 0x00, 0x00, 0x00, 0x00, 0x00, 0x00, 0x00, 0x00,
  0x00, 0x00, 0x00, 0x00, 0x00, 0x00, 0x00, 0x00, 0x00, 0x00, 0x00, 0x00, 0x00, 0x00, 0x00, 0x00,
  0x00, 0x00, 0x00, 0x00, 0x00, 0x00, 0x00, 0x00, 0x37, 0x2a, 0x2a, 0xff, 0x9d, 0x0e, 0x15, 0xff,
  0x00, 0x00, 0x00, 0xff, 0x2e, 0x1c, 0x21, 0xff, 0x77, 0x2b, 0x2e, 0xff, 0x46, 0x2b, 0x31, 0xff,
  0x6d, 0x01, 0x0b, 0xff, 0x64, 0x05, 0x0a, 0xff, 0x37, 0x29, 0x2e, 0xff, 0x51, 0x18, 0x22, 0xff,
  0x11, 0x0a, 0x0f, 0xff, 0x03, 0x02, 0x00, 0xff, 0xd0, 0x1b, 0x27, 0xff, 0x2a, 0x1e, 0x1f, 0xff,
  0x8f, 0x24, 0x2f, 0xff, 0x00, 0x00, 0x00, 0x00, 0x00, 0x00, 0x00, 0x00, 0x00, 0x00, 0x00, 0x00,
  0x00, 0x00, 0x00, 0x00, 0x00, 0x00, 0x00, 0x00, 0x00, 0x00, 0x00, 0x00, 0x00, 0x00, 0x00, 0x00,
  0x00, 0x00, 0x00, 0x00, 0x00, 0x00, 0x00, 0x00, 0x00, 0x00, 0x00, 0x00, 0x00, 0x00, 0x00, 0x00,
  0x00, 0x00, 0x00, 0x00, 0x00, 0x00, 0x00, 0x00, 0x00, 0x00, 0x00, 0x00, 0x23, 0x00, 0x00, 0xff,
  0x2b, 0x18, 0x1b, 0xff, 0xb7, 0x2a, 0x31, 0xff, 0x34, 0x0b, 0x0e, 0xff, 0x0f, 0x0c, 0x0e, 0xff,
  0x65, 0x0a, 0x14, 0xff, 0x36, 0x2c, 0x32, 0xff, 0x22, 0x00, 0x02, 0xff, 0xef, 0x45, 0x52, 0xff,
  0x01, 0x00, 0x00, 0xff, 0x3a, 0x1f, 0x23, 0xff, 0x37, 0x0c, 0x0f, 0xff, 0x03, 0x02, 0x01, 0xff,
  0x92, 0x0e, 0x1f, 0xff, 0x0f, 0x01, 0x00, 0xff, 0x00, 0x00, 0x00, 0x00, 0x00, 0x00, 0x00, 0x00,
  0x00, 0x00, 0x00, 0x00, 0x00, 0x00, 0x00, 0x00, 0x00, 0x00, 0x00, 0x00, 0x00, 0x00, 0x00, 0x00,
  0x00, 0x00, 0x00, 0x00, 0x00, 0x00, 0x00, 0x00, 0x00, 0x00, 0x00, 0x00, 0x00, 0x00, 0x00, 0x00,
  0x00, 0x00, 0x00, 0x00, 0x00, 0x00, 0x00, 0x00, 0x00, 0x00, 0x00, 0x00, 0x00, 0x00, 0x00, 0x00,
  0x00, 0x00, 0x00, 0x00, 0x00, 0x00, 0x00, 0x00, 0x00, 0x00, 0x00, 0x00, 0x00, 0x00, 0x00, 0x00,
  0x00, 0x00, 0x00, 0x00, 0x00, 0x00, 0x00, 0x00, 0x00, 0x00, 0x00, 0x00, 0x00, 0x00, 0x00, 0x00,
  0x00, 0x00, 0x00, 0x00, 0x00, 0x00, 0x00, 0x00, 0x00, 0x00, 0x00, 0x00, 0x00, 0x00, 0x00, 0x00,
  0x00, 0x00, 0x00, 0x00, 0x00, 0x00, 0x00, 0x00, 0x00, 0x00, 0x00, 0x00, 0x00, 0x00, 0x00, 0x00,
  0x00, 0x00, 0x00, 0x00, 0x00, 0x00, 0x00, 0x00, 0x00, 0x00, 0x00, 0x00, 0x00, 0x00, 0x00, 0x00,
  0x00, 0x00, 0x00, 0x00, 0x00, 0x00, 0x00, 0x00, 0x00, 0x00, 0x00, 0x00, 0x00, 0x00, 0x00, 0x00,
  0x00, 0x00, 0x00, 0x00, 0x00, 0x00, 0x00, 0x00, 0x00, 0x00, 0x00, 0x00, 0x00, 0x00, 0x00, 0x00,
  0x00, 0x00, 0x00, 0x00, 0x00, 0x00, 0x00, 0x00, 0x00, 0x00, 0x00, 0x00, 0x00, 0x00, 0x00, 0x00,
  0x00, 0x00, 0x00, 0x00, 0x00, 0x00, 0x00, 0x00, 0x00, 0x00, 0x00, 0x00, 0x00, 0x00, 0x00, 0x00,
  0x00, 0x00, 0x00, 0x00, 0x00, 0x00, 0x00, 0x00, 0x00, 0x00, 0x00, 0x00, 0x00, 0x00, 0x00, 0x00,
  0x00, 0x00, 0x00, 0x00, 0x00, 0x00, 0x00, 0x00, 0x00, 0x00, 0x00, 0x00, 0x00, 0x00, 0x00, 0x00,
  0x00, 0x00, 0x00, 0x00, 0x00, 0x00, 0x00, 0x00, 0x00, 0x00, 0x00, 0x00, 0x00, 0x00, 0x00, 0x00,
  0x00, 0x00, 0x00, 0x00, 0x00, 0x00, 0x00, 0x00, 0x00, 0x00, 0x00, 0x00, 0x00, 0x00, 0x00, 0x00,
  0x00, 0x00, 0x00, 0x00, 0x00, 0x00, 0x00, 0x00, 0x00, 0x00, 0x00, 0x00, 0x00, 0x00, 0x00, 0x00,
  0x00, 0x00, 0x00, 0x00, 0x00, 0x00, 0x00, 0x00, 0x00, 0x00, 0x00, 0x00, 0x00, 0x00, 0x00, 0x00,
  0x00, 0x00, 0x00, 0x00, 0x00, 0x00, 0x00, 0x00, 0x00, 0x00, 0x00, 0x00, 0x00, 0x00, 0x00, 0x00,
  0x00, 0x00, 0x00, 0x00, 0x00, 0x00, 0x00, 0x00, 0x00, 0x00, 0x00, 0x00, 0x00, 0x00, 0x00, 0x00,
  0x00, 0x00, 0x00, 0x00, 0x00, 0x00, 0x00, 0x00, 0x00, 0x00, 0x00, 0x00, 0x00, 0x00, 0x00, 0x00,
  0x00, 0x00, 0x00, 0x00, 0x00, 0x00, 0x00, 0x00, 0x00, 0x00, 0x00, 0x00, 0x00, 0x00, 0x00, 0x00,
  0x00, 0x00, 0x00, 0x00, 0x00, 0x00, 0x00, 0x00, 0x00, 0x00, 0x00, 0x00, 0x00, 0x00, 0x00, 0x00,
  0x00, 0x00, 0x00, 0x00, 0x00, 0x00, 0x00, 0x00, 0x00, 0x00, 0x00, 0x00, 0x00, 0x00, 0x00, 0x00,
  0x00, 0x00, 0x00, 0x00, 0x00, 0x00, 0x00, 0x00, 0x00, 0x00, 0x00, 0x00, 0x00, 0x00, 0x00, 0x00,
  0x00, 0x00, 0x00, 0x00, 0x00, 0x00, 0x00, 0x00, 0x00, 0x00, 0x00, 0x00, 0x00, 0x00, 0x00, 0x00,
  0x00, 0x00, 0x00, 0x00, 0x00, 0x00, 0x00, 0x00, 0x00, 0x00, 0x00, 0x00, 0x00, 0x00, 0x00, 0x00,
  0x00, 0x00, 0x00, 0x00, 0x00, 0x00, 0x00, 0x00, 0x00, 0x00, 0x00, 0x00, 0x00, 0x00, 0x00, 0x00,
  0x00, 0x00, 0x00, 0x00, 0x00, 0x00, 0x00, 0x00, 0x00, 0x00, 0x00, 0x00, 0x00, 0x00, 0x00, 0x00,
  0x00, 0x00, 0x00, 0x00, 0x00, 0x00, 0x00, 0x00, 0x00, 0x00, 0x00, 0x00, 0x00, 0x00, 0x00, 0x00,
  0x00, 0x00, 0x00, 0x00, 0x00, 0x00, 0x00, 0x00, 0x00, 0x00, 0x00, 0x00, 0x00, 0x00, 0x00, 0x00,
  0x00, 0x00, 0x00, 0x00, 0x00, 0x00, 0x00, 0x00, 0x00, 0x00, 0x00, 0x00, 0x00, 0x00, 0x00, 0x00,
  0x00, 0x00, 0x00, 0x00, 0x00, 0x00, 0x00, 0x00, 0x00, 0x00, 0x00, 0x00, 0x00, 0x00, 0x00, 0x00,
  0x01, 0x00, 0x00, 0xff, 0x00, 0x00, 0x00, 0x00, 0x00, 0x00, 0x00, 0x00, 0x00, 0x00, 0x00, 0x00,
  0x00, 0x00, 0x00, 0x00, 0x00, 0x00, 0x00, 0x00, 0x00, 0x00, 0x00, 0x00, 0x00, 0x00, 0x00, 0x00,
  0x00, 0x00, 0x00, 0x00, 0x00, 0x00, 0x00, 0x00, 0x00, 0x00, 0x00, 0x00, 0x00, 0x00, 0x00, 0x00,
  0x00, 0x00, 0x00, 0x00, 0x00, 0x00, 0x00, 0x00, 0x3e, 0x01, 0x02, 0xff, 0x7e, 0x06, 0x0c, 0xff,
  0x00, 0x00, 0x00, 0xff, 0x22, 0x13, 0x1b, 0xff, 0x76, 0x25, 0x2b, 0xff, 0x45, 0x2f, 0x35, 0xff,
  0x6f, 0x04, 0x0e, 0xff, 0x68, 0x04, 0x0c, 0xff, 0x3a, 0x2b, 0x2f, 0xff, 0x50, 0x16, 0x1d, 0xff,
  0x15, 0x09, 0x0c, 0xff, 0x08, 0x01, 0x00, 0xff, 0xc8, 0x2a, 0x30, 0xff, 0x35, 0x28, 0x29, 0xff,
  0x92, 0x23, 0x2e, 0xff, 0x00, 0x00, 0x00, 0x00, 0x00, 0x00, 0x00, 0x00, 0x00, 0x00, 0x00, 0x00,
  0x00, 0x00, 0x00, 0x00, 0x00, 0x00, 0x00, 0x00, 0x00, 0x00, 0x00, 0x00, 0x00, 0x00, 0x00, 0x00,
  0x00, 0x00, 0x00, 0x00, 0x00, 0x00, 0x00, 0x00, 0x00, 0x00, 0x00, 0x00, 0x00, 0x00, 0x00, 0x00,
  0x00, 0x00, 0x00, 0x00, 0x00, 0x00, 0x00, 0x00, 0x00, 0x00, 0x00, 0x00, 0x31, 0x03, 0x03, 0xff,
  0x24, 0x15, 0x16, 0xff, 0x0f, 0x02, 0x00, 0xff, 0xac, 0x27, 0x2a, 0xff, 0x08, 0x06, 0x07, 0xff,
  0x69, 0x0b, 0x13, 0xff, 0x38, 0x2b, 0x31, 0xff, 0x2c, 0x00, 0x03, 0xff, 0xef, 0x48, 0x58, 0xff,
  0x0b, 0x00, 0x00, 0xff, 0x3b, 0x23, 0x25, 0xff, 0x23, 0x06, 0x08, 0xff, 0x13, 0x12, 0x13, 0xff,
  0x77, 0x07, 0x14, 0xff, 0xb6, 0x18, 0x27, 0xff, 0x00, 0x00, 0x00, 0x00, 0x00, 0x00, 0x00, 0x00,
  0x00, 0x00, 0x00, 0x00, 0x00, 0x00, 0x00, 0x00, 0x00, 0x00, 0x00, 0x00, 0x00, 0x00, 0x00, 0x00,
  0x00, 0x00, 0x00, 0x00, 0x00, 0x00, 0x00, 0x00, 0x00, 0x00, 0x00, 0x00, 0x00, 0x00, 0x00, 0x00,
  0x00, 0x00, 0x00, 0x00, 0x00, 0x00, 0x00, 0x00, 0x00, 0x00, 0x00, 0x00, 0x5f, 0x44, 0x43, 0xff,
  0x0f, 0x0b, 0x08, 0xff, 0x00, 0x00, 0x00, 0x00, 0x00, 0x00, 0x00, 0x00, 0x00, 0x00, 0x00, 0x00,
  0x00, 0x00, 0x00, 0x00, 0x00, 0x00, 0x00, 0x00, 0x00, 0x00, 0x00, 0x00, 0x00, 0x00, 0x00, 0x00,
  0x00, 0x00, 0x00, 0x00, 0x00, 0x00, 0x00, 0x00, 0x00, 0x00, 0x00, 0x00, 0x00, 0x00, 0x00, 0x00,
  0x00, 0x00, 0x00, 0x00, 0x00, 0x00, 0x00, 0x00, 0x00, 0x00, 0x00, 0x00, 0x00, 0x00, 0x00, 0x00,
  0x00, 0x00, 0x00, 0x00, 0x00, 0x00, 0x00, 0x00, 0x00, 0x00, 0x00, 0x00, 0x00, 0x00, 0x00, 0x00,
  0x00, 0x00, 0x00, 0x00, 0x00, 0x00, 0x00, 0x00, 0x00, 0x00, 0x00, 0x00, 0x00, 0x00, 0x00, 0x00,
  0x00, 0x00, 0x00, 0x00, 0x00, 0x00, 0x00, 0x00, 0x00, 0x00, 0x00, 0x00, 0x00, 0x00, 0x00, 0x00,
  0x00, 0x00, 0x00, 0x00, 0x00, 0x00, 0x00, 0x00, 0x00, 0x00, 0x00, 0x00, 0x00, 0x00, 0x00, 0x00,
  0x00, 0x00, 0x00, 0x00, 0x00, 0x00, 0x00, 0x00, 0x00, 0x00, 0x00, 0x00, 0x00, 0x00, 0x00, 0x00,
  0x00, 0x00, 0x00, 0x00, 0x00, 0x00, 0x00, 0x00, 0x00, 0x00, 0x00, 0x00, 0x00, 0x00, 0x00, 0x00,
  0x00, 0x00, 0x00, 0x00, 0x00, 0x00, 0x00, 0x00, 0x00, 0x00, 0x00, 0x00, 0x00, 0x00, 0x00, 0x00,
  0x00, 0x00, 0x00, 0x00, 0x00, 0x00, 0x00, 0x00, 0x00, 0x00, 0x00, 0x00, 0x00, 0x00, 0x00, 0x00,
  0x00, 0x00, 0x00, 0x00, 0x00, 0x00, 0x00, 0x00, 0x00, 0x00, 0x00, 0x00, 0x00, 0x00, 0x00, 0x00,
  0x00, 0x00, 0x00, 0x00, 0x00, 0x00, 0x00, 0x00, 0x00, 0x00, 0x00, 0x00, 0x00, 0x00, 0x00, 0x00,
  0x00, 0x00, 0x00, 0x00, 0x00, 0x00, 0x00, 0x00, 0x00, 0x00, 0x00, 0x00, 0x00, 0x00, 0x00, 0x00,
  0x00, 0x00, 0x00, 0x00, 0x00, 0x00, 0x00, 0x00, 0x00, 0x00, 0x00, 0x00, 0x00, 0x00, 0x00, 0x00,
  0x00, 0x00, 0x00, 0x00, 0x00, 0x00, 0x00, 0x00, 0x00, 0x00, 0x00, 0x00, 0x00, 0x00, 0x00, 0x00,
  0x00, 0x00, 0x00, 0x00, 0x00, 0x00, 0x00, 0x00, 0x00, 0x00, 0x00, 0x00, 0x00, 0x00, 0x00, 0x00,
  0x00, 0x00, 0x00, 0x00, 0x00, 0x00, 0x00, 0x00, 0x00, 0x00, 0x00, 0x00, 0x00, 0x00, 0x00, 0x00,
  0x00, 0x00, 0x00, 0x00, 0x00, 0x00, 0x00, 0x00, 0x00, 0x00, 0x00, 0x00, 0x00, 0x00, 0x00, 0x00,
  0x00, 0x00, 0x00, 0x00, 0x00, 0x00, 0x00, 0x00, 0x00, 0x00, 0x00, 0x00, 0x00, 0x00, 0x00, 0x00,
  0x00, 0x00, 0x00, 0x00, 0x00, 0x00, 0x00, 0x00, 0x00, 0x00, 0x00, 0x00, 0x00, 0x00, 0x00, 0x00,
  0x00, 0x00, 0x00, 0x00, 0x00, 0x00, 0x00, 0x00, 0x00, 0x00, 0x00, 0x00, 0x00, 0x00, 0x00, 0x00,
  0x00, 0x00, 0x00, 0x00, 0x00, 0x00, 0x00, 0x00, 0x00, 0x00, 0x00, 0x00, 0x00, 0x00, 0x00, 0x00,
  0x00, 0x00, 0x00, 0x00, 0x00, 0x00, 0x00, 0x00, 0x00, 0x00, 0x00, 0x00, 0x00, 0x00, 0x00, 0x00,
  0x00, 0x00, 0x00, 0x00, 0x00, 0x00, 0x00, 0x00, 0x00, 0x00, 0x00, 0x00, 0x00, 0x00, 0x00, 0x00,
  0x00, 0x00, 0x00, 0x00, 0x00, 0x00, 0x00, 0x00, 0x00, 0x00, 0x00, 0x00, 0x00, 0x00, 0x00, 0x00,
  0x00, 0x00, 0x00, 0x00, 0x00, 0x00, 0x00, 0x00, 0x00, 0x00, 0x00, 0x00, 0x00, 0x00, 0x00, 0x00,
  0x00, 0x00, 0x00, 0x00, 0x00, 0x00, 0x00, 0x00, 0x00, 0x00, 0x00, 0x00, 0x00, 0x00, 0x00, 0x00,
  0x00, 0x00, 0x00, 0x00, 0x00, 0x00, 0x00, 0x00, 0x00, 0x00, 0x00, 0x00, 0x06, 0x00, 0x00, 0xff,
  0x0f, 0x00, 0x00, 0xff, 0x00, 0x00, 0x00, 0x00, 0x00, 0x00, 0x00, 0x00, 0x00, 0x00, 0x00, 0x00,
  0x00, 0x00, 0x00, 0x00, 0x00, 0x00, 0x00, 0x00, 0x00, 0x00, 0x00, 0x00, 0x00, 0x00, 0x00, 0x00,
  0x00, 0x00, 0x00, 0x00, 0x00, 0x00, 0x00, 0x00, 0x00, 0x00, 0x00, 0x00, 0x00, 0x00, 0x00, 0x00,
  0x00, 0x00, 0x00, 0x00, 0x00, 0x00, 0x00, 0x00, 0x57, 0x0f, 0x0c, 0xff, 0x79, 0x07, 0x0c, 0xff,
  0x00, 0x00, 0x00, 0xff, 0x1f, 0x07, 0x08, 0xff, 0x2f, 0x11, 0x13, 0xff, 0x00, 0x00, 0x00, 0xff,
  0x78, 0x03, 0x09, 0xff, 0x6d, 0x03, 0x0b, 0xff, 0x02, 0x00, 0x00, 0xff, 0x1f, 0x0f, 0x0e, 0xff,
  0x12, 0x0a, 0x09, 0xff, 0x9f, 0x1d, 0x24, 0xff, 0x1f, 0x00, 0x00, 0xff, 0x32, 0x22, 0x25, 0xff,
  0x93, 0x28, 0x30, 0xff, 0x00, 0x00, 0x00, 0x00, 0x00, 0x00, 0x00, 0x00, 0x00, 0x00, 0x00, 0x00,
  0x03, 0x00, 0x00, 0xff, 0x00, 0x00, 0x00, 0x00, 0x00, 0x00, 0x00, 0x00, 0x00, 0x00, 0x00, 0x00,
  0x00, 0x00, 0x00, 0x00, 0x00, 0x00, 0x00, 0x00, 0x00, 0x00, 0x00, 0x00, 0x00, 0x00, 0x00, 0x00,
  0x24, 0x06, 0x06, 0xff, 0x00, 0x00, 0x00, 0x00, 0x00, 0x00, 0x00, 0x00, 0x30, 0x03, 0x02, 0xff,
  0x1f, 0x0e, 0x0f, 0xff, 0x2b, 0x1b, 0x1d, 0xff, 0xce, 0x1f, 0x25, 0xff, 0x03, 0x03, 0x03, 0xff,
  0x85, 0x20, 0x28, 0xff, 0x45, 0x30, 0x37, 0xff, 0x57, 0x01, 0x0b, 0xff, 0xef, 0x4b, 0x5a, 0xff,
  0x52, 0x09, 0x10, 0xff, 0x4a, 0x2f, 0x32, 0xff, 0x8d, 0x22, 0x27, 0xff, 0x17, 0x14, 0x19, 0xff,
  0x73, 0x09, 0x14, 0xff, 0xc4, 0x20, 0x2e, 0xff, 0x00, 0x00, 0x00, 0x00, 0x00, 0x00, 0x00, 0x00,
  0x00, 0x00, 0x00, 0x00, 0x00, 0x00, 0x00, 0x00, 0x00, 0x00, 0x00, 0x00, 0x00, 0x00, 0x00, 0x00,
  0x00, 0x00, 0x00, 0x00, 0x00, 0x00, 0x00, 0x00, 0x00, 0x00, 0x00, 0x00, 0x00, 0x00, 0x00, 0x00,
  0x00, 0x00, 0x00, 0x00, 0x00, 0x00, 0x00, 0x00, 0x00, 0x00, 0x00, 0x00, 0x5e, 0x40, 0x3c, 0xff,
  0x64, 0x16, 0x17, 0xff, 0x00, 0x00, 0x00, 0x00, 0x00, 0x00, 0x00, 0x00, 0x00, 0x00, 0x00, 0x00,
  0x00, 0x00, 0x00, 0x00, 0x00, 0x00, 0x00, 0x00, 0x00, 0x00, 0x00, 0x00, 0x00, 0x00, 0x00, 0x00,
  0x00, 0x00, 0x00, 0x00, 0x00, 0x00, 0x00, 0x00, 0x00, 0x00, 0x00, 0x00, 0x00, 0x00, 0x00, 0x00,
  0x00, 0x00, 0x00, 0x00, 0x00, 0x00, 0x00, 0x00, 0x00, 0x00, 0x00, 0x00, 0x00, 0x00, 0x00, 0x00,
  0x00, 0x00, 0x00, 0x00, 0x00, 0x00, 0x00, 0x00, 0x00, 0x00, 0x00, 0x00, 0x00, 0x00, 0x00, 0x00,
  0x00, 0x00, 0x00, 0x00, 0x00, 0x00, 0x00, 0x00, 0x00, 0x00, 0x00, 0x00, 0x00, 0x00, 0x00, 0x00,
  0x00, 0x00, 0x00, 0x00, 0x00, 0x00, 0x00, 0x00, 0x00, 0x00, 0x00, 0x00, 0x00, 0x00, 0x00, 0x00,
  0x00, 0x00, 0x00, 0x00, 0x00, 0x00, 0x00, 0x00, 0x00, 0x00, 0x00, 0x00, 0x00, 0x00, 0x00, 0x00,
  0x00, 0x00, 0x00, 0x00, 0x00, 0x00, 0x00, 0x00, 0x00, 0x00, 0x00, 0x00, 0x00, 0x00, 0x00, 0x00,
  0x00, 0x00, 0x00, 0x00, 0x00, 0x00, 0x00, 0x00, 0x00, 0x00, 0x00, 0x00, 0x00, 0x00, 0x00, 0x00,
  0x00, 0x00, 0x00, 0x00, 0x00, 0x00, 0x00, 0x00, 0x00, 0x00, 0x00, 0x00, 0x00, 0x00, 0x00, 0x00,
  0x00, 0x00, 0x00, 0x00, 0x00, 0x00, 0x00, 0x00, 0x00, 0x00, 0x00, 0x00, 0x00, 0x00, 0x00, 0x00,
  0x00, 0x00, 0x00, 0x00, 0x00, 0x00, 0x00, 0x00, 0x00, 0x00, 0x00, 0x00, 0x00, 0x00, 0x00, 0x00,
  0x00, 0x00, 0x00, 0x00, 0x00, 0x00, 0x00, 0x00, 0x00, 0x00, 0x00, 0x00, 0x00, 0x00, 0x00, 0x00,
  0x00, 0x00, 0x00, 0x00, 0x00, 0x00, 0x00, 0x00, 0x00, 0x00, 0x00, 0x00, 0x00, 0x00, 0x00, 0x00,
  0x00, 0x00, 0x00, 0x00, 0x00, 0x00, 0x00, 0x00, 0x00, 0x00, 0x00, 0x00, 0x00, 0x00, 0x00, 0x00,
  0x00, 0x00, 0x00, 0x00, 0x00, 0x00, 0x00, 0x00, 0x00, 0x00, 0x00, 0x00, 0x00, 0x00, 0x00, 0x00,
  0x00, 0x00, 0x00, 0x00, 0x00, 0x00, 0x00, 0x00, 0x00, 0x00, 0x00, 0x00, 0x00, 0x00, 0x00, 0x00,
  0x00, 0x00, 0x00, 0x00, 0x00, 0x00, 0x00, 0x00, 0x00, 0x00, 0x00, 0x00, 0x00, 0x00, 0x00, 0x00,
  0x00, 0x00, 0x00, 0x00, 0x00, 0x00, 0x00, 0x00, 0x00, 0x00, 0x00, 0x00, 0x00, 0x00, 0x00, 0x00,
  0x00, 0x00, 0x00, 0x00, 0x00, 0x00, 0x00, 0x00, 0x00, 0x00, 0x00, 0x00, 0x00, 0x00, 0x00, 0x00,
  0x00, 0x00, 0x00, 0x00, 0x00, 0x00, 0x00, 0x00, 0x00, 0x00, 0x00, 0x00, 0x00, 0x00, 0x00, 0x00,
  0x00, 0x00, 0x00, 0x00, 0x00, 0x00, 0x00, 0x00, 0x00, 0x00, 0x00, 0x00, 0x00, 0x00, 0x00, 0x00,
  0x00, 0x00, 0x00, 0x00, 0x00, 0x00, 0x00, 0x00, 0x00, 0x00, 0x00, 0x00, 0x00, 0x00, 0x00, 0x00,
  0x00, 0x00, 0x00, 0x00, 0x00, 0x00, 0x00, 0x00, 0x00, 0x00, 0x00, 0x00, 0x00, 0x00, 0x00, 0x00,
  0x00, 0x00, 0x00, 0x00, 0x00, 0x00, 0x00, 0x00, 0x00, 0x00, 0x00, 0x00, 0x00, 0x00, 0x00, 0x00,
  0x00, 0x00, 0x00, 0x00, 0x00, 0x00, 0x00, 0x00, 0x00, 0x00, 0x00, 0x00, 0x00, 0x00, 0x00, 0x00,
  0x00, 0x00, 0x00, 0x00, 0x00, 0x00, 0x00, 0x00, 0x00, 0x00, 0x00, 0x00, 0x00, 0x00, 0x00, 0x00,
  0x00, 0x00, 0x00, 0x00, 0x00, 0x00, 0x00, 0x00, 0x00, 0x00, 0x00, 0x00, 0x00, 0x00, 0x00, 0x00,
  0x00, 0x00, 0x00, 0x00, 0x00, 0x00, 0x00, 0x00, 0x00, 0x00, 0x00, 0x00, 0xb4, 0x19, 0x22, 0xff,
  0x0f, 0x00, 0x00, 0xff, 0x00, 0x00, 0x00, 0x00, 0x00, 0x00, 0x00, 0x00, 0x00, 0x00, 0x00, 0x00,
  0x00, 0x00, 0x00, 0x00, 0x00, 0x00, 0x00, 0x00, 0x00, 0x00, 0x00, 0x00, 0x00, 0x00, 0x00, 0x00,
  0x00, 0x00, 0x00, 0x00, 0x00, 0x00, 0x00, 0x00, 0x00, 0x00, 0x00, 0x00, 0x00, 0x00, 0x00, 0x00,
  0x00, 0x00, 0x00, 0x00, 0x00, 0x00, 0x00, 0x00, 0xb6, 0x15, 0x22, 0xff, 0x76, 0x05, 0x0e, 0xff,
  0x00, 0x00, 0x00, 0xff, 0x23, 0x07, 0x08, 0xff, 0x2a, 0x13, 0x16, 0xff, 0x04, 0x01, 0x00, 0xff,
  0x7e, 0x00, 0x08, 0xff, 0x6a, 0x00, 0x08, 0xff, 0x01, 0x00, 0x02, 0xff, 0x19, 0x0a, 0x0b, 0xff,
  0x0b, 0x06, 0x08, 0xff, 0xd0, 0x20, 0x2a, 0xff, 0x2e, 0x1f, 0x21, 0xff, 0x32, 0x22, 0x25, 0xff,
  0x9f, 0x2a, 0x2e, 0xff, 0x00, 0x00, 0x00, 0x00, 0x00, 0x00, 0x00, 0x00, 0x14, 0x01, 0x00, 0xff,
  0x08, 0x01, 0x01, 0xff, 0x00, 0x00, 0x00, 0x00, 0x00, 0x00, 0x00, 0x00, 0x00, 0x00, 0x00, 0x00,
  0x00, 0x00, 0x00, 0x00, 0x00, 0x00, 0x00, 0x00, 0x00, 0x00, 0x00, 0x00, 0x00, 0x00, 0x00, 0x00,
  0x86, 0x0c, 0x14, 0xff, 0x00, 0x00, 0x00, 0x00, 0x00, 0x00, 0x00, 0x00, 0x27, 0x00, 0x00, 0xff,
  0x15, 0x05, 0x08, 0xff, 0x2f, 0x1f, 0x23, 0xff, 0xbd, 0x1f, 0x22, 0xff, 0x0f, 0x03, 0x01, 0xff,
  0x85, 0x23, 0x2b, 0xff, 0x45, 0x32, 0x37, 0xff, 0x6a, 0x01, 0x0c, 0xff, 0xef, 0x46, 0x54, 0xff,
  0x62, 0x0e, 0x13, 0xff, 0x46, 0x2d, 0x2f, 0xff, 0xa7, 0x28, 0x2e, 0xff, 0x19, 0x16, 0x1b, 0xff,
  0x73, 0x0a, 0x15, 0xff, 0xc6, 0x1f, 0x2a, 0xff, 0x0b, 0x03, 0x04, 0xff, 0x00, 0x00, 0x00, 0x00,
  0x00, 0x00, 0x00, 0x00, 0x00, 0x00, 0x00, 0x00, 0x00, 0x00, 0x00, 0x00, 0x00, 0x00, 0x00, 0x00,
  0x00, 0x00, 0x00, 0x00, 0x00, 0x00, 0x00, 0x00, 0x00, 0x00, 0x00, 0x00, 0x00, 0x00, 0x00, 0x00,
  0x00, 0x00, 0x00, 0x00, 0x00, 0x00, 0x00, 0x00, 0x00, 0x00, 0x00, 0x00, 0x62, 0x40, 0x3e, 0xff,
  0xa8, 0x13, 0x1f, 0xff, 0x43, 0x2e, 0x2d, 0xff, 0x00, 0x00, 0x00, 0x00, 0x00, 0x00, 0x00, 0x00,
  0x00, 0x00, 0x00, 0x00, 0x00, 0x00, 0x00, 0x00, 0x00, 0x00, 0x00, 0x00, 0x00, 0x00, 0x00, 0x00,
  0x00, 0x00, 0x00, 0x00, 0x00, 0x00, 0x00, 0x00, 0x00, 0x00, 0x00, 0x00, 0x00, 0x00, 0x00, 0x00,
  0x00, 0x00, 0x00, 0x00, 0x00, 0x00, 0x00, 0x00, 0x00, 0x00, 0x00, 0x00, 0x00, 0x00, 0x00, 0x00,
  0x00, 0x00, 0x00, 0x00, 0x00, 0x00, 0x00, 0x00, 0x00, 0x00, 0x00, 0x00, 0x00, 0x00, 0x00, 0x00,
  0x00, 0x00, 0x00, 0x00, 0x00, 0x00, 0x00, 0x00, 0x00, 0x00, 0x00, 0x00, 0x00, 0x00, 0x00, 0x00,
  0x00, 0x00, 0x00, 0x00, 0x00, 0x00, 0x00, 0x00, 0x00, 0x00, 0x00, 0x00, 0x00, 0x00, 0x00, 0x00,
  0x00, 0x00, 0x00, 0x00, 0x00, 0x00, 0x00, 0x00, 0x00, 0x00, 0x00, 0x00, 0x00, 0x00, 0x00, 0x00,
  0x00, 0x00, 0x00, 0x00, 0x00, 0x00, 0x00, 0x00, 0x00, 0x00, 0x00, 0x00, 0x00, 0x00, 0x00, 0x00,
  0x00, 0x00, 0x00, 0x00, 0x00, 0x00, 0x00, 0x00, 0x00, 0x00, 0x00, 0x00, 0x00, 0x00, 0x00, 0x00,
  0x00, 0x00, 0x00, 0x00, 0x00, 0x00, 0x00, 0x00, 0x00, 0x00, 0x00, 0x00, 0x00, 0x00, 0x00, 0x00,
  0x00, 0x00, 0x00, 0x00, 0x00, 0x00, 0x00, 0x00, 0x00, 0x00, 0x00, 0x00, 0x00, 0x00, 0x00, 0x00,
  0x00, 0x00, 0x00, 0x00, 0x00, 0x00, 0x00, 0x00, 0x00, 0x00, 0x00, 0x00, 0x00, 0x00, 0x00, 0x00,
  0x00, 0x00, 0x00, 0x00, 0x00, 0x00, 0x00, 0x00, 0x00, 0x00, 0x00, 0x00, 0x00, 0x00, 0x00, 0x00,
  0x00, 0x00, 0x00, 0x00, 0x00, 0x00, 0x00, 0x00, 0x00, 0x00, 0x00, 0x00, 0x00, 0x00, 0x00, 0x00,
  0x00, 0x00, 0x00, 0x00, 0x00, 0x00, 0x00, 0x00, 0x00, 0x00, 0x00, 0x00, 0x00, 0x00, 0x00, 0x00,
  0x00, 0x00, 0x00, 0x00, 0x00, 0x00, 0x00, 0x00, 0x00, 0x00, 0x00, 0x00, 0x00, 0x00, 0x00, 0x00,
  0x00, 0x00, 0x00, 0x00, 0x00, 0x00, 0x00, 0x00, 0x00, 0x00, 0x00, 0x00, 0x00, 0x00, 0x00, 0x00,
  0x00, 0x00, 0x00, 0x00, 0x00, 0x00, 0x00, 0x00, 0x00, 0x00, 0x00, 0x00, 0x00, 0x00, 0x00, 0x00,
  0x00, 0x00, 0x00, 0x00, 0x00, 0x00, 0x00, 0x00, 0x00, 0x00, 0x00, 0x00, 0x00, 0x00, 0x00, 0x00,
  0x00, 0x00, 0x00, 0x00, 0x00, 0x00, 0x00, 0x00, 0x00, 0x00, 0x00, 0x00, 0x00, 0x00, 0x00, 0x00,
  0x00, 0x00, 0x00, 0x00, 0x00, 0x00, 0x00, 0x00, 0x00, 0x00, 0x00, 0x00, 0x00, 0x00, 0x00, 0x00,
  0x00, 0x00, 0x00, 0x00, 0x00, 0x00, 0x00, 0x00, 0x00, 0x00, 0x00, 0x00, 0x00, 0x00, 0x00, 0x00,
  0x00, 0x00, 0x00, 0x00, 0x00, 0x00, 0x00, 0x00, 0x00, 0x00, 0x00, 0x00, 0x00, 0x00, 0x00, 0x00,
  0x00, 0x00, 0x00, 0x00, 0x00, 0x00, 0x00, 0x00, 0x00, 0x00, 0x00, 0x00, 0x00, 0x00, 0x00, 0x00,
  0x00, 0x00, 0x00, 0x00, 0x00, 0x00, 0x00, 0x00, 0x00, 0x00, 0x00, 0x00, 0x00, 0x00, 0x00, 0x00,
  0x00, 0x00, 0x00, 0x00, 0x00, 0x00, 0x00, 0x00, 0x00, 0x00, 0x00, 0x00, 0x00, 0x00, 0x00, 0x00,
  0x00, 0x00, 0x00, 0x00, 0x00, 0x00, 0x00, 0x00, 0x00, 0x00, 0x00, 0x00, 0x00, 0x00, 0x00, 0x00,
  0x00, 0x00, 0x00, 0x00, 0x00, 0x00, 0x00, 0x00, 0x00, 0x00, 0x00, 0x00, 0x00, 0x00, 0x00, 0x00,
  0x00, 0x00, 0x00, 0x00, 0x00, 0x00, 0x00, 0x00, 0x0f, 0x03, 0x05, 0xff, 0x52, 0x0b, 0x0f, 0xff,
  0x0c, 0x00, 0x00, 0xff, 0x00, 0x00, 0x00, 0x00, 0x00, 0x00, 0x00, 0x00, 0x00, 0x00, 0x00, 0x00,
  0x00, 0x00, 0x00, 0x00, 0x00, 0x00, 0x00, 0x00, 0x00, 0x00, 0x00, 0x00, 0x00, 0x00, 0x00, 0x00,
  0x00, 0x00, 0x00, 0x00, 0x00, 0x00, 0x00, 0x00, 0x00, 0x00, 0x00, 0x00, 0x00, 0x00, 0x00, 0x00,
  0x00, 0x00, 0x00, 0x00, 0x00, 0x00, 0x00, 0x00, 0x87, 0x0b, 0x16, 0xff, 0x62, 0x07, 0x0e, 0xff,
  0x01, 0x01, 0x00, 0xff, 0x25, 0x05, 0x08, 0xff, 0x32, 0x1e, 0x1f, 0xff, 0x01, 0x01, 0x00, 0xff,
  0x7a, 0x02, 0x08, 0xff, 0x6a, 0x00, 0x08, 0xff, 0x00, 0x00, 0x01, 0xff, 0x13, 0x0a, 0x0b, 0xff,
  0x11, 0x02, 0x00, 0xff, 0x88, 0x14, 0x19, 0xff, 0x32, 0x22, 0x25, 0xff, 0x34, 0x23, 0x25, 0xff,
  0x92, 0x3e, 0x3e, 0xff, 0x00, 0x00, 0x00, 0x00, 0x00, 0x00, 0x00, 0x00, 0x7c, 0x04, 0x12, 0xff,
  0x0f, 0x01, 0x00, 0xff, 0x00, 0x00, 0x00, 0x00, 0x07, 0x06, 0x05, 0xff, 0x2f, 0x25, 0x2b, 0xff,
  0x32, 0x28, 0x2c, 0xff, 0x23, 0x1c, 0x1f, 0xff, 0x00, 0x00, 0x00, 0x00, 0x00, 0x00, 0x00, 0x00,
  0x98, 0x0e, 0x1c, 0xff, 0x04, 0x03, 0x00, 0xff, 0x00, 0x00, 0x00, 0x00, 0x08, 0x08, 0x08, 0xff,
  0x0f, 0x04, 0x02, 0xff, 0x31, 0x23, 0x27, 0xff, 0x18, 0x02, 0x00, 0xff, 0xad, 0x1d, 0x22, 0xff,
  0x78, 0x23, 0x29, 0xff, 0x47, 0x35, 0x3a, 0xff, 0x6c, 0x02, 0x0f, 0xff, 0xe9, 0x3d, 0x4a, 0xff,
  0x67, 0x0a, 0x13, 0xff, 0x47, 0x2c, 0x2d, 0xff, 0xa2, 0x25, 0x2a, 0xff, 0x1d, 0x16, 0x1d, 0xff,
  0x6b, 0x0c, 0x16, 0xff, 0x91, 0x17, 0x1d, 0xff, 0x06, 0x04, 0x04, 0xff, 0x00, 0x00, 0x00, 0x00,
  0x00, 0x00, 0x00, 0x00, 0x00, 0x00, 0x00, 0x00, 0x00, 0x00, 0x00, 0x00, 0x00, 0x00, 0x00, 0x00,
  0x00, 0x00, 0x00, 0x00, 0x00, 0x00, 0x00, 0x00, 0x00, 0x00, 0x00, 0x00, 0x00, 0x00, 0x00, 0x00,
  0x00, 0x00, 0x00, 0x00, 0x00, 0x00, 0x00, 0x00, 0x00, 0x00, 0x00, 0x00, 0x67, 0x3d, 0x3d, 0xff,
  0x0e, 0x0a, 0x08, 0xff, 0x9c, 0x1f, 0x2a, 0xff, 0x00, 0x00, 0x00, 0x00, 0x00, 0x00, 0x00, 0x00,
  0x00, 0x00, 0x00, 0x00, 0x00, 0x00, 0x00, 0x00, 0x00, 0x00, 0x00, 0x00, 0x00, 0x00, 0x00, 0x00,
  0x00, 0x00, 0x00, 0x00, 0x00, 0x00, 0x00, 0x00, 0x00, 0x00, 0x00, 0x00, 0x00, 0x00, 0x00, 0x00,
  0x00, 0x00, 0x00, 0x00, 0x00, 0x00, 0x00, 0x00, 0x00, 0x00, 0x00, 0x00, 0x00, 0x00, 0x00, 0x00,
  0x00, 0x00, 0x00, 0x00, 0x00, 0x00, 0x00, 0x00, 0x00, 0x00, 0x00, 0x00, 0x00, 0x00, 0x00, 0x00,
  0x00, 0x00, 0x00, 0x00, 0x00, 0x00, 0x00, 0x00, 0x00, 0x00, 0x00, 0x00, 0x00, 0x00, 0x00, 0x00,
  0x00, 0x00, 0x00, 0x00, 0x00, 0x00, 0x00, 0x00, 0x00, 0x00, 0x00, 0x00, 0x00, 0x00, 0x00, 0x00,
  0x00, 0x00, 0x00, 0x00, 0x00, 0x00, 0x00, 0x00, 0x00, 0x00, 0x00, 0x00, 0x00, 0x00, 0x00, 0x00,
  0x00, 0x00, 0x00, 0x00, 0x00, 0x00, 0x00, 0x00, 0x00, 0x00, 0x00, 0x00, 0x00, 0x00, 0x00, 0x00,
  0x00, 0x00, 0x00, 0x00, 0x00, 0x00, 0x00, 0x00, 0x00, 0x00, 0x00, 0x00, 0x00, 0x00, 0x00, 0x00,
  0x00, 0x00, 0x00, 0x00, 0x00, 0x00, 0x00, 0x00, 0x00, 0x00, 0x00, 0x00, 0x00, 0x00, 0x00, 0x00,
  0x00, 0x00, 0x00, 0x00, 0x00, 0x00, 0x00, 0x00, 0x00, 0x00, 0x00, 0x00, 0x00, 0x00, 0x00, 0x00,
  0x00, 0x00, 0x00, 0x00, 0x00, 0x00, 0x00, 0x00, 0x00, 0x00, 0x00, 0x00, 0x00, 0x00, 0x00, 0x00,
  0x00, 0x00, 0x00, 0x00, 0x00, 0x00, 0x00, 0x00, 0x00, 0x00, 0x00, 0x00, 0x00, 0x00, 0x00, 0x00,
  0x00, 0x00, 0x00, 0x00, 0x00, 0x00, 0x00, 0x00, 0x00, 0x00, 0x00, 0x00, 0x00, 0x00, 0x00, 0x00,
  0x00, 0x00, 0x00, 0x00, 0x00, 0x00, 0x00, 0x00, 0x00, 0x00, 0x00, 0x00, 0x00, 0x00, 0x00, 0x00,
  0x00, 0x00, 0x00, 0x00, 0x00, 0x00, 0x00, 0x00, 0x00, 0x00, 0x00, 0x00, 0x00, 0x00, 0x00, 0x00,
  0x00, 0x00, 0x00, 0x00, 0x00, 0x00, 0x00, 0x00, 0x00, 0x00, 0x00, 0x00, 0x00, 0x00, 0x00, 0x00,
  0x00, 0x00, 0x00, 0x00, 0x00, 0x00, 0x00, 0x00, 0x00, 0x00, 0x00, 0x00, 0x00, 0x00, 0x00, 0x00,
  0x00, 0x00, 0x00, 0x00, 0x00, 0x00, 0x00, 0x00, 0x00, 0x00, 0x00, 0x00, 0x00, 0x00, 0x00, 0x00,
  0x00, 0x00, 0x00, 0x00, 0x00, 0x00, 0x00, 0x00, 0x00, 0x00, 0x00, 0x00, 0x00, 0x00, 0x00, 0x00,
  0x00, 0x00, 0x00, 0x00, 0x00, 0x00, 0x00, 0x00, 0x00, 0x00, 0x00, 0x00, 0x00, 0x00, 0x00, 0x00,
  0x00, 0x00, 0x00, 0x00, 0x00, 0x00, 0x00, 0x00, 0x00, 0x00, 0x00, 0x00, 0x00, 0x00, 0x00, 0x00,
  0x00, 0x00, 0x00, 0x00, 0x00, 0x00, 0x00, 0x00, 0x00, 0x00, 0x00, 0x00, 0x00, 0x00, 0x00, 0x00,
  0x00, 0x00, 0x00, 0x00, 0x00, 0x00, 0x00, 0x00, 0x00, 0x00, 0x00, 0x00, 0x00, 0x00, 0x00, 0x00,
  0x00, 0x00, 0x00, 0x00, 0x00, 0x00, 0x00, 0x00, 0x00, 0x00, 0x00, 0x00, 0x00, 0x00, 0x00, 0x00,
  0x00, 0x00, 0x00, 0x00, 0x00, 0x00, 0x00, 0x00, 0x00, 0x00, 0x00, 0x00, 0x00, 0x00, 0x00, 0x00,
  0x00, 0x00, 0x00, 0x00, 0x00, 0x00, 0x00, 0x00, 0x00, 0x00, 0x00, 0x00, 0x00, 0x00, 0x00, 0x00,
  0x00, 0x00, 0x00, 0x00, 0x00, 0x00, 0x00, 0x00, 0x00, 0x00, 0x00, 0x00, 0x00, 0x00, 0x00, 0x00,
  0x00, 0x00, 0x00, 0x00, 0x00, 0x00, 0x00, 0x00, 0x91, 0x15, 0x1e, 0xff, 0x0c, 0x0c, 0x0b, 0xff,
  0x0b, 0x00, 0x00, 0xff, 0x00, 0x00, 0x00, 0x00, 0x00, 0x00, 0x00, 0x00, 0x00, 0x00, 0x00, 0x00,
  0x00, 0x00, 0x00, 0x00, 0x00, 0x00, 0x00, 0x00, 0x00, 0x00, 0x00, 0x00, 0x00, 0x00, 0x00, 0x00,
  0x00, 0x00, 0x00, 0x00, 0x00, 0x00, 0x00, 0x00, 0x00, 0x00, 0x00, 0x00, 0x00, 0x00, 0x00, 0x00,
  0x00, 0x00, 0x00, 0x00, 0x00, 0x00, 0x00, 0x00, 0x5a, 0x0e, 0x12, 0xff, 0x48, 0x0a, 0x0e, 0xff,
  0x20, 0x16, 0x1b, 0xff, 0x68, 0x15, 0x1d, 0xff, 0x37, 0x2b, 0x2e, 0xff, 0x34, 0x25, 0x2a, 0xff,
  0x61, 0x07, 0x10, 0xff, 0x5c, 0x02, 0x08, 0xff, 0x41, 0x30, 0x34, 0xff, 0x34, 0x22, 0x24, 0xff,
  0xba, 0x15, 0x25, 0xff, 0x34, 0x00, 0x02, 0xff, 0x32, 0x22, 0x27, 0xff, 0x34, 0x23, 0x25, 0xff,
  0x84, 0x2f, 0x30, 0xff, 0x00, 0x00, 0x00, 0x00, 0x1f, 0x16, 0x14, 0xff, 0x85, 0x06, 0x14, 0xff,
  0x13, 0x00, 0x00, 0xff, 0x02, 0x01, 0x00, 0xff, 0x15, 0x10, 0x12, 0xff, 0x36, 0x2c, 0x2f, 0xff,
  0x3d, 0x2f, 0x32, 0xff, 0x28, 0x1f, 0x21, 0xff, 0x19, 0x12, 0x13, 0xff, 0x00, 0x00, 0x00, 0x00,
  0xa6, 0x13, 0x21, 0xff, 0x46, 0x03, 0x08, 0xff, 0x00, 0x00, 0x00, 0x00, 0x5e, 0x47, 0x47, 0xff,
  0x12, 0x02, 0x03, 0xff, 0x32, 0x22, 0x27, 0xff, 0x31, 0x1c, 0x20, 0xff, 0xc4, 0x1d, 0x20, 0xff,
  0x1e, 0x06, 0x09, 0xff, 0x3d, 0x2f, 0x31, 0xff, 0x05, 0x01, 0x01, 0xff, 0x86, 0x09, 0x12, 0xff,
  0x08, 0x02, 0x01, 0xff, 0x42, 0x2e, 0x2e, 0xff, 0x3c, 0x07, 0x0a, 0xff, 0x19, 0x14, 0x19, 0xff,
  0x01, 0x01, 0x00, 0xff, 0x5d, 0x08, 0x0c, 0xff, 0x07, 0x06, 0x04, 0xff, 0x00, 0x00, 0x00, 0x00,
  0x00, 0x00, 0x00, 0x00, 0x00, 0x00, 0x00, 0x00, 0x00, 0x00, 0x00, 0x00, 0x00, 0x00, 0x00, 0x00,
  0x00, 0x00, 0x00, 0x00, 0x00, 0x00, 0x00, 0x00, 0x00, 0x00, 0x00, 0x00, 0x00, 0x00, 0x00, 0x00,
  0x00, 0x00, 0x00, 0x00, 0x00, 0x00, 0x00, 0x00, 0x00, 0x00, 0x00, 0x00, 0x67, 0x43, 0x42, 0xff,
  0x11, 0x06, 0x05, 0xff, 0xba, 0x1f, 0x2d, 0xff, 0x9d, 0x7c, 0x79, 0xff, 0x00, 0x00, 0x00, 0x00,
  0x00, 0x00, 0x00, 0x00, 0x00, 0x00, 0x00, 0x00, 0x00, 0x00, 0x00, 0x00, 0x00, 0x00, 0x00, 0x00,
  0x00, 0x00, 0x00, 0x00, 0x00, 0x00, 0x00, 0x00, 0x00, 0x00, 0x00, 0x00, 0x00, 0x00, 0x00, 0x00,
  0x00, 0x00, 0x00, 0x00, 0x00, 0x00, 0x00, 0x00, 0x00, 0x00, 0x00, 0x00, 0x00, 0x00, 0x00, 0x00,
  0x00, 0x00, 0x00, 0x00, 0x00, 0x00, 0x00, 0x00, 0x00, 0x00, 0x00, 0x00, 0x00, 0x00, 0x00, 0x00,
  0x00, 0x00, 0x00, 0x00, 0x00, 0x00, 0x00, 0x00, 0x00, 0x00, 0x00, 0x00, 0x00, 0x00, 0x00, 0x00,
  0x00, 0x00, 0x00, 0x00, 0x00, 0x00, 0x00, 0x00, 0x00, 0x00, 0x00, 0x00, 0x00, 0x00, 0x00, 0x00,
  0x00, 0x00, 0x00, 0x00, 0x00, 0x00, 0x00, 0x00, 0x00, 0x00, 0x00, 0x00, 0x00, 0x00, 0x00, 0x00,
  0x00, 0x00, 0x00, 0x00, 0x00, 0x00, 0x00, 0x00, 0x00, 0x00, 0x00, 0x00, 0x00, 0x00, 0x00, 0x00,
  0x00, 0x00, 0x00, 0x00, 0x00, 0x00, 0x00, 0x00, 0x00, 0x00, 0x00, 0x00, 0x00, 0x00, 0x00, 0x00,
  0x00, 0x00, 0x00, 0x00, 0x00, 0x00, 0x00, 0x00, 0x00, 0x00, 0x00, 0x00, 0x00, 0x00, 0x00, 0x00,
  0x00, 0x00, 0x00, 0x00, 0x00, 0x00, 0x00, 0x00, 0x00, 0x00, 0x00, 0x00, 0x00, 0x00, 0x00, 0x00,
  0x00, 0x00, 0x00, 0x00, 0x00, 0x00, 0x00, 0x00, 0x00, 0x00, 0x00, 0x00, 0x00, 0x00, 0x00, 0x00,
  0x00, 0x00, 0x00, 0x00, 0x00, 0x00, 0x00, 0x00, 0x00, 0x00, 0x00, 0x00, 0x00, 0x00, 0x00, 0x00,
  0x00, 0x00, 0x00, 0x00, 0x00, 0x00, 0x00, 0x00, 0x00, 0x00, 0x00, 0x00, 0x00, 0x00, 0x00, 0x00,
  0x00, 0x00, 0x00, 0x00, 0x00, 0x00, 0x00, 0x00, 0x00, 0x00, 0x00, 0x00, 0x00, 0x00, 0x00, 0x00,
  0x00, 0x00, 0x00, 0x00, 0x00, 0x00, 0x00, 0x00, 0x00, 0x00, 0x00, 0x00, 0x00, 0x00, 0x00, 0x00,
  0x00, 0x00, 0x00, 0x00, 0x00, 0x00, 0x00, 0x00, 0x00, 0x00, 0x00, 0x00, 0x00, 0x00, 0x00, 0x00,
  0x00, 0x00, 0x00, 0x00, 0x00, 0x00, 0x00, 0x00, 0x00, 0x00, 0x00, 0x00, 0x00, 0x00, 0x00, 0x00,
  0x00, 0x00, 0x00, 0x00, 0x00, 0x00, 0x00, 0x00, 0x00, 0x00, 0x00, 0x00, 0x00, 0x00, 0x00, 0x00,
  0x00, 0x00, 0x00, 0x00, 0x00, 0x00, 0x00, 0x00, 0x00, 0x00, 0x00, 0x00, 0x00, 0x00, 0x00, 0x00,
  0x00, 0x00, 0x00, 0x00, 0x00, 0x00, 0x00, 0x00, 0x00, 0x00, 0x00, 0x00, 0x00, 0x00, 0x00, 0x00,
  0x00, 0x00, 0x00, 0x00, 0x00, 0x00, 0x00, 0x00, 0x00, 0x00, 0x00, 0x00, 0x00, 0x00, 0x00, 0x00,
  0x00, 0x00, 0x00, 0x00, 0x00, 0x00, 0x00, 0x00, 0x00, 0x00, 0x00, 0x00, 0x00, 0x00, 0x00, 0x00,
  0x00, 0x00, 0x00, 0x00, 0x00, 0x00, 0x00, 0x00, 0x00, 0x00, 0x00, 0x00, 0x00, 0x00, 0x00, 0x00,
  0x00, 0x00, 0x00, 0x00, 0x00, 0x00, 0x00, 0x00, 0x00, 0x00, 0x00, 0x00, 0x00, 0x00, 0x00, 0x00,
  0x00, 0x00, 0x00, 0x00, 0x00, 0x00, 0x00, 0x00, 0x00, 0x00, 0x00, 0x00, 0x00, 0x00, 0x00, 0x00,
  0x00, 0x00, 0x00, 0x00, 0x00, 0x00, 0x00, 0x00, 0x00, 0x00, 0x00, 0x00, 0x00, 0x00, 0x00, 0x00,
  0x00, 0x00, 0x00, 0x00, 0x00, 0x00, 0x00, 0x00, 0x00, 0x00, 0x00, 0x00, 0x00, 0x00, 0x00, 0x00,
  0x00, 0x00, 0x00, 0x00, 0x1f, 0x18, 0x16, 0xff, 0x71, 0x15, 0x17, 0xff, 0x13, 0x0c, 0x0e, 0xff,
  0x0c, 0x00, 0x00, 0xff, 0x00, 0x00, 0x00, 0x00, 0x00, 0x00, 0x00, 0x00, 0x00, 0x00, 0x00, 0x00,
  0x00, 0x00, 0x00, 0x00, 0x00, 0x00, 0x00, 0x00, 0x00, 0x00, 0x00, 0x00, 0x00, 0x00, 0x00, 0x00,
  0x00, 0x00, 0x00, 0x00, 0x00, 0x00, 0x00, 0x00, 0x00, 0x00, 0x00, 0x00, 0x00, 0x00, 0x00, 0x00,
  0x00, 0x00, 0x00, 0x00, 0x00, 0x00, 0x00, 0x00, 0x18, 0x13, 0x10, 0xff, 0x05, 0x01, 0x00, 0xff,
  0x1e, 0x15, 0x16, 0xff, 0x5d, 0x1f, 0x23, 0xff, 0x2f, 0x28, 0x2c, 0xff, 0x2f, 0x27, 0x29, 0xff,
  0x0b, 0x06, 0x06, 0xff, 0x15, 0x0c, 0x0c, 0xff, 0x38, 0x2c, 0x2f, 0xff, 0x10, 0x02, 0x01, 0xff,
  0xce, 0x14, 0x22, 0xff, 0x2a, 0x1f, 0x1e, 0xff, 0x2e, 0x22, 0x25, 0xff, 0x35, 0x23, 0x25, 0xff,
  0x7c, 0x2c, 0x2c, 0xff, 0x00, 0x00, 0x00, 0x00, 0x10, 0x00, 0x00, 0xff, 0x82, 0x07, 0x14, 0xff,
  0x10, 0x00, 0x00, 0xff, 0x18, 0x11, 0x13, 0xff, 0x04, 0x03, 0x04, 0xff, 0x41, 0x32, 0x34, 0xff,
  0x42, 0x34, 0x36, 0xff, 0x2e, 0x23, 0x25, 0xff, 0x1e, 0x15, 0x16, 0xff, 0x0c, 0x06, 0x06, 0xff,
  0xa4, 0x17, 0x25, 0xff, 0x71, 0x04, 0x0f, 0xff, 0x00, 0x00, 0x00, 0x00, 0x54, 0x40, 0x3d, 0xff,
  0x11, 0x00, 0x01, 0xff, 0x32, 0x22, 0x27, 0xff, 0x2f, 0x24, 0x27, 0xff, 0x86, 0x12, 0x16, 0xff,
  0x27, 0x00, 0x00, 0xff, 0x3e, 0x2f, 0x31, 0xff, 0x38, 0x2c, 0x2e, 0xff, 0x36, 0x07, 0x0b, 0xff,
  0x40, 0x2f, 0x30, 0xff, 0x3a, 0x29, 0x2b, 0xff, 0x1f, 0x10, 0x0f, 0xff, 0x1b, 0x12, 0x16, 0xff,
  0x0b, 0x0a, 0x0b, 0xff, 0x08, 0x04, 0x01, 0xff, 0x00, 0x00, 0x00, 0x00, 0x00, 0x00, 0x00, 0x00,
  0x00, 0x00, 0x00, 0x00, 0x00, 0x00, 0x00, 0x00, 0x00, 0x00, 0x00, 0x00, 0x00, 0x00, 0x00, 0x00,
  0x00, 0x00, 0x00, 0x00, 0x00, 0x00, 0x00, 0x00, 0x00, 0x00, 0x00, 0x00, 0x00, 0x00, 0x00, 0x00,
  0x00, 0x00, 0x00, 0x00, 0x00, 0x00, 0x00, 0x00, 0x00, 0x00, 0x00, 0x00, 0x75, 0x51, 0x50, 0xff,
  0x0b, 0x05, 0x05, 0xff, 0x19, 0x0b, 0x0b, 0xff, 0x29, 0x03, 0x05, 0xff, 0x00, 0x00, 0x00, 0x00,
  0x00, 0x00, 0x00, 0x00, 0x00, 0x00, 0x00, 0x00, 0x00, 0x00, 0x00, 0x00, 0x00, 0x00, 0x00, 0x00,
  0x00, 0x00, 0x00, 0x00, 0x00, 0x00, 0x00, 0x00, 0x00, 0x00, 0x00, 0x00, 0x00, 0x00, 0x00, 0x00,
  0x00, 0x00, 0x00, 0x00, 0x00, 0x00, 0x00, 0x00, 0x00, 0x00, 0x00, 0x00, 0x00, 0x00, 0x00, 0x00,
  0x00, 0x00, 0x00, 0x00, 0x00, 0x00, 0x00, 0x00, 0x00, 0x00, 0x00, 0x00, 0x00, 0x00, 0x00, 0x00,
  0x00, 0x00, 0x00, 0x00, 0x00, 0x00, 0x00, 0x00, 0x00, 0x00, 0x00, 0x00, 0x00, 0x00, 0x00, 0x00,
  0x00, 0x00, 0x00, 0x00, 0x00, 0x00, 0x00, 0x00, 0x00, 0x00, 0x00, 0x00, 0x00, 0x00, 0x00, 0x00,
  0x00, 0x00, 0x00, 0x00, 0x00, 0x00, 0x00, 0x00, 0x00, 0x00, 0x00, 0x00, 0x00, 0x00, 0x00, 0x00,
  0x00, 0x00, 0x00, 0x00, 0x00, 0x00, 0x00, 0x00, 0x00, 0x00, 0x00, 0x00, 0x00, 0x00, 0x00, 0x00,
  0x00, 0x00, 0x00, 0x00, 0x00, 0x00, 0x00, 0x00, 0x00, 0x00, 0x00, 0x00, 0x00, 0x00, 0x00, 0x00,
  0x00, 0x00, 0x00, 0x00, 0x00, 0x00, 0x00, 0x00, 0x00, 0x00, 0x00, 0x00, 0x00, 0x00, 0x00, 0x00,
  0x00, 0x00, 0x00, 0x00, 0x00, 0x00, 0x00, 0x00, 0x00, 0x00, 0x00, 0x00, 0x00, 0x00, 0x00, 0x00,
  0x00, 0x00, 0x00, 0x00, 0x00, 0x00, 0x00, 0x00, 0x00, 0x00, 0x00, 0x00, 0x00, 0x00, 0x00, 0x00,
  0x00, 0x00, 0x00, 0x00, 0x00, 0x00, 0x00, 0x00, 0x00, 0x00, 0x00, 0x00, 0x00, 0x00, 0x00, 0x00,
  0x00, 0x00, 0x00, 0x00, 0x00, 0x00, 0x00, 0x00, 0x00, 0x00, 0x00, 0x00, 0x00, 0x00, 0x00, 0x00,
  0x00, 0x00, 0x00, 0x00, 0x00, 0x00, 0x00, 0x00, 0x00, 0x00, 0x00, 0x00, 0x00, 0x00, 0x00, 0x00,
  0x00, 0x00, 0x00, 0x00, 0x00, 0x00, 0x00, 0x00, 0x00, 0x00, 0x00, 0x00, 0x00, 0x00, 0x00, 0x00,
  0x00, 0x00, 0x00, 0x00, 0x00, 0x00, 0x00, 0x00, 0x00, 0x00, 0x00, 0x00, 0x00, 0x00, 0x00, 0x00,
  0x00, 0x00, 0x00, 0x00, 0x00, 0x00, 0x00, 0x00, 0x00, 0x00, 0x00, 0x00, 0x00, 0x00, 0x00, 0x00,
  0x00, 0x00, 0x00, 0x00, 0x00, 0x00, 0x00, 0x00, 0x00, 0x00, 0x00, 0x00, 0x00, 0x00, 0x00, 0x00,
  0x00, 0x00, 0x00, 0x00, 0x00, 0x00, 0x00, 0x00, 0x00, 0x00, 0x00, 0x00, 0x00, 0x00, 0x00, 0x00,
  0x00, 0x00, 0x00, 0x00, 0x00, 0x00, 0x00, 0x00, 0x00, 0x00, 0x00, 0x00, 0x00, 0x00, 0x00, 0x00,
  0x00, 0x00, 0x00, 0x00, 0x00, 0x00, 0x00, 0x00, 0x00, 0x00, 0x00, 0x00, 0x00, 0x00, 0x00, 0x00,
  0x00, 0x00, 0x00, 0x00, 0x00, 0x00, 0x00, 0x00, 0x00, 0x00, 0x00, 0x00, 0x00, 0x00, 0x00, 0x00,
  0x00, 0x00, 0x00, 0x00, 0x00, 0x00, 0x00, 0x00, 0x00, 0x00, 0x00, 0x00, 0x00, 0x00, 0x00, 0x00,
  0x00, 0x00, 0x00, 0x00, 0x00, 0x00, 0x00, 0x00, 0x00, 0x00, 0x00, 0x00, 0x00, 0x00, 0x00, 0x00,
  0x00, 0x00, 0x00, 0x00, 0x00, 0x00, 0x00, 0x00, 0x6a, 0x51, 0x4e, 0xff, 0x00, 0x00, 0x00, 0x00,
  0x00, 0x00, 0x00, 0x00, 0x00, 0x00, 0x00, 0x00, 0x00, 0x00, 0x00, 0x00, 0x00, 0x00, 0x00, 0x00,
  0x00, 0x00, 0x00, 0x00, 0x00, 0x00, 0x00, 0x00, 0x00, 0x00, 0x00, 0x00, 0x00, 0x00, 0x00, 0x00,
  0x00, 0x00, 0x00, 0x00, 0x53, 0x0a, 0x0f, 0xff, 0x1b, 0x0a, 0x0c, 0xff, 0x13, 0x0e, 0x0c, 0xff,
  0x0b, 0x00, 0x00, 0xff, 0x00, 0x00, 0x00, 0x00, 0x00, 0x00, 0x00, 0x00, 0x00, 0x00, 0x00, 0x00,
  0x00, 0x00, 0x00, 0x00, 0x00, 0x00, 0x00, 0x00, 0x00, 0x00, 0x00, 0x00, 0x00, 0x00, 0x00, 0x00,
  0x00, 0x00, 0x00, 0x00, 0x00, 0x00, 0x00, 0x00, 0x00, 0x00, 0x00, 0x00, 0x00, 0x00, 0x00, 0x00,
  0x00, 0x00, 0x00, 0x00, 0x00, 0x00, 0x00, 0x00, 0x00, 0x00, 0x00, 0x00, 0x00, 0x00, 0x00, 0xff,
  0x06, 0x04, 0x01, 0xff, 0x07, 0x02, 0x02, 0xff, 0x03, 0x02, 0x01, 0xff, 0x03, 0x02, 0x03, 0xff,
  0x04, 0x02, 0x04, 0xff, 0x02, 0x02, 0x02, 0xff, 0x03, 0x02, 0x03, 0xff, 0x21, 0x00, 0x00, 0xff,
  0xbb, 0x1f, 0x25, 0xff, 0x2d, 0x22, 0x1f, 0xff, 0x2d, 0x22, 0x25, 0xff, 0x35, 0x24, 0x25, 0xff,
  0x7a, 0x2b, 0x2d, 0xff, 0x00, 0x00, 0x00, 0x00, 0x6b, 0x0b, 0x14, 0xff, 0x82, 0x05, 0x14, 0xff,
  0x0f, 0x00, 0x00, 0xff, 0x00, 0x00, 0x00, 0xff, 0x23, 0x1d, 0x1e, 0xff, 0x00, 0x00, 0x00, 0xff,
  0x00, 0x01, 0x00, 0xff, 0x14, 0x10, 0x11, 0xff, 0x22, 0x1b, 0x1c, 0xff, 0x17, 0x11, 0x12, 0xff,
  0x9c, 0x19, 0x23, 0xff, 0x78, 0x07, 0x12, 0xff, 0x05, 0x04, 0x01, 0xff, 0x3a, 0x2c, 0x29, 0xff,
  0x12, 0x00, 0x01, 0xff, 0x2f, 0x21, 0x25, 0xff, 0x31, 0x20, 0x25, 0xff, 0x3b, 0x05, 0x05, 0xff,
  0xc1, 0x22, 0x2a, 0xff, 0x05, 0x02, 0x01, 0xff, 0x07, 0x06, 0x07, 0xff, 0x0b, 0x06, 0x08, 0xff,
  0x0a, 0x07, 0x09, 0xff, 0x08, 0x06, 0x07, 0xff, 0x08, 0x03, 0x03, 0xff, 0x0c, 0x02, 0x01, 0xff,
  0x08, 0x07, 0x09, 0xff, 0x00, 0x00, 0x00, 0x00, 0x00, 0x00, 0x00, 0x00, 0x00, 0x00, 0x00, 0x00,
  0x00, 0x00, 0x00, 0x00, 0x00, 0x00, 0x00, 0x00, 0x00, 0x00, 0x00, 0x00, 0x00, 0x00, 0x00, 0x00,
  0x00, 0x00, 0x00, 0x00, 0x00, 0x00, 0x00, 0x00, 0x00, 0x00, 0x00, 0x00, 0x00, 0x00, 0x00, 0x00,
  0x00, 0x00, 0x00, 0x00, 0x00, 0x00, 0x00, 0x00, 0x00, 0x00, 0x00, 0x00, 0x77, 0x51, 0x50, 0xff,
  0x0e, 0x05, 0x05, 0xff, 0x19, 0x0f, 0x13, 0xff, 0xc5, 0x20, 0x2a, 0xff, 0x00, 0x00, 0x00, 0x00,
  0x00, 0x00, 0x00, 0x00, 0x00, 0x00, 0x00, 0x00, 0x00, 0x00, 0x00, 0x00, 0x00, 0x00, 0x00, 0x00,
  0x00, 0x00, 0x00, 0x00, 0x00, 0x00, 0x00, 0x00, 0x00, 0x00, 0x00, 0x00, 0x00, 0x00, 0x00, 0x00,
  0x00, 0x00, 0x00, 0x00, 0x00, 0x00, 0x00, 0x00, 0x00, 0x00, 0x00, 0x00, 0x00, 0x00, 0x00, 0x00,
  0x00, 0x00, 0x00, 0x00, 0x00, 0x00, 0x00, 0x00, 0x00, 0x00, 0x00, 0x00, 0x00, 0x00, 0x00, 0x00,
  0x00, 0x00, 0x00, 0x00, 0x00, 0x00, 0x00, 0x00, 0x00, 0x00, 0x00, 0x00, 0x00, 0x00, 0x00, 0x00,
  0x00, 0x00, 0x00, 0x00, 0x00, 0x00, 0x00, 0x00, 0x00, 0x00, 0x00, 0x00, 0x00, 0x00, 0x00, 0x00,
  0x00, 0x00, 0x00, 0x00, 0x00, 0x00, 0x00, 0x00, 0x00, 0x00, 0x00, 0x00, 0x00, 0x00, 0x00, 0x00,
  0x00, 0x00, 0x00, 0x00, 0x00, 0x00, 0x00, 0x00, 0x00, 0x00, 0x00, 0x00, 0x00, 0x00, 0x00, 0x00,
  0x00, 0x00, 0x00, 0x00, 0x00, 0x00, 0x00, 0x00, 0x00, 0x00, 0x00, 0x00, 0x00, 0x00, 0x00, 0x00,
  0x00, 0x00, 0x00, 0x00, 0x00, 0x00, 0x00, 0x00, 0x00, 0x00, 0x00, 0x00, 0x00, 0x00, 0x00, 0x00,
  0x00, 0x00, 0x00, 0x00, 0x00, 0x00, 0x00, 0x00, 0x00, 0x00, 0x00, 0x00, 0x00, 0x00, 0x00, 0x00,
  0x00, 0x00, 0x00, 0x00, 0x00, 0x00, 0x00, 0x00, 0x00, 0x00, 0x00, 0x00, 0x00, 0x00, 0x00, 0x00,
  0x00, 0x00, 0x00, 0x00, 0x00, 0x00, 0x00, 0x00, 0x00, 0x00, 0x00, 0x00, 0x00, 0x00, 0x00, 0x00,
  0x00, 0x00, 0x00, 0x00, 0x00, 0x00, 0x00, 0x00, 0x00, 0x00, 0x00, 0x00, 0x00, 0x00, 0x00, 0x00,
  0x00, 0x00, 0x00, 0x00, 0x00, 0x00, 0x00, 0x00, 0x00, 0x00, 0x00, 0x00, 0x00, 0x00, 0x00, 0x00,
  0x00, 0x00, 0x00, 0x00, 0x00, 0x00, 0x00, 0x00, 0x00, 0x00, 0x00, 0x00, 0x00, 0x00, 0x00, 0x00,
  0x00, 0x00, 0x00, 0x00, 0x00, 0x00, 0x00, 0x00, 0x00, 0x00, 0x00, 0x00, 0x00, 0x00, 0x00, 0x00,
  0x00, 0x00, 0x00, 0x00, 0x00, 0x00, 0x00, 0x00, 0x00, 0x00, 0x00, 0x00, 0x00, 0x00, 0x00, 0x00,
  0x00, 0x00, 0x00, 0x00, 0x00, 0x00, 0x00, 0x00, 0x00, 0x00, 0x00, 0x00, 0x00, 0x00, 0x00, 0x00,
  0x00, 0x00, 0x00, 0x00, 0x00, 0x00, 0x00, 0x00, 0x00, 0x00, 0x00, 0x00, 0x00, 0x00, 0x00, 0x00,
  0x00, 0x00, 0x00, 0x00, 0x00, 0x00, 0x00, 0x00, 0x00, 0x00, 0x00, 0x00, 0x00, 0x00, 0x00, 0x00,
  0x00, 0x00, 0x00, 0x00, 0x00, 0x00, 0x00, 0x00, 0x00, 0x00, 0x00, 0x00, 0x00, 0x00, 0x00, 0x00,
  0x00, 0x00, 0x00, 0x00, 0x00, 0x00, 0x00, 0x00, 0x00, 0x00, 0x00, 0x00, 0x00, 0x00, 0x00, 0x00,
  0x00, 0x00, 0x00, 0x00, 0x00, 0x00, 0x00, 0x00, 0x00, 0x00, 0x00, 0x00, 0x00, 0x00, 0x00, 0x00,
  0x00, 0x00, 0x00, 0x00, 0x00, 0x00, 0x00, 0x00, 0x00, 0x00, 0x00, 0x00, 0x00, 0x00, 0x00, 0x00,
  0x00, 0x00, 0x00, 0x00, 0x00, 0x00, 0x00, 0x00, 0x2d, 0x1f, 0x1f, 0xff, 0x00, 0x00, 0x00, 0x00,
  0x00, 0x00, 0x00, 0x00, 0x00, 0x00, 0x00, 0x00, 0x00, 0x00, 0x00, 0x00, 0x00, 0x00, 0x00, 0x00,
  0x00, 0x00, 0x00, 0x00, 0x00, 0x00, 0x00, 0x00, 0x00, 0x00, 0x00, 0x00, 0x00, 0x00, 0x00, 0x00,
  0x00, 0x00, 0x00, 0x00, 0x9d, 0x19, 0x24, 0xff, 0x1b, 0x10, 0x11, 0xff, 0x17, 0x0f, 0x0f, 0xff,
  0x0c, 0x00, 0x00, 0xff, 0x00, 0x00, 0x00, 0x00, 0x00, 0x00, 0x00, 0x00, 0x00, 0x00, 0x00, 0x00,
  0x00, 0x00, 0x00, 0x00, 0x00, 0x00, 0x00, 0x00, 0x1d, 0x15, 0x13, 0xff, 0x00, 0x00, 0x00, 0x00,
  0x00, 0x00, 0x00, 0x00, 0x00, 0x00, 0x00, 0x00, 0x00, 0x00, 0x00, 0x00, 0x00, 0x00, 0x00, 0x00,
  0x00, 0x00, 0x00, 0x00, 0x00, 0x00, 0x00, 0x00, 0x00, 0x00, 0x00, 0x00, 0x06, 0x02, 0x01, 0xff,
  0xa6, 0x1f, 0x27, 0xff, 0xac, 0x23, 0x2a, 0xff, 0xb5, 0x28, 0x2f, 0xff, 0xbc, 0x2f, 0x36, 0xff,
  0xbd, 0x2f, 0x35, 0xff, 0xca, 0x2f, 0x38, 0xff, 0xca, 0x2e, 0x3c, 0xff, 0xcd, 0x1d, 0x24, 0xff,
  0x5e, 0x0e, 0x0f, 0xff, 0x31, 0x22, 0x25, 0xff, 0x2f, 0x22, 0x25, 0xff, 0x34, 0x22, 0x25, 0xff,
  0x75, 0x28, 0x29, 0xff, 0x00, 0x00, 0x00, 0x00, 0x73, 0x06, 0x0f, 0xff, 0x7e, 0x03, 0x13, 0xff,
  0x0e, 0x00, 0x00, 0xff, 0x1d, 0x16, 0x16, 0xff, 0x03, 0x02, 0x03, 0xff, 0x44, 0x34, 0x37, 0xff,
  0x45, 0x35, 0x38, 0xff, 0x2c, 0x21, 0x23, 0xff, 0x07, 0x06, 0x07, 0xff, 0x02, 0x02, 0x02, 0xff,
  0x98, 0x10, 0x1d, 0xff, 0x78, 0x06, 0x11, 0xff, 0x07, 0x01, 0x00, 0xff, 0x64, 0x4c, 0x49, 0xff,
  0x17, 0x00, 0x01, 0xff, 0x2e, 0x22, 0x23, 0xff, 0x2f, 0x23, 0x25, 0xff, 0x29, 0x1d, 0x1c, 0xff,
  0xdb, 0x1f, 0x29, 0xff, 0x95, 0x35, 0x39, 0xff, 0xc1, 0x34, 0x3e, 0xff, 0xbf, 0x31, 0x37, 0xff,
  0xc2, 0x30, 0x39, 0xff, 0xc4, 0x2e, 0x35, 0xff, 0xc7, 0x2d, 0x36, 0xff, 0xc0, 0x29, 0x34, 0xff,
  0xa7, 0x36, 0x3e, 0xff, 0x00, 0x00, 0x00, 0x00, 0x00, 0x00, 0x00, 0x00, 0x00, 0x00, 0x00, 0x00,
  0x00, 0x00, 0x00, 0x00, 0x00, 0x00, 0x00, 0x00, 0x00, 0x00, 0x00, 0x00, 0x00, 0x00, 0x00, 0x00,
  0x00, 0x00, 0x00, 0x00, 0x00, 0x00, 0x00, 0x00, 0xcb, 0x9d, 0x98, 0xff, 0x00, 0x00, 0x00, 0x00,
  0x00, 0x00, 0x00, 0x00, 0x00, 0x00, 0x00, 0x00, 0x00, 0x00, 0x00, 0x00, 0x8e, 0x62, 0x61, 0xff,
  0x0f, 0x06, 0x08, 0xff, 0x1d, 0x12, 0x16, 0xff, 0xa3, 0x28, 0x2f, 0xff, 0x11, 0x01, 0x01, 0xff,
  0x00, 0x00, 0x00, 0x00, 0x00, 0x00, 0x00, 0x00, 0x00, 0x00, 0x00, 0x00, 0x00, 0x00, 0x00, 0x00,
  0x00, 0x00, 0x00, 0x00, 0x00, 0x00, 0x00, 0x00, 0x00, 0x00, 0x00, 0x00, 0x00, 0x00, 0x00, 0x00,
  0x00, 0x00, 0x00, 0x00, 0x00, 0x00, 0x00, 0x00, 0x15, 0x0b, 0x09, 0xff, 0x00, 0x00, 0x00, 0x00,
  0x00, 0x00, 0x00, 0x00, 0x00, 0x00, 0x00, 0x00, 0x00, 0x00, 0x00, 0x00, 0x00, 0x00, 0x00, 0x00,
  0x00, 0x00, 0x00, 0x00, 0x00, 0x00, 0x00, 0x00, 0x00, 0x00, 0x00, 0x00, 0x00, 0x00, 0x00, 0x00,
  0x00, 0x00, 0x00, 0x00, 0x00, 0x00, 0x00, 0x00, 0x00, 0x00, 0x00, 0x00, 0x00, 0x00, 0x00, 0x00,
  0x00, 0x00, 0x00, 0x00, 0x00, 0x00, 0x00, 0x00, 0x00, 0x00, 0x00, 0x00, 0x00, 0x00, 0x00, 0x00,
  0x00, 0x00, 0x00, 0x00, 0x00, 0x00, 0x00, 0x00, 0x00, 0x00, 0x00, 0x00, 0x00, 0x00, 0x00, 0x00,
  0x00, 0x00, 0x00, 0x00, 0x00, 0x00, 0x00, 0x00, 0x00, 0x00, 0x00, 0x00, 0x00, 0x00, 0x00, 0x00,
  0x00, 0x00, 0x00, 0x00, 0x00, 0x00, 0x00, 0x00, 0x00, 0x00, 0x00, 0x00, 0x00, 0x00, 0x00, 0x00,
  0x00, 0x00, 0x00, 0x00, 0x00, 0x00, 0x00, 0x00, 0x00, 0x00, 0x00, 0x00, 0x00, 0x00, 0x00, 0x00,
  0x00, 0x00, 0x00, 0x00, 0x00, 0x00, 0x00, 0x00, 0x00, 0x00, 0x00, 0x00, 0x00, 0x00, 0x00, 0x00,
  0x00, 0x00, 0x00, 0x00, 0x00, 0x00, 0x00, 0x00, 0x00, 0x00, 0x00, 0x00, 0x00, 0x00, 0x00, 0x00,
  0x00, 0x00, 0x00, 0x00, 0x00, 0x00, 0x00, 0x00, 0x00, 0x00, 0x00, 0x00, 0x00, 0x00, 0x00, 0x00,
  0x00, 0x00, 0x00, 0x00, 0x00, 0x00, 0x00, 0x00, 0x00, 0x00, 0x00, 0x00, 0x00, 0x00, 0x00, 0x00,
  0x00, 0x00, 0x00, 0x00, 0x00, 0x00, 0x00, 0x00, 0x00, 0x00, 0x00, 0x00, 0x00, 0x00, 0x00, 0x00,
  0x00, 0x00, 0x00, 0x00, 0x00, 0x00, 0x00, 0x00, 0x00, 0x00, 0x00, 0x00, 0x00, 0x00, 0x00, 0x00,
  0x00, 0x00, 0x00, 0x00, 0x00, 0x00, 0x00, 0x00, 0x00, 0x00, 0x00, 0x00, 0x00, 0x00, 0x00, 0x00,
  0x00, 0x00, 0x00, 0x00, 0x00, 0x00, 0x00, 0x00, 0x00, 0x00, 0x00, 0x00, 0x00, 0x00, 0x00, 0x00,
  0x00, 0x00, 0x00, 0x00, 0x00, 0x00, 0x00, 0x00, 0x00, 0x00, 0x00, 0x00, 0x00, 0x00, 0x00, 0x00,
  0x00, 0x00, 0x00, 0x00, 0x00, 0x00, 0x00, 0x00, 0x00, 0x00, 0x00, 0x00, 0x00, 0x00, 0x00, 0x00,
  0x00, 0x00, 0x00, 0x00, 0x00, 0x00, 0x00, 0x00, 0x00, 0x00, 0x00, 0x00, 0x00, 0x00, 0x00, 0x00,
  0x00, 0x00, 0x00, 0x00, 0x00, 0x00, 0x00, 0x00, 0x00, 0x00, 0x00, 0x00, 0x00, 0x00, 0x00, 0x00,
  0x00, 0x00, 0x00, 0x00, 0x00, 0x00, 0x00, 0x00, 0x00, 0x00, 0x00, 0x00, 0x00, 0x00, 0x00, 0x00,
  0x00, 0x00, 0x00, 0x00, 0x00, 0x00, 0x00, 0x00, 0x00, 0x00, 0x00, 0x00, 0x00, 0x00, 0x00, 0x00,
  0x00, 0x00, 0x00, 0x00, 0x46, 0x06, 0x08, 0xff, 0x37, 0x22, 0x21, 0xff, 0x00, 0x00, 0x00, 0x00,
  0x00, 0x00, 0x00, 0x00, 0x00, 0x00, 0x00, 0x00, 0x00, 0x00, 0x00, 0x00, 0x00, 0x00, 0x00, 0x00,
  0x00, 0x00, 0x00, 0x00, 0x00, 0x00, 0x00, 0x00, 0x00, 0x00, 0x00, 0x00, 0x00, 0x00, 0x00, 0x00,
  0x00, 0x00, 0x00, 0x00, 0x5f, 0x14, 0x1b, 0xff, 0x1c, 0x13, 0x13, 0xff, 0x1b, 0x12, 0x14, 0xff,
  0x0e, 0x00, 0x00, 0xff, 0x00, 0x00, 0x00, 0x00, 0x00, 0x00, 0x00, 0x00, 0x00, 0x00, 0x00, 0x00,
  0x1b, 0x15, 0x14, 0xff, 0xd0, 0x29, 0x35, 0xff, 0x6b, 0x1c, 0x23, 0xff, 0xb4, 0x23, 0x2e, 0xff,
  0x1e, 0x15, 0x10, 0xff, 0x00, 0x00, 0x00, 0x00, 0x00, 0x00, 0x00, 0x00, 0x00, 0x00, 0x00, 0x00,
  0x00, 0x00, 0x00, 0x00, 0x00, 0x00, 0x00, 0x00, 0x0b, 0x07, 0x08, 0xff, 0xaa, 0x1c, 0x24, 0xff,
  0x0b, 0x05, 0x05, 0xff, 0x32, 0x25, 0x28, 0xff, 0x31, 0x25, 0x29, 0xff, 0x2f, 0x25, 0x27, 0xff,
  0x2e, 0x24, 0x25, 0xff, 0x2f, 0x24, 0x28, 0xff, 0x13, 0x03, 0x01, 0xff, 0xcd, 0x17, 0x22, 0xff,
  0x0e, 0x07, 0x05, 0xff, 0x2f, 0x23, 0x25, 0xff, 0x2f, 0x22, 0x25, 0xff, 0x34, 0x23, 0x25, 0xff,
  0x67, 0x1e, 0x1f, 0xff, 0x0f, 0x0a, 0x0a, 0xff, 0x79, 0x06, 0x10, 0xff, 0x7b, 0x03, 0x10, 0xff,
  0x0c, 0x00, 0x00, 0xff, 0x04, 0x02, 0x02, 0xff, 0x28, 0x1e, 0x20, 0xff, 0x41, 0x31, 0x37, 0xff,
  0x42, 0x32, 0x38, 0xff, 0x36, 0x28, 0x2b, 0xff, 0x18, 0x12, 0x13, 0xff, 0x00, 0x00, 0x00, 0xff,
  0x8e, 0x0c, 0x16, 0xff, 0x78, 0x07, 0x12, 0xff, 0x08, 0x01, 0x01, 0xff, 0x00, 0x00, 0x00, 0xff,
  0x1b, 0x00, 0x01, 0xff, 0x32, 0x22, 0x25, 0xff, 0x32, 0x22, 0x25, 0xff, 0x32, 0x22, 0x25, 0xff,
  0xd4, 0x1e, 0x2a, 0xff, 0x7a, 0x1c, 0x1f, 0xff, 0x34, 0x25, 0x25, 0xff, 0x34, 0x24, 0x29, 0xff,
  0x34, 0x27, 0x2a, 0xff, 0x36, 0x2a, 0x2d, 0xff, 0x3b, 0x2d, 0x2f, 0xff, 0x3b, 0x2f, 0x30, 0xff,
  0xb5, 0x25, 0x35, 0xff, 0x12, 0x0e, 0x0c, 0xff, 0x89, 0x69, 0x64, 0xff, 0x00, 0x00, 0x00, 0x00,
  0x00, 0x00, 0x00, 0x00, 0x00, 0x00, 0x00, 0x00, 0x00, 0x00, 0x00, 0x00, 0x00, 0x00, 0x00, 0x00,
  0x31, 0x07, 0x03, 0xff, 0x30, 0x02, 0x01, 0xff, 0x7d, 0x1f, 0x25, 0xff, 0x06, 0x02, 0x00, 0xff,
  0x00, 0x00, 0x00, 0x00, 0x00, 0x00, 0x00, 0x00, 0x00, 0x00, 0x00, 0x00, 0x93, 0x65, 0x63, 0xff,
  0x0b, 0x08, 0x08, 0xff, 0x1d, 0x13, 0x16, 0xff, 0x0b, 0x04, 0x05, 0xff, 0x12, 0x01, 0x01, 0xff,
  0x00, 0x00, 0x00, 0x00, 0x00, 0x00, 0x00, 0x00, 0x00, 0x00, 0x00, 0x00, 0x00, 0x00, 0x00, 0x00,
  0x00, 0x00, 0x00, 0x00, 0x00, 0x00, 0x00, 0x00, 0x00, 0x00, 0x00, 0x00, 0x00, 0x00, 0x00, 0x00,
  0x00, 0x00, 0x00, 0x00, 0x00, 0x00, 0x00, 0x00, 0x93, 0x16, 0x21, 0xff, 0x00, 0x00, 0x00, 0x00,
  0x00, 0x00, 0x00, 0x00, 0x00, 0x00, 0x00, 0x00, 0x00, 0x00, 0x00, 0x00, 0x00, 0x00, 0x00, 0x00,
  0x00, 0x00, 0x00, 0x00, 0x00, 0x00, 0x00, 0x00, 0x00, 0x00, 0x00, 0x00, 0x00, 0x00, 0x00, 0x00,
  0x00, 0x00, 0x00, 0x00, 0x00, 0x00, 0x00, 0x00, 0x00, 0x00, 0x00, 0x00, 0x00, 0x00, 0x00, 0x00,
  0x00, 0x00, 0x00, 0x00, 0x00, 0x00, 0x00, 0x00, 0x00, 0x00, 0x00, 0x00, 0x00, 0x00, 0x00, 0x00,
  0x00, 0x00, 0x00, 0x00, 0x00, 0x00, 0x00, 0x00, 0x00, 0x00, 0x00, 0x00, 0x00, 0x00, 0x00, 0x00,
  0x00, 0x00, 0x00, 0x00, 0x00, 0x00, 0x00, 0x00, 0x00, 0x00, 0x00, 0x00, 0x00, 0x00, 0x00, 0x00,
  0x00, 0x00, 0x00, 0x00, 0x00, 0x00, 0x00, 0x00, 0x00, 0x00, 0x00, 0x00, 0x00, 0x00, 0x00, 0x00,
  0x00, 0x00, 0x00, 0x00, 0x00, 0x00, 0x00, 0x00, 0x00, 0x00, 0x00, 0x00, 0x00, 0x00, 0x00, 0x00,
  0x00, 0x00, 0x00, 0x00, 0x00, 0x00, 0x00, 0x00, 0x00, 0x00, 0x00, 0x00, 0x00, 0x00, 0x00, 0x00,
  0x00, 0x00, 0x00, 0x00, 0x00, 0x00, 0x00, 0x00, 0x00, 0x00, 0x00, 0x00, 0x00, 0x00, 0x00, 0x00,
  0x00, 0x00, 0x00, 0x00, 0x00, 0x00, 0x00, 0x00, 0x00, 0x00, 0x00, 0x00, 0x00, 0x00, 0x00, 0x00,
  0x00, 0x00, 0x00, 0x00, 0x00, 0x00, 0x00, 0x00, 0x00, 0x00, 0x00, 0x00, 0x00, 0x00, 0x00, 0x00,
  0x00, 0x00, 0x00, 0x00, 0x00, 0x00, 0x00, 0x00, 0x00, 0x00, 0x00, 0x00, 0x00, 0x00, 0x00, 0x00,
  0x00, 0x00, 0x00, 0x00, 0x00, 0x00, 0x00, 0x00, 0x00, 0x00, 0x00, 0x00, 0x00, 0x00, 0x00, 0x00,
  0x00, 0x00, 0x00, 0x00, 0x00, 0x00, 0x00, 0x00, 0x00, 0x00, 0x00, 0x00, 0x00, 0x00, 0x00, 0x00,
  0x00, 0x00, 0x00, 0x00, 0x00, 0x00, 0x00, 0x00, 0x00, 0x00, 0x00, 0x00, 0x00, 0x00, 0x00, 0x00,
  0x00, 0x00, 0x00, 0x00, 0x00, 0x00, 0x00, 0x00, 0x00, 0x00, 0x00, 0x00, 0x00, 0x00, 0x00, 0x00,
  0x00, 0x00, 0x00, 0x00, 0x00, 0x00, 0x00, 0x00, 0x00, 0x00, 0x00, 0x00, 0x00, 0x00, 0x00, 0x00,
  0x00, 0x00, 0x00, 0x00, 0x00, 0x00, 0x00, 0x00, 0x00, 0x00, 0x00, 0x00, 0x00, 0x00, 0x00, 0x00,
  0x00, 0x00, 0x00, 0x00, 0x00, 0x00, 0x00, 0x00, 0x00, 0x00, 0x00, 0x00, 0x00, 0x00, 0x00, 0x00,
  0x00, 0x00, 0x00, 0x00, 0x00, 0x00, 0x00, 0x00, 0x00, 0x00, 0x00, 0x00, 0x00, 0x00, 0x00, 0x00,
  0x00, 0x00, 0x00, 0x00, 0x3e, 0x2f, 0x2d, 0xff, 0x00, 0x00, 0x00, 0x00, 0x00, 0x00, 0x00, 0x00,
  0x00, 0x00, 0x00, 0x00, 0xb3, 0x1c, 0x27, 0xff, 0x3a, 0x25, 0x24, 0xff, 0x00, 0x00, 0x00, 0x00,
  0x00, 0x00, 0x00, 0x00, 0x00, 0x00, 0x00, 0x00, 0x00, 0x00, 0x00, 0x00, 0x00, 0x00, 0x00, 0x00,
  0x00, 0x00, 0x00, 0x00, 0x00, 0x00, 0x00, 0x00, 0x00, 0x00, 0x00, 0x00, 0x00, 0x00, 0x00, 0x00,
  0x00, 0x00, 0x00, 0x00, 0x35, 0x0a, 0x0e, 0xff, 0x1d, 0x14, 0x17, 0xff, 0x1b, 0x12, 0x15, 0xff,
  0x56, 0x14, 0x1b, 0xff, 0x00, 0x00, 0x00, 0x00, 0x10, 0x09, 0x09, 0xff, 0xae, 0x20, 0x2e, 0xff,
  0xab, 0x1b, 0x21, 0xff, 0x7b, 0x0b, 0x16, 0xff, 0x62, 0x1b, 0x1f, 0xff, 0x8a, 0x06, 0x12, 0xff,
  0xd1, 0x20, 0x2e, 0xff, 0xbf, 0x23, 0x2f, 0xff, 0x24, 0x18, 0x14, 0xff, 0x00, 0x00, 0x00, 0x00,
  0x00, 0x00, 0x00, 0x00, 0x00, 0x00, 0x00, 0x00, 0x1d, 0x12, 0x16, 0xff, 0xb1, 0x1c, 0x27, 0xff,
  0x19, 0x09, 0x0c, 0xff, 0x01, 0x00, 0x00, 0xff, 0x01, 0x00, 0x00, 0xff, 0x31, 0x25, 0x29, 0xff,
  0x2f, 0x25, 0x25, 0xff, 0x1c, 0x13, 0x13, 0xff, 0xc9, 0x14, 0x21, 0xff, 0xcc, 0x18, 0x20, 0xff,
  0x37, 0x24, 0x25, 0xff, 0x32, 0x22, 0x25, 0xff, 0x31, 0x22, 0x24, 0xff, 0x38, 0x22, 0x29, 0xff,
  0x5a, 0x19, 0x19, 0xff, 0x0f, 0x0a, 0x0b, 0xff, 0x7a, 0x04, 0x10, 0xff, 0x7c, 0x04, 0x13, 0xff,
  0x15, 0x00, 0x00, 0xff, 0x1b, 0x12, 0x14, 0xff, 0x28, 0x1d, 0x1e, 0xff, 0x40, 0x30, 0x36, 0xff,
  0x42, 0x32, 0x38, 0xff, 0x32, 0x27, 0x29, 0xff, 0x1b, 0x12, 0x14, 0xff, 0x06, 0x00, 0x00, 0xff,
  0x83, 0x09, 0x11, 0xff, 0x79, 0x07, 0x12, 0xff, 0x05, 0x00, 0x00, 0xff, 0x00, 0x00, 0x00, 0xff,
  0x1b, 0x01, 0x00, 0xff, 0x35, 0x21, 0x22, 0xff, 0x31, 0x24, 0x25, 0xff, 0x2f, 0x23, 0x25, 0xff,
  0xb6, 0x1e, 0x2b, 0xff, 0xd7, 0x14, 0x23, 0xff, 0x4f, 0x02, 0x02, 0xff, 0x31, 0x25, 0x28, 0xff,
  0x32, 0x27, 0x28, 0xff, 0x34, 0x27, 0x29, 0xff, 0x00, 0x00, 0x00, 0xff, 0x04, 0x01, 0x01, 0xff,
  0xbc, 0x20, 0x2c, 0xff, 0x14, 0x0c, 0x0c, 0xff, 0x03, 0x01, 0x01, 0xff, 0x00, 0x00, 0x00, 0x00,
  0x00, 0x00, 0x00, 0x00, 0x6b, 0x4e, 0x4b, 0xff, 0x52, 0x0b, 0x09, 0xff, 0xc8, 0x1f, 0x22, 0xff,
  0x8b, 0x02, 0x0f, 0xff, 0x30, 0x06, 0x08, 0xff, 0x2c, 0x02, 0x02, 0xff, 0x93, 0x0c, 0x16, 0xff,
  0xad, 0x17, 0x25, 0xff, 0x1e, 0x16, 0x19, 0xff, 0x00, 0x00, 0x00, 0x00, 0x09, 0x00, 0x00, 0xff,
  0x1b, 0x10, 0x13, 0xff, 0x1f, 0x16, 0x19, 0xff, 0x18, 0x10, 0x10, 0xff, 0x19, 0x02, 0x02, 0xff,
  0x00, 0x00, 0x00, 0x00, 0x00, 0x00, 0x00, 0x00, 0x00, 0x00, 0x00, 0x00, 0x00, 0x00, 0x00, 0x00,
  0x00, 0x00, 0x00, 0x00, 0x00, 0x00, 0x00, 0x00, 0x00, 0x00, 0x00, 0x00, 0x00, 0x00, 0x00, 0x00,
  0x00, 0x00, 0x00, 0x00, 0x00, 0x00, 0x00, 0x00, 0xc3, 0x12, 0x23, 0xff, 0xd6, 0xa6, 0xa1, 0xff,
  0x00, 0x00, 0x00, 0x00, 0x00, 0x00, 0x00, 0x00, 0x00, 0x00, 0x00, 0x00, 0x00, 0x00, 0x00, 0x00,
  0x00, 0x00, 0x00, 0x00, 0x00, 0x00, 0x00, 0x00, 0x00, 0x00, 0x00, 0x00, 0x00, 0x00, 0x00, 0x00,
  0x00, 0x00, 0x00, 0x00, 0x00, 0x00, 0x00, 0x00, 0x00, 0x00, 0x00, 0x00, 0x00, 0x00, 0x00, 0x00,
  0x00, 0x00, 0x00, 0x00, 0x00, 0x00, 0x00, 0x00, 0x00, 0x00, 0x00, 0x00, 0x00, 0x00, 0x00, 0x00,
  0x00, 0x00, 0x00, 0x00, 0x00, 0x00, 0x00, 0x00, 0x00, 0x00, 0x00, 0x00, 0x00, 0x00, 0x00, 0x00,
  0x00, 0x00, 0x00, 0x00, 0x00, 0x00, 0x00, 0x00, 0x00, 0x00, 0x00, 0x00, 0x00, 0x00, 0x00, 0x00,
  0x00, 0x00, 0x00, 0x00, 0x00, 0x00, 0x00, 0x00, 0x00, 0x00, 0x00, 0x00, 0x00, 0x00, 0x00, 0x00,
  0x00, 0x00, 0x00, 0x00, 0x00, 0x00, 0x00, 0x00, 0x00, 0x00, 0x00, 0x00, 0x00, 0x00, 0x00, 0x00,
  0x00, 0x00, 0x00, 0x00, 0x00, 0x00, 0x00, 0x00, 0x00, 0x00, 0x00, 0x00, 0x00, 0x00, 0x00, 0x00,
  0x00, 0x00, 0x00, 0x00, 0x00, 0x00, 0x00, 0x00, 0x00, 0x00, 0x00, 0x00, 0x00, 0x00, 0x00, 0x00,
  0x00, 0x00, 0x00, 0x00, 0x00, 0x00, 0x00, 0x00, 0x00, 0x00, 0x00, 0x00, 0x00, 0x00, 0x00, 0x00,
  0x00, 0x00, 0x00, 0x00, 0x00, 0x00, 0x00, 0x00, 0x00, 0x00, 0x00, 0x00, 0x00, 0x00, 0x00, 0x00,
  0x00, 0x00, 0x00, 0x00, 0x00, 0x00, 0x00, 0x00, 0x00, 0x00, 0x00, 0x00, 0x00, 0x00, 0x00, 0x00,
  0x00, 0x00, 0x00, 0x00, 0x00, 0x00, 0x00, 0x00, 0x00, 0x00, 0x00, 0x00, 0x00, 0x00, 0x00, 0x00,
  0x00, 0x00, 0x00, 0x00, 0x00, 0x00, 0x00, 0x00, 0x00, 0x00, 0x00, 0x00, 0x00, 0x00, 0x00, 0x00,
  0x00, 0x00, 0x00, 0x00, 0x00, 0x00, 0x00, 0x00, 0x00, 0x00, 0x00, 0x00, 0x00, 0x00, 0x00, 0x00,
  0x00, 0x00, 0x00, 0x00, 0x00, 0x00, 0x00, 0x00, 0x00, 0x00, 0x00, 0x00, 0x00, 0x00, 0x00, 0x00,
  0x00, 0x00, 0x00, 0x00, 0x00, 0x00, 0x00, 0x00, 0x00, 0x00, 0x00, 0x00, 0x00, 0x00, 0x00, 0x00,
  0x00, 0x00, 0x00, 0x00, 0x00, 0x00, 0x00, 0x00, 0x00, 0x00, 0x00, 0x00, 0x00, 0x00, 0x00, 0x00,
  0x00, 0x00, 0x00, 0x00, 0x00, 0x00, 0x00, 0x00, 0x00, 0x00, 0x00, 0x00, 0x00, 0x00, 0x00, 0x00,
  0x00, 0x00, 0x00, 0x00, 0x00, 0x00, 0x00, 0x00, 0x00, 0x00, 0x00, 0x00, 0x00, 0x00, 0x00, 0x00,
  0x00, 0x00, 0x00, 0x00, 0x58, 0x43, 0x40, 0xff, 0x00, 0x00, 0x00, 0x00, 0x00, 0x00, 0x00, 0x00,
  0x09, 0x00, 0x00, 0xff, 0xc9, 0x12, 0x24, 0xff, 0x39, 0x25, 0x25, 0xff, 0x00, 0x00, 0x00, 0x00,
  0x00, 0x00, 0x00, 0x00, 0x00, 0x00, 0x00, 0x00, 0x00, 0x00, 0x00, 0x00, 0x00, 0x00, 0x00, 0x00,
  0x00, 0x00, 0x00, 0x00, 0x00, 0x00, 0x00, 0x00, 0x00, 0x00, 0x00, 0x00, 0x00, 0x00, 0x00, 0x00,
  0x1e, 0x00, 0x00, 0xff, 0x09, 0x00, 0x00, 0xff, 0x1c, 0x13, 0x14, 0xff, 0x1d, 0x14, 0x16, 0xff,
  0x8d, 0x21, 0x27, 0xff, 0x55, 0x10, 0x0f, 0xff, 0xad, 0x18, 0x24, 0xff, 0x7d, 0x08, 0x12, 0xff,
  0x7b, 0x07, 0x11, 0xff, 0x78, 0x09, 0x12, 0xff, 0x62, 0x19, 0x1f, 0xff, 0x87, 0x03, 0x10, 0xff,
  0x88, 0x04, 0x11, 0xff, 0x8d, 0x05, 0x14, 0xff, 0xd5, 0x24, 0x35, 0xff, 0xc3, 0x2f, 0x3b, 0xff,
  0x10, 0x05, 0x00, 0xff, 0x00, 0x00, 0x00, 0xff, 0x20, 0x14, 0x18, 0xff, 0xaa, 0x1c, 0x25, 0xff,
  0x1b, 0x09, 0x0b, 0xff, 0x02, 0x02, 0x01, 0xff, 0x01, 0x00, 0x01, 0xff, 0x32, 0x28, 0x2a, 0xff,
  0x0c, 0x02, 0x03, 0xff, 0xc7, 0x19, 0x28, 0xff, 0xc8, 0x17, 0x27, 0xff, 0x19, 0x0b, 0x08, 0xff,
  0x35, 0x24, 0x25, 0xff, 0x2f, 0x23, 0x25, 0xff, 0x34, 0x22, 0x27, 0xff, 0x9b, 0x30, 0x35, 0xff,
  0x01, 0x01, 0x00, 0xff, 0x0c, 0x07, 0x08, 0xff, 0x74, 0x07, 0x11, 0xff, 0x7b, 0x03, 0x10, 0xff,
  0xb7, 0x29, 0x36, 0xff, 0x1e, 0x15, 0x16, 0xff, 0x2a, 0x1e, 0x1f, 0xff, 0x41, 0x32, 0x36, 0xff,
  0x44, 0x34, 0x39, 0xff, 0x2f, 0x23, 0x28, 0xff, 0x1b, 0x12, 0x14, 0xff, 0x10, 0x00, 0x00, 0xff,
  0x86, 0x07, 0x14, 0xff, 0x78, 0x07, 0x12, 0xff, 0x09, 0x00, 0x00, 0xff, 0x02, 0x00, 0x00, 0xff,
  0x7e, 0x23, 0x27, 0xff, 0x24, 0x0c, 0x0b, 0xff, 0x2f, 0x23, 0x25, 0xff, 0x32, 0x24, 0x25, 0xff,
  0x32, 0x1f, 0x23, 0xff, 0xd0, 0x16, 0x25, 0xff, 0xd5, 0x18, 0x23, 0xff, 0x47, 0x05, 0x08, 0xff,
  0x32, 0x27, 0x28, 0xff, 0x37, 0x2a, 0x2a, 0xff, 0x00, 0x00, 0x00, 0xff, 0x1b, 0x0f, 0x0f, 0xff,
  0xb8, 0x20, 0x28, 0xff, 0x12, 0x0a, 0x0c, 0xff, 0x0f, 0x0c, 0x0c, 0xff, 0x62, 0x4e, 0x49, 0xff,
  0x73, 0x17, 0x1d, 0xff, 0xdf, 0x19, 0x2b, 0xff, 0x9b, 0x0b, 0x14, 0xff, 0x81, 0x09, 0x14, 0xff,
  0x7e, 0x06, 0x10, 0xff, 0x34, 0x06, 0x08, 0xff, 0x2f, 0x05, 0x06, 0xff, 0x84, 0x06, 0x10, 0xff,
  0x86, 0x07, 0x14, 0xff, 0xb6, 0x1f, 0x2b, 0xff, 0x75, 0x1c, 0x22, 0xff, 0x1c, 0x01, 0x00, 0xff,
  0x1e, 0x15, 0x17, 0xff, 0x1f, 0x16, 0x19, 0xff, 0x20, 0x17, 0x17, 0xff, 0x89, 0x16, 0x1f, 0xff,
  0x00, 0x00, 0x00, 0x00, 0x00, 0x00, 0x00, 0x00, 0x00, 0x00, 0x00, 0x00, 0x00, 0x00, 0x00, 0x00,
  0x00, 0x00, 0x00, 0x00, 0x00, 0x00, 0x00, 0x00, 0x00, 0x00, 0x00, 0x00, 0x00, 0x00, 0x00, 0x00,
  0x00, 0x00, 0x00, 0x00, 0x00, 0x00, 0x00, 0x00, 0xc6, 0x10, 0x24, 0xff, 0x1c, 0x00, 0x00, 0xff,
  0x00, 0x00, 0x00, 0x00, 0x00, 0x00, 0x00, 0x00, 0x00, 0x00, 0x00, 0x00, 0x1e, 0x1b, 0x17, 0xff,
  0x00, 0x00, 0x00, 0x00, 0x00, 0x00, 0x00, 0x00, 0x00, 0x00, 0x00, 0x00, 0x00, 0x00, 0x00, 0x00,
  0x00, 0x00, 0x00, 0x00, 0x00, 0x00, 0x00, 0x00, 0x00, 0x00, 0x00, 0x00, 0x00, 0x00, 0x00, 0x00,
  0x00, 0x00, 0x00, 0x00, 0x00, 0x00, 0x00, 0x00, 0x00, 0x00, 0x00, 0x00, 0x00, 0x00, 0x00, 0x00,
  0x00, 0x00, 0x00, 0x00, 0x00, 0x00, 0x00, 0x00, 0x00, 0x00, 0x00, 0x00, 0x00, 0x00, 0x00, 0x00,
  0x00, 0x00, 0x00, 0x00, 0x00, 0x00, 0x00, 0x00, 0x00, 0x00, 0x00, 0x00, 0x00, 0x00, 0x00, 0x00,
  0x00, 0x00, 0x00, 0x00, 0x00, 0x00, 0x00, 0x00, 0x00, 0x00, 0x00, 0x00, 0x00, 0x00, 0x00, 0x00,
  0x00, 0x00, 0x00, 0x00, 0x00, 0x00, 0x00, 0x00, 0x00, 0x00, 0x00, 0x00, 0x00, 0x00, 0x00, 0x00,
  0x00, 0x00, 0x00, 0x00, 0x00, 0x00, 0x00, 0x00, 0x00, 0x00, 0x00, 0x00, 0x00, 0x00, 0x00, 0x00,
  0x00, 0x00, 0x00, 0x00, 0x00, 0x00, 0x00, 0x00, 0x00, 0x00, 0x00, 0x00, 0x00, 0x00, 0x00, 0x00,
  0x00, 0x00, 0x00, 0x00, 0x00, 0x00, 0x00, 0x00, 0x00, 0x00, 0x00, 0x00, 0x00, 0x00, 0x00, 0x00,
  0x00, 0x00, 0x00, 0x00, 0x00, 0x00, 0x00, 0x00, 0x00, 0x00, 0x00, 0x00, 0x00, 0x00, 0x00, 0x00,
  0x00, 0x00, 0x00, 0x00, 0x00, 0x00, 0x00, 0x00, 0x00, 0x00, 0x00, 0x00, 0x00, 0x00, 0x00, 0x00,
  0x00, 0x00, 0x00, 0x00, 0x00, 0x00, 0x00, 0x00, 0x00, 0x00, 0x00, 0x00, 0x00, 0x00, 0x00, 0x00,
  0x00, 0x00, 0x00, 0x00, 0x00, 0x00, 0x00, 0x00, 0x00, 0x00, 0x00, 0x00, 0x00, 0x00, 0x00, 0x00,
  0x00, 0x00, 0x00, 0x00, 0x00, 0x00, 0x00, 0x00, 0x00, 0x00, 0x00, 0x00, 0x00, 0x00, 0x00, 0x00,
  0x00, 0x00, 0x00, 0x00, 0x00, 0x00, 0x00, 0x00, 0x00, 0x00, 0x00, 0x00, 0x00, 0x00, 0x00, 0x00,
  0x00, 0x00, 0x00, 0x00, 0x00, 0x00, 0x00, 0x00, 0x00, 0x00, 0x00, 0x00, 0x00, 0x00, 0x00, 0x00,
  0x00, 0x00, 0x00, 0x00, 0x00, 0x00, 0x00, 0x00, 0x00, 0x00, 0x00, 0x00, 0x00, 0x00, 0x00, 0x00,
  0x00, 0x00, 0x00, 0x00, 0x00, 0x00, 0x00, 0x00, 0x00, 0x00, 0x00, 0x00, 0x00, 0x00, 0x00, 0x00,
  0x00, 0x00, 0x00, 0x00, 0x00, 0x00, 0x00, 0x00, 0x00, 0x00, 0x00, 0x00, 0x00, 0x00, 0x00, 0x00,
  0x0e, 0x00, 0x00, 0xff, 0x7a, 0x57, 0x57, 0xff, 0x00, 0x00, 0x00, 0x00, 0x00, 0x00, 0x00, 0x00,
  0x1b, 0x02, 0x01, 0xff, 0xcc, 0x10, 0x21, 0xff, 0x34, 0x23, 0x22, 0xff, 0x00, 0x00, 0x00, 0x00,
  0x00, 0x00, 0x00, 0x00, 0x00, 0x00, 0x00, 0x00, 0x00, 0x00, 0x00, 0x00, 0x00, 0x00, 0x00, 0x00,
  0x00, 0x00, 0x00, 0x00, 0x00, 0x00, 0x00, 0x00, 0x00, 0x00, 0x00, 0x00, 0x00, 0x00, 0x00, 0x00,
  0x20, 0x00, 0x00, 0xff, 0x12, 0x07, 0x08, 0xff, 0x1d, 0x14, 0x16, 0xff, 0x1c, 0x15, 0x16, 0xff,
  0x87, 0x27, 0x2c, 0xff, 0x1c, 0x05, 0x01, 0xff, 0x78, 0x07, 0x10, 0xff, 0x76, 0x05, 0x11, 0xff,
  0x76, 0x07, 0x12, 0xff, 0x65, 0x12, 0x16, 0xff, 0x73, 0x22, 0x27, 0xff, 0x84, 0x03, 0x0f, 0xff,
  0x86, 0x03, 0x12, 0xff, 0x87, 0x04, 0x13, 0xff, 0x89, 0x05, 0x14, 0xff, 0x88, 0x09, 0x15, 0xff,
  0x8e, 0x06, 0x17, 0xff, 0x00, 0x00, 0x00, 0xff, 0x1f, 0x13, 0x16, 0xff, 0xb1, 0x20, 0x2a, 0xff,
  0x18, 0x09, 0x09, 0xff, 0x29, 0x1c, 0x1b, 0xff, 0x20, 0x16, 0x16, 0xff, 0x34, 0x28, 0x2c, 0xff,
  0x0e, 0x00, 0x00, 0xff, 0xd6, 0x15, 0x27, 0xff, 0x19, 0x00, 0x00, 0xff, 0x37, 0x25, 0x28, 0xff,
  0x32, 0x22, 0x25, 0xff, 0x35, 0x1f, 0x25, 0xff, 0xac, 0x2c, 0x36, 0xff, 0x0f, 0x03, 0x05, 0xff,
  0x03, 0x02, 0x01, 0xff, 0x18, 0x0f, 0x10, 0xff, 0x88, 0x17, 0x21, 0xff, 0x7e, 0x07, 0x13, 0xff,
  0xc8, 0x2b, 0x35, 0xff, 0x19, 0x12, 0x12, 0xff, 0x1e, 0x16, 0x18, 0xff, 0x44, 0x34, 0x37, 0xff,
  0x41, 0x32, 0x38, 0xff, 0x24, 0x1c, 0x1f, 0xff, 0x1c, 0x15, 0x16, 0xff, 0x9e, 0x27, 0x2a, 0xff,
  0x7c, 0x07, 0x11, 0xff, 0x7a, 0x03, 0x10, 0xff, 0x0f, 0x02, 0x01, 0xff, 0x01, 0x00, 0x00, 0xff,
  0x11, 0x0f, 0x0f, 0xff, 0x73, 0x1b, 0x1c, 0xff, 0x25, 0x0e, 0x0c, 0xff, 0x32, 0x23, 0x23, 0xff,
  0x31, 0x22, 0x25, 0xff, 0x3a, 0x24, 0x25, 0xff, 0xdf, 0x19, 0x27, 0xff, 0xa8, 0x2a, 0x36, 0xff,
  0x34, 0x27, 0x28, 0xff, 0x37, 0x29, 0x2a, 0xff, 0x22, 0x19, 0x19, 0xff, 0x25, 0x16, 0x17, 0xff,
  0xbb, 0x23, 0x2e, 0xff, 0x13, 0x0f, 0x0f, 0xff, 0x13, 0x0f, 0x0f, 0xff, 0x79, 0x06, 0x10, 0xff,
  0x89, 0x05, 0x0f, 0xff, 0x78, 0x07, 0x10, 0xff, 0x7d, 0x05, 0x11, 0xff, 0x7e, 0x0a, 0x16, 0xff,
  0x82, 0x08, 0x13, 0xff, 0x2a, 0x06, 0x05, 0xff, 0x2c, 0x0a, 0x07, 0xff, 0x85, 0x05, 0x11, 0xff,
  0x83, 0x05, 0x13, 0xff, 0x83, 0x0a, 0x15, 0xff, 0x69, 0x0b, 0x11, 0xff, 0xc2, 0x2c, 0x38, 0xff,
  0x1f, 0x17, 0x18, 0xff, 0x1f, 0x17, 0x18, 0xff, 0x21, 0x16, 0x19, 0xff, 0x9c, 0x19, 0x23, 0xff,
  0x00, 0x00, 0x00, 0x00, 0x00, 0x00, 0x00, 0x00, 0x00, 0x00, 0x00, 0x00, 0x00, 0x00, 0x00, 0x00,
  0x00, 0x00, 0x00, 0x00, 0x00, 0x00, 0x00, 0x00, 0x00, 0x00, 0x00, 0x00, 0x00, 0x00, 0x00, 0x00,
  0x00, 0x00, 0x00, 0x00, 0x00, 0x00, 0x00, 0x00, 0xc9, 0x10, 0x24, 0xff, 0x38, 0x01, 0x06, 0xff,
  0x00, 0x00, 0x00, 0x00, 0x00, 0x00, 0x00, 0x00, 0x00, 0x00, 0x00, 0x00, 0x07, 0x00, 0x00, 0xff,
  0x00, 0x00, 0x00, 0x00, 0x00, 0x00, 0x00, 0x00, 0x00, 0x00, 0x00, 0x00, 0x00, 0x00, 0x00, 0x00,
  0x00, 0x00, 0x00, 0x00, 0x00, 0x00, 0x00, 0x00, 0x00, 0x00, 0x00, 0x00, 0x00, 0x00, 0x00, 0x00,
  0x00, 0x00, 0x00, 0x00, 0x00, 0x00, 0x00, 0x00, 0x00, 0x00, 0x00, 0x00, 0x00, 0x00, 0x00, 0x00,
  0x00, 0x00, 0x00, 0x00, 0x00, 0x00, 0x00, 0x00, 0x00, 0x00, 0x00, 0x00, 0x00, 0x00, 0x00, 0x00,
  0x00, 0x00, 0x00, 0x00, 0x00, 0x00, 0x00, 0x00, 0x00, 0x00, 0x00, 0x00, 0x00, 0x00, 0x00, 0x00,
  0x00, 0x00, 0x00, 0x00, 0x00, 0x00, 0x00, 0x00, 0x00, 0x00, 0x00, 0x00, 0x00, 0x00, 0x00, 0x00,
  0x00, 0x00, 0x00, 0x00, 0x00, 0x00, 0x00, 0x00, 0x00, 0x00, 0x00, 0x00, 0x00, 0x00, 0x00, 0x00,
  0x00, 0x00, 0x00, 0x00, 0x00, 0x00, 0x00, 0x00, 0x00, 0x00, 0x00, 0x00, 0x00, 0x00, 0x00, 0x00,
  0x00, 0x00, 0x00, 0x00, 0x00, 0x00, 0x00, 0x00, 0x00, 0x00, 0x00, 0x00, 0x00, 0x00, 0x00, 0x00,
  0x00, 0x00, 0x00, 0x00, 0x00, 0x00, 0x00, 0x00, 0x00, 0x00, 0x00, 0x00, 0x00, 0x00, 0x00, 0x00,
  0x00, 0x00, 0x00, 0x00, 0x00, 0x00, 0x00, 0x00, 0x00, 0x00, 0x00, 0x00, 0x00, 0x00, 0x00, 0x00,
  0x00, 0x00, 0x00, 0x00, 0x00, 0x00, 0x00, 0x00, 0x00, 0x00, 0x00, 0x00, 0x00, 0x00, 0x00, 0x00,
  0x00, 0x00, 0x00, 0x00, 0x00, 0x00, 0x00, 0x00, 0x00, 0x00, 0x00, 0x00, 0x00, 0x00, 0x00, 0x00,
  0x00, 0x00, 0x00, 0x00, 0x00, 0x00, 0x00, 0x00, 0x00, 0x00, 0x00, 0x00, 0x00, 0x00, 0x00, 0x00,
  0x00, 0x00, 0x00, 0x00, 0x00, 0x00, 0x00, 0x00, 0x00, 0x00, 0x00, 0x00, 0x00, 0x00, 0x00, 0x00,
  0x00, 0x00, 0x00, 0x00, 0x00, 0x00, 0x00, 0x00, 0x00, 0x00, 0x00, 0x00, 0x00, 0x00, 0x00, 0x00,
  0x00, 0x00, 0x00, 0x00, 0x00, 0x00, 0x00, 0x00, 0x00, 0x00, 0x00, 0x00, 0x00, 0x00, 0x00, 0x00,
  0x00, 0x00, 0x00, 0x00, 0x00, 0x00, 0x00, 0x00, 0x00, 0x00, 0x00, 0x00, 0x00, 0x00, 0x00, 0x00,
  0x00, 0x00, 0x00, 0x00, 0x00, 0x00, 0x00, 0x00, 0x00, 0x00, 0x00, 0x00, 0x00, 0x00, 0x00, 0x00,
  0x00, 0x00, 0x00, 0x00, 0x00, 0x00, 0x00, 0x00, 0x00, 0x00, 0x00, 0x00, 0x00, 0x00, 0x00, 0x00,
  0x49, 0x0f, 0x0f, 0xff, 0xa0, 0x78, 0x78, 0xff, 0x00, 0x00, 0x00, 0x00, 0x00, 0x00, 0x00, 0x00,
  0x5e, 0x0a, 0x0f, 0xff, 0xcd, 0x0f, 0x1f, 0xff, 0x3a, 0x29, 0x25, 0xff, 0x00, 0x00, 0x00, 0x00,
  0x00, 0x00, 0x00, 0x00, 0x00, 0x00, 0x00, 0x00, 0x00, 0x00, 0x00, 0x00, 0x91, 0x6d, 0x6d, 0xff,
  0x05, 0x04, 0x01, 0xff, 0x00, 0x00, 0x00, 0x00, 0x00, 0x00, 0x00, 0x00, 0x00, 0x00, 0x00, 0x00,
  0x21, 0x01, 0x00, 0xff, 0x18, 0x11, 0x13, 0xff, 0x1d, 0x16, 0x16, 0xff, 0x1b, 0x12, 0x14, 0xff,
  0x1c, 0x15, 0x14, 0xff, 0x9c, 0x1e, 0x29, 0xff, 0x65, 0x09, 0x13, 0xff, 0x6f, 0x06, 0x0f, 0xff,
  0x36, 0x06, 0x06, 0xff, 0x37, 0x0c, 0x0c, 0xff, 0x0e, 0x08, 0x05, 0xff, 0x95, 0x27, 0x2f, 0xff,
  0x37, 0x08, 0x06, 0xff, 0x83, 0x03, 0x11, 0xff, 0x84, 0x06, 0x11, 0xff, 0x84, 0x04, 0x12, 0xff,
  0x7d, 0x03, 0x10, 0xff, 0x00, 0x00, 0x00, 0xff, 0x1f, 0x13, 0x16, 0xff, 0xae, 0x1f, 0x2b, 0xff,
  0x1f, 0x0c, 0x0c, 0xff, 0x3a, 0x2a, 0x29, 0xff, 0x36, 0x28, 0x29, 0xff, 0x34, 0x27, 0x2a, 0xff,
  0x0e, 0x00, 0x00, 0xff, 0xd5, 0x18, 0x2c, 0xff, 0x0b, 0x00, 0x00, 0xff, 0x37, 0x27, 0x2a, 0xff,
  0x32, 0x25, 0x28, 0xff, 0x9c, 0x28, 0x2c, 0xff, 0x0f, 0x0a, 0x08, 0xff, 0x1c, 0x14, 0x16, 0xff,
  0x04, 0x00, 0x00, 0xff, 0x1b, 0x11, 0x14, 0xff, 0xa1, 0x35, 0x3e, 0xff, 0x7b, 0x05, 0x12, 0xff,
  0xaf, 0x21, 0x29, 0xff, 0x09, 0x06, 0x05, 0xff, 0x23, 0x1b, 0x1b, 0xff, 0x2c, 0x21, 0x24, 0xff,
  0x25, 0x1e, 0x1f, 0xff, 0x10, 0x0c, 0x0c, 0xff, 0x1b, 0x14, 0x16, 0xff, 0xce, 0x37, 0x3c, 0xff,
  0x7e, 0x05, 0x11, 0xff, 0x7b, 0x03, 0x10, 0xff, 0x1d, 0x11, 0x13, 0xff, 0x00, 0x00, 0x00, 0xff,
  0x15, 0x0c, 0x0c, 0xff, 0x1b, 0x10, 0x13, 0xff, 0x6b, 0x11, 0x14, 0xff, 0x28, 0x12, 0x14, 0xff,
  0x36, 0x25, 0x29, 0xff, 0x35, 0x24, 0x28, 0xff, 0xdb, 0x1b, 0x27, 0xff, 0x9e, 0x23, 0x2c, 0xff,
  0x37, 0x27, 0x28, 0xff, 0x38, 0x2a, 0x2b, 0xff, 0x34, 0x27, 0x28, 0xff, 0x31, 0x1d, 0x1e, 0xff,
  0xc5, 0x20, 0x2a, 0xff, 0x13, 0x0f, 0x0f, 0xff, 0x18, 0x10, 0x11, 0xff, 0x75, 0x06, 0x10, 0xff,
  0x77, 0x04, 0x10, 0xff, 0x78, 0x06, 0x11, 0xff, 0x7b, 0x07, 0x13, 0xff, 0x52, 0x0b, 0x0f, 0xff,
  0x6a, 0x13, 0x18, 0xff, 0x2b, 0x06, 0x08, 0xff, 0x20, 0x06, 0x05, 0xff, 0x6d, 0x13, 0x16, 0xff,
  0x6c, 0x10, 0x19, 0xff, 0x82, 0x07, 0x13, 0xff, 0x8b, 0x2c, 0x2f, 0xff, 0x22, 0x16, 0x15, 0xff,
  0x1d, 0x16, 0x16, 0xff, 0x1d, 0x16, 0x17, 0xff, 0x20, 0x16, 0x17, 0xff, 0xa2, 0x29, 0x35, 0xff,
  0x00, 0x00, 0x00, 0x00, 0x00, 0x00, 0x00, 0x00, 0x00, 0x00, 0x00, 0x00, 0xde, 0xaa, 0xa7, 0xff,
  0x2f, 0x29, 0x27, 0xff, 0x00, 0x00, 0x00, 0x00, 0x00, 0x00, 0x00, 0x00, 0x00, 0x00, 0x00, 0x00,
  0x00, 0x00, 0x00, 0x00, 0x00, 0x00, 0x00, 0x00, 0xce, 0x14, 0x23, 0xff, 0x71, 0x09, 0x14, 0xff,
  0x00, 0x00, 0x00, 0x00, 0x00, 0x00, 0x00, 0x00, 0x00, 0x00, 0x00, 0x00, 0x31, 0x0a, 0x10, 0xff,
  0x00, 0x00, 0x00, 0x00, 0x00, 0x00, 0x00, 0x00, 0x00, 0x00, 0x00, 0x00, 0x00, 0x00, 0x00, 0x00,
  0x00, 0x00, 0x00, 0x00, 0x00, 0x00, 0x00, 0x00, 0x00, 0x00, 0x00, 0x00, 0x00, 0x00, 0x00, 0x00,
  0x00, 0x00, 0x00, 0x00, 0x00, 0x00, 0x00, 0x00, 0x00, 0x00, 0x00, 0x00, 0x00, 0x00, 0x00, 0x00,
  0x00, 0x00, 0x00, 0x00, 0x00, 0x00, 0x00, 0x00, 0x00, 0x00, 0x00, 0x00, 0x00, 0x00, 0x00, 0x00,
  0x00, 0x00, 0x00, 0x00, 0x00, 0x00, 0x00, 0x00, 0x00, 0x00, 0x00, 0x00, 0x00, 0x00, 0x00, 0x00,
  0x00, 0x00, 0x00, 0x00, 0x00, 0x00, 0x00, 0x00, 0x00, 0x00, 0x00, 0x00, 0x00, 0x00, 0x00, 0x00,
  0x00, 0x00, 0x00, 0x00, 0x00, 0x00, 0x00, 0x00, 0x00, 0x00, 0x00, 0x00, 0x00, 0x00, 0x00, 0x00,
  0x00, 0x00, 0x00, 0x00, 0x00, 0x00, 0x00, 0x00, 0x00, 0x00, 0x00, 0x00, 0x00, 0x00, 0x00, 0x00,
  0x00, 0x00, 0x00, 0x00, 0x00, 0x00, 0x00, 0x00, 0x00, 0x00, 0x00, 0x00, 0x00, 0x00, 0x00, 0x00,
  0x00, 0x00, 0x00, 0x00, 0x00, 0x00, 0x00, 0x00, 0x00, 0x00, 0x00, 0x00, 0x00, 0x00, 0x00, 0x00,
  0x00, 0x00, 0x00, 0x00, 0x00, 0x00, 0x00, 0x00, 0x00, 0x00, 0x00, 0x00, 0x00, 0x00, 0x00, 0x00,
  0x00, 0x00, 0x00, 0x00, 0x00, 0x00, 0x00, 0x00, 0x00, 0x00, 0x00, 0x00, 0x00, 0x00, 0x00, 0x00,
  0x00, 0x00, 0x00, 0x00, 0x00, 0x00, 0x00, 0x00, 0x00, 0x00, 0x00, 0x00, 0x00, 0x00, 0x00, 0x00,
  0x00, 0x00, 0x00, 0x00, 0x00, 0x00, 0x00, 0x00, 0x00, 0x00, 0x00, 0x00, 0x00, 0x00, 0x00, 0x00,
  0x00, 0x00, 0x00, 0x00, 0x00, 0x00, 0x00, 0x00, 0x00, 0x00, 0x00, 0x00, 0x00, 0x00, 0x00, 0x00,
  0x00, 0x00, 0x00, 0x00, 0x00, 0x00, 0x00, 0x00, 0x00, 0x00, 0x00, 0x00, 0x00, 0x00, 0x00, 0x00,
  0x00, 0x00, 0x00, 0x00, 0x00, 0x00, 0x00, 0x00, 0x00, 0x00, 0x00, 0x00, 0x00, 0x00, 0x00, 0x00,
  0x00, 0x00, 0x00, 0x00, 0x00, 0x00, 0x00, 0x00, 0x00, 0x00, 0x00, 0x00, 0x00, 0x00, 0x00, 0x00,
  0x00, 0x00, 0x00, 0x00, 0x00, 0x00, 0x00, 0x00, 0x00, 0x00, 0x00, 0x00, 0x00, 0x00, 0x00, 0x00,
  0x00, 0x00, 0x00, 0x00, 0x00, 0x00, 0x00, 0x00, 0x00, 0x00, 0x00, 0x00, 0x00, 0x00, 0x00, 0x00,
  0x4f, 0x12, 0x16, 0xff, 0x3c, 0x0a, 0x0f, 0xff, 0x00, 0x00, 0x00, 0x00, 0x00, 0x00, 0x00, 0x00,
  0x80, 0x0c, 0x14, 0xff, 0xc5, 0x0f, 0x1f, 0xff, 0x41, 0x2e, 0x29, 0xff, 0x00, 0x00, 0x00, 0x00,
  0x00, 0x00, 0x00, 0x00, 0x00, 0x00, 0x00, 0x00, 0x21, 0x02, 0x00, 0xff, 0xb5, 0x1d, 0x29, 0xff,
  0x4b, 0x08, 0x0c, 0xff, 0x35, 0x29, 0x25, 0xff, 0x00, 0x00, 0x00, 0x00, 0x55, 0x3d, 0x39, 0xff,
  0x3c, 0x06, 0x06, 0xff, 0x20, 0x13, 0x16, 0xff, 0x1e, 0x16, 0x17, 0xff, 0x1d, 0x16, 0x16, 0xff,
  0x1f, 0x15, 0x16, 0xff, 0x13, 0x07, 0x06, 0xff, 0x29, 0x06, 0x01, 0xff, 0x6c, 0x1c, 0x1c, 0xff,
  0x11, 0x0a, 0x0b, 0xff, 0x18, 0x0f, 0x0f, 0xff, 0x02, 0x02, 0x01, 0xff, 0x1d, 0x16, 0x16, 0xff,
  0x09, 0x06, 0x03, 0xff, 0x91, 0x23, 0x2a, 0xff, 0x29, 0x03, 0x02, 0xff, 0x7a, 0x04, 0x11, 0xff,
  0x7c, 0x06, 0x13, 0xff, 0x00, 0x00, 0x00, 0xff, 0x1b, 0x12, 0x14, 0xff, 0x12, 0x0a, 0x0b, 0xff,
  0xa0, 0x1f, 0x28, 0xff, 0x23, 0x15, 0x14, 0xff, 0x34, 0x28, 0x29, 0xff, 0x35, 0x28, 0x2b, 0xff,
  0x0f, 0x00, 0x00, 0xff, 0xdc, 0x17, 0x2b, 0xff, 0x0a, 0x01, 0x01, 0xff, 0x38, 0x27, 0x29, 0xff,
  0x38, 0x25, 0x28, 0xff, 0x43, 0x0c, 0x0c, 0xff, 0x0f, 0x0b, 0x0c, 0xff, 0xac, 0x2a, 0x2b, 0xff,
  0x03, 0x02, 0x01, 0xff, 0x1d, 0x12, 0x15, 0xff, 0x17, 0x02, 0x00, 0xff, 0x80, 0x06, 0x10, 0xff,
  0x82, 0x07, 0x14, 0xff, 0x08, 0x00, 0x00, 0xff, 0x00, 0x00, 0x00, 0xff, 0x3e, 0x2f, 0x30, 0xff,
  0x39, 0x2f, 0x32, 0xff, 0x08, 0x03, 0x04, 0xff, 0x21, 0x16, 0x18, 0xff, 0xca, 0x30, 0x37, 0xff,
  0x80, 0x03, 0x12, 0xff, 0x71, 0x07, 0x11, 0xff, 0x1c, 0x12, 0x13, 0xff, 0x01, 0x01, 0x00, 0xff,
  0xb0, 0x28, 0x2a, 0xff, 0x13, 0x03, 0x01, 0xff, 0x0f, 0x09, 0x08, 0xff, 0x2c, 0x01, 0x04, 0xff,
  0x36, 0x25, 0x29, 0xff, 0x35, 0x23, 0x27, 0xff, 0xdb, 0x18, 0x23, 0xff, 0x9e, 0x23, 0x2a, 0xff,
  0x37, 0x27, 0x29, 0xff, 0x34, 0x27, 0x2a, 0xff, 0x37, 0x27, 0x29, 0xff, 0x75, 0x0f, 0x17, 0xff,
  0x13, 0x00, 0x00, 0xff, 0x1d, 0x13, 0x15, 0xff, 0x19, 0x10, 0x0f, 0xff, 0x6f, 0x05, 0x0f, 0xff,
  0x76, 0x03, 0x10, 0xff, 0x3a, 0x08, 0x08, 0xff, 0x73, 0x17, 0x1b, 0xff, 0x1d, 0x02, 0x01, 0xff,
  0x11, 0x0e, 0x0b, 0xff, 0x18, 0x11, 0x13, 0xff, 0x10, 0x06, 0x07, 0xff, 0x18, 0x14, 0x15, 0xff,
  0x73, 0x29, 0x2c, 0xff, 0x02, 0x02, 0x00, 0xff, 0x32, 0x03, 0x05, 0xff, 0x20, 0x15, 0x15, 0xff,
  0x1e, 0x16, 0x17, 0xff, 0x1e, 0x16, 0x19, 0xff, 0x22, 0x16, 0x19, 0xff, 0xae, 0x2a, 0x30, 0xff,
  0x10, 0x02, 0x04, 0xff, 0x00, 0x00, 0x00, 0x00, 0x00, 0x00, 0x00, 0x00, 0x21, 0x02, 0x02, 0xff,
  0xaa, 0x12, 0x22, 0xff, 0x3b, 0x07, 0x06, 0xff, 0x91, 0x73, 0x6e, 0xff, 0x00, 0x00, 0x00, 0x00,
  0x00, 0x00, 0x00, 0x00, 0x00, 0x00, 0x00, 0x00, 0xd3, 0x12, 0x21, 0xff, 0x90, 0x0c, 0x1c, 0xff,
  0x00, 0x00, 0x00, 0x00, 0x00, 0x00, 0x00, 0x00, 0x1f, 0x02, 0x04, 0xff, 0x4b, 0x13, 0x18, 0xff,
  0x00, 0x00, 0x00, 0x00, 0x00, 0x00, 0x00, 0x00, 0x00, 0x00, 0x00, 0x00, 0x00, 0x00, 0x00, 0x00,
  0x00, 0x00, 0x00, 0x00, 0x00, 0x00, 0x00, 0x00, 0x00, 0x00, 0x00, 0x00, 0x00, 0x00, 0x00, 0x00,
  0x00, 0x00, 0x00, 0x00, 0x00, 0x00, 0x00, 0x00, 0x00, 0x00, 0x00, 0x00, 0x00, 0x00, 0x00, 0x00,
  0x00, 0x00, 0x00, 0x00, 0x00, 0x00, 0x00, 0x00, 0x00, 0x00, 0x00, 0x00, 0x00, 0x00, 0x00, 0x00,
  0x00, 0x00, 0x00, 0x00, 0x00, 0x00, 0x00, 0x00, 0x00, 0x00, 0x00, 0x00, 0x00, 0x00, 0x00, 0x00,
  0x00, 0x00, 0x00, 0x00, 0x00, 0x00, 0x00, 0x00, 0x00, 0x00, 0x00, 0x00, 0x00, 0x00, 0x00, 0x00,
  0x00, 0x00, 0x00, 0x00, 0x00, 0x00, 0x00, 0x00, 0x00, 0x00, 0x00, 0x00, 0x00, 0x00, 0x00, 0x00,
  0x00, 0x00, 0x00, 0x00, 0x00, 0x00, 0x00, 0x00, 0x00, 0x00, 0x00, 0x00, 0x00, 0x00, 0x00, 0x00,
  0x00, 0x00, 0x00, 0x00, 0x00, 0x00, 0x00, 0x00, 0x00, 0x00, 0x00, 0x00, 0x00, 0x00, 0x00, 0x00,
  0x00, 0x00, 0x00, 0x00, 0x00, 0x00, 0x00, 0x00, 0x00, 0x00, 0x00, 0x00, 0x00, 0x00, 0x00, 0x00,
  0x00, 0x00, 0x00, 0x00, 0x00, 0x00, 0x00, 0x00, 0x00, 0x00, 0x00, 0x00, 0x00, 0x00, 0x00, 0x00,
  0x00, 0x00, 0x00, 0x00, 0x00, 0x00, 0x00, 0x00, 0x00, 0x00, 0x00, 0x00, 0x00, 0x00, 0x00, 0x00,
  0x00, 0x00, 0x00, 0x00, 0x00, 0x00, 0x00, 0x00, 0x00, 0x00, 0x00, 0x00, 0x00, 0x00, 0x00, 0x00,
  0x00, 0x00, 0x00, 0x00, 0x00, 0x00, 0x00, 0x00, 0x00, 0x00, 0x00, 0x00, 0x00, 0x00, 0x00, 0x00,
  0x00, 0x00, 0x00, 0x00, 0x00, 0x00, 0x00, 0x00, 0x00, 0x00, 0x00, 0x00, 0x00, 0x00, 0x00, 0x00,
  0x00, 0x00, 0x00, 0x00, 0x00, 0x00, 0x00, 0x00, 0x00, 0x00, 0x00, 0x00, 0x00, 0x00, 0x00, 0x00,
  0x00, 0x00, 0x00, 0x00, 0x00, 0x00, 0x00, 0x00, 0x00, 0x00, 0x00, 0x00, 0x00, 0x00, 0x00, 0x00,
  0x00, 0x00, 0x00, 0x00, 0x00, 0x00, 0x00, 0x00, 0x00, 0x00, 0x00, 0x00, 0x00, 0x00, 0x00, 0x00,
  0x00, 0x00, 0x00, 0x00, 0x00, 0x00, 0x00, 0x00, 0x00, 0x00, 0x00, 0x00, 0x00, 0x00, 0x00, 0x00,
  0x00, 0x00, 0x00, 0x00, 0x00, 0x00, 0x00, 0x00, 0x00, 0x00, 0x00, 0x00, 0x0b, 0x01, 0x00, 0xff,
  0x11, 0x0a, 0x0c, 0xff, 0x50, 0x12, 0x17, 0xff, 0x00, 0x00, 0x00, 0x00, 0x12, 0x0e, 0x0c, 0xff,
  0xa1, 0x0b, 0x17, 0xff, 0xbf, 0x0f, 0x1c, 0xff, 0x1d, 0x00, 0x00, 0xff, 0x00, 0x00, 0x00, 0x00,
  0x00, 0x00, 0x00, 0xff, 0x43, 0x19, 0x1f, 0xff, 0xa6, 0x14, 0x1f, 0xff, 0x20, 0x20, 0x28, 0xff,
  0x80, 0x15, 0x1f, 0xff, 0x3d, 0x0a, 0x0f, 0xff, 0x47, 0x0f, 0x0f, 0xff, 0x84, 0x06, 0x13, 0xff,
  0x4e, 0x0b, 0x0c, 0xff, 0x20, 0x15, 0x18, 0xff, 0x1e, 0x16, 0x17, 0xff, 0x1b, 0x14, 0x15, 0xff,
  0x1c, 0x15, 0x16, 0xff, 0x1d, 0x14, 0x17, 0xff, 0x5e, 0x1f, 0x20, 0xff, 0x05, 0x01, 0x00, 0xff,
  0x04, 0x02, 0x01, 0xff, 0x1e, 0x15, 0x16, 0xff, 0x1d, 0x16, 0x16, 0xff, 0x1e, 0x16, 0x17, 0xff,
  0x00, 0x00, 0x00, 0xff, 0x18, 0x11, 0x13, 0xff, 0x05, 0x02, 0x01, 0xff, 0x75, 0x18, 0x1f, 0xff,
  0x1b, 0x05, 0x05, 0xff, 0x00, 0x00, 0x00, 0xff, 0x19, 0x12, 0x13, 0xff, 0x19, 0x13, 0x14, 0xff,
  0x17, 0x0f, 0x0f, 0xff, 0xa7, 0x21, 0x2d, 0xff, 0x24, 0x16, 0x16, 0xff, 0x34, 0x27, 0x2a, 0xff,
  0x0e, 0x00, 0x00, 0xff, 0xdd, 0x17, 0x2b, 0xff, 0x08, 0x00, 0x01, 0xff, 0x38, 0x27, 0x2b, 0xff,
  0x39, 0x29, 0x29, 0xff, 0x3c, 0x0a, 0x0b, 0xff, 0xa0, 0x25, 0x30, 0xff, 0x08, 0x02, 0x00, 0xff,
  0x00, 0x00, 0x00, 0xff, 0x1e, 0x13, 0x13, 0xff, 0x0c, 0x06, 0x06, 0xff, 0x7e, 0x06, 0x12, 0xff,
  0x83, 0x07, 0x10, 0xff, 0x8e, 0x19, 0x1f, 0xff, 0x28, 0x1e, 0x1f, 0xff, 0x3e, 0x31, 0x34, 0xff,
  0x40, 0x30, 0x34, 0xff, 0x31, 0x24, 0x24, 0xff, 0x18, 0x06, 0x05, 0xff, 0x81, 0x09, 0x11, 0xff,
  0x82, 0x03, 0x12, 0xff, 0x6e, 0x16, 0x1f, 0xff, 0x1f, 0x14, 0x14, 0xff, 0x01, 0x00, 0x01, 0xff,
  0x0c, 0x07, 0x09, 0xff, 0x7d, 0x1c, 0x21, 0xff, 0x0e, 0x0a, 0x0b, 0xff, 0x2e, 0x01, 0x01, 0xff,
  0x38, 0x27, 0x2b, 0xff, 0x36, 0x24, 0x28, 0xff, 0xda, 0x18, 0x27, 0xff, 0x98, 0x1e, 0x25, 0xff,
  0x37, 0x27, 0x2a, 0xff, 0x31, 0x24, 0x29, 0xff, 0x90, 0x23, 0x28, 0xff, 0x1e, 0x05, 0x05, 0xff,
  0x1b, 0x14, 0x15, 0xff, 0x19, 0x12, 0x15, 0xff, 0x18, 0x0f, 0x0f, 0xff, 0x44, 0x07, 0x0c, 0xff,
  0x83, 0x1c, 0x25, 0xff, 0x1f, 0x00, 0x00, 0xff, 0x1b, 0x12, 0x13, 0xff, 0x0a, 0x0b, 0x0b, 0xff,
  0x07, 0x06, 0x05, 0xff, 0x1c, 0x15, 0x16, 0xff, 0x1e, 0x15, 0x16, 0xff, 0x04, 0x03, 0x04, 0xff,
  0x17, 0x13, 0x13, 0xff, 0xbf, 0x34, 0x3e, 0xff, 0x1d, 0x14, 0x17, 0xff, 0x1b, 0x14, 0x15, 0xff,
  0x1d, 0x14, 0x16, 0xff, 0x1f, 0x16, 0x17, 0xff, 0x1f, 0x16, 0x18, 0xff, 0xb7, 0x2f, 0x39, 0xff,
  0x8f, 0x0b, 0x15, 0xff, 0x6a, 0x13, 0x16, 0xff, 0x18, 0x12, 0x14, 0xff, 0x23, 0x01, 0x00, 0xff,
  0x13, 0x12, 0x14, 0xff, 0x3b, 0x03, 0x06, 0xff, 0x4e, 0x06, 0x0f, 0xff, 0x1b, 0x0f, 0x11, 0xff,
  0x00, 0x00, 0x00, 0x00, 0x11, 0x04, 0x02, 0xff, 0xcf, 0x13, 0x20, 0xff, 0xbc, 0x14, 0x25, 0xff,
  0x07, 0x00, 0x00, 0xff, 0x00, 0x00, 0x00, 0x00, 0x28, 0x05, 0x08, 0xff, 0x1b, 0x0f, 0x12, 0xff,
  0x4a, 0x2d, 0x2d, 0xff, 0x00, 0x00, 0x00, 0x00, 0x00, 0x00, 0x00, 0x00, 0x00, 0x00, 0x00, 0x00,
  0x00, 0x00, 0x00, 0x00, 0x00, 0x00, 0x00, 0x00, 0x00, 0x00, 0x00, 0x00, 0x00, 0x00, 0x00, 0x00,
  0x00, 0x00, 0x00, 0x00, 0x00, 0x00, 0x00, 0x00, 0x00, 0x00, 0x00, 0x00, 0x00, 0x00, 0x00, 0x00,
  0x00, 0x00, 0x00, 0x00, 0x00, 0x00, 0x00, 0x00, 0x00, 0x00, 0x00, 0x00, 0x00, 0x00, 0x00, 0x00,
  0x00, 0x00, 0x00, 0x00, 0x00, 0x00, 0x00, 0x00, 0x00, 0x00, 0x00, 0x00, 0x00, 0x00, 0x00, 0x00,
  0x00, 0x00, 0x00, 0x00, 0x00, 0x00, 0x00, 0x00, 0x00, 0x00, 0x00, 0x00, 0x00, 0x00, 0x00, 0x00,
  0x00, 0x00, 0x00, 0x00, 0x00, 0x00, 0x00, 0x00, 0x00, 0x00, 0x00, 0x00, 0x00, 0x00, 0x00, 0x00,
  0x00, 0x00, 0x00, 0x00, 0x00, 0x00, 0x00, 0x00, 0x00, 0x00, 0x00, 0x00, 0x00, 0x00, 0x00, 0x00,
  0x00, 0x00, 0x00, 0x00, 0x00, 0x00, 0x00, 0x00, 0x00, 0x00, 0x00, 0x00, 0x00, 0x00, 0x00, 0x00,
  0x00, 0x00, 0x00, 0x00, 0x00, 0x00, 0x00, 0x00, 0x00, 0x00, 0x00, 0x00, 0x00, 0x00, 0x00, 0x00,
  0x00, 0x00, 0x00, 0x00, 0x00, 0x00, 0x00, 0x00, 0x00, 0x00, 0x00, 0x00, 0x00, 0x00, 0x00, 0x00,
  0x00, 0x00, 0x00, 0x00, 0x00, 0x00, 0x00, 0x00, 0x00, 0x00, 0x00, 0x00, 0x00, 0x00, 0x00, 0x00,
  0x00, 0x00, 0x00, 0x00, 0x00, 0x00, 0x00, 0x00, 0x00, 0x00, 0x00, 0x00, 0x00, 0x00, 0x00, 0x00,
  0x00, 0x00, 0x00, 0x00, 0x00, 0x00, 0x00, 0x00, 0x00, 0x00, 0x00, 0x00, 0x00, 0x00, 0x00, 0x00,
  0x00, 0x00, 0x00, 0x00, 0x00, 0x00, 0x00, 0x00, 0x00, 0x00, 0x00, 0x00, 0x00, 0x00, 0x00, 0x00,
  0x00, 0x00, 0x00, 0x00, 0x00, 0x00, 0x00, 0x00, 0x00, 0x00, 0x00, 0x00, 0x00, 0x00, 0x00, 0x00,
  0x00, 0x00, 0x00, 0x00, 0x00, 0x00, 0x00, 0x00, 0x00, 0x00, 0x00, 0x00, 0x00, 0x00, 0x00, 0x00,
  0x00, 0x00, 0x00, 0x00, 0x00, 0x00, 0x00, 0x00, 0x00, 0x00, 0x00, 0x00, 0x00, 0x00, 0x00, 0x00,
  0x00, 0x00, 0x00, 0x00, 0x00, 0x00, 0x00, 0x00, 0x00, 0x00, 0x00, 0x00, 0x00, 0x00, 0x00, 0x00,
  0x00, 0x00, 0x00, 0x00, 0x00, 0x00, 0x00, 0x00, 0x00, 0x00, 0x00, 0x00, 0x15, 0x00, 0x00, 0xff,
  0x15, 0x0f, 0x0f, 0xff, 0x58, 0x15, 0x18, 0xff, 0x00, 0x00, 0x00, 0x00, 0x1b, 0x12, 0x10, 0xff,
  0xb6, 0x0c, 0x18, 0xff, 0xbc, 0x0c, 0x19, 0xff, 0x25, 0x00, 0x00, 0xff, 0x22, 0x17, 0x17, 0xff,
  0x27, 0x1b, 0x1e, 0xff, 0x3b, 0x16, 0x1f, 0xff, 0x82, 0x14, 0x1c, 0xff, 0x1e, 0x1f, 0x24, 0xff,
  0x7c, 0x17, 0x1f, 0xff, 0x69, 0x13, 0x1c, 0xff, 0x8d, 0x07, 0x10, 0xff, 0x86, 0x07, 0x13, 0xff,
  0x4f, 0x0b, 0x0b, 0xff, 0x15, 0x12, 0x0f, 0xff, 0x1f, 0x15, 0x15, 0xff, 0x1d, 0x16, 0x16, 0xff,
  0x1d, 0x15, 0x18, 0xff, 0x1c, 0x14, 0x16, 0xff, 0x1f, 0x14, 0x14, 0xff, 0x8b, 0x25, 0x2b, 0xff,
  0x10, 0x0a, 0x0b, 0xff, 0x1e, 0x17, 0x18, 0xff, 0x1e, 0x16, 0x18, 0xff, 0x1f, 0x16, 0x19, 0xff,
  0x1d, 0x14, 0x16, 0xff, 0x1f, 0x17, 0x17, 0xff, 0x04, 0x02, 0x04, 0xff, 0x14, 0x0f, 0x10, 0xff,
  0x0e, 0x00, 0x00, 0xff, 0x18, 0x11, 0x11, 0xff, 0x19, 0x13, 0x14, 0xff, 0x1d, 0x16, 0x16, 0xff,
  0x18, 0x12, 0x13, 0xff, 0x25, 0x18, 0x19, 0xff, 0x1c, 0x00, 0x02, 0xff, 0x34, 0x25, 0x29, 0xff,
  0x0e, 0x00, 0x00, 0xff, 0xdb, 0x17, 0x2b, 0xff, 0x09, 0x00, 0x01, 0xff, 0x38, 0x27, 0x29, 0xff,
  0x3c, 0x29, 0x2d, 0xff, 0x3c, 0x0b, 0x0c, 0xff, 0x12, 0x0a, 0x0c, 0xff, 0x31, 0x0a, 0x08, 0xff,
  0x34, 0x05, 0x08, 0xff, 0x1f, 0x14, 0x16, 0xff, 0x0e, 0x09, 0x09, 0xff, 0x79, 0x06, 0x12, 0xff,
  0x81, 0x04, 0x10, 0xff, 0xe3, 0x30, 0x3c, 0xff, 0x27, 0x1c, 0x1f, 0xff, 0x40, 0x30, 0x34, 0xff,
  0x3e, 0x2f, 0x32, 0xff, 0x36, 0x27, 0x29, 0xff, 0x3a, 0x02, 0x02, 0xff, 0x82, 0x05, 0x14, 0xff,
  0x80, 0x03, 0x12, 0xff, 0x2e, 0x0a, 0x0e, 0xff, 0x1c, 0x13, 0x13, 0xff, 0x00, 0x00, 0x00, 0xff,
  0xab, 0x29, 0x34, 0xff, 0x02, 0x02, 0x02, 0xff, 0x14, 0x0b, 0x0e, 0xff, 0x2b, 0x01, 0x04, 0xff,
  0x36, 0x27, 0x2a, 0xff, 0x35, 0x23, 0x28, 0xff, 0xdc, 0x15, 0x21, 0xff, 0x9b, 0x1d, 0x22, 0xff,
  0x3a, 0x29, 0x2d, 0xff, 0x38, 0x27, 0x2c, 0xff, 0x3a, 0x0a, 0x08, 0xff, 0x08, 0x06, 0x07, 0xff,
  0x1b, 0x13, 0x15, 0xff, 0x1d, 0x14, 0x16, 0xff, 0x00, 0x00, 0x00, 0xff, 0x18, 0x00, 0x01, 0xff,
  0x15, 0x11, 0x13, 0xff, 0x11, 0x0f, 0x0f, 0xff, 0x0a, 0x08, 0x08, 0xff, 0x1e, 0x16, 0x17, 0xff,
  0x1e, 0x16, 0x18, 0xff, 0x1f, 0x16, 0x18, 0xff, 0x1d, 0x16, 0x18, 0xff, 0x1f, 0x16, 0x18, 0xff,
  0x9a, 0x35, 0x3a, 0xff, 0x20, 0x11, 0x11, 0xff, 0x1d, 0x15, 0x16, 0xff, 0x1d, 0x16, 0x16, 0xff,
  0x1e, 0x16, 0x18, 0xff, 0x1c, 0x15, 0x16, 0xff, 0x20, 0x16, 0x19, 0xff, 0xb3, 0x29, 0x32, 0xff,
  0x8d, 0x07, 0x13, 0xff, 0x8e, 0x09, 0x15, 0xff, 0x20, 0x01, 0x00, 0xff, 0x2a, 0x04, 0x02, 0xff,
  0x14, 0x13, 0x15, 0xff, 0x19, 0x01, 0x01, 0xff, 0x4e, 0x06, 0x0c, 0xff, 0x27, 0x1e, 0x20, 0xff,
  0x22, 0x19, 0x1c, 0xff, 0x0a, 0x00, 0x00, 0xff, 0xcc, 0x12, 0x21, 0xff, 0xc4, 0x14, 0x21, 0xff,
  0x1e, 0x00, 0x02, 0xff, 0x00, 0x00, 0x00, 0x00, 0x31, 0x0a, 0x08, 0xff, 0x1b, 0x0f, 0x12, 0xff,
  0x1b, 0x00, 0x00, 0xff, 0x00, 0x00, 0x00, 0x00, 0x00, 0x00, 0x00, 0x00, 0x00, 0x00, 0x00, 0x00,
  0x00, 0x00, 0x00, 0x00, 0x00, 0x00, 0x00, 0x00, 0x00, 0x00, 0x00, 0x00, 0x00, 0x00, 0x00, 0x00,
  0x00, 0x00, 0x00, 0x00, 0x00, 0x00, 0x00, 0x00, 0x00, 0x00, 0x00, 0x00, 0x00, 0x00, 0x00, 0x00,
  0x00, 0x00, 0x00, 0x00, 0x00, 0x00, 0x00, 0x00, 0x00, 0x00, 0x00, 0x00, 0x00, 0x00, 0x00, 0x00,
  0x00, 0x00, 0x00, 0x00, 0x00, 0x00, 0x00, 0x00, 0x00, 0x00, 0x00, 0x00, 0x00, 0x00, 0x00, 0x00,
  0x00, 0x00, 0x00, 0x00, 0x00, 0x00, 0x00, 0x00, 0x00, 0x00, 0x00, 0x00, 0x00, 0x00, 0x00, 0x00,
  0x00, 0x00, 0x00, 0x00, 0x00, 0x00, 0x00, 0x00, 0x00, 0x00, 0x00, 0x00, 0x00, 0x00, 0x00, 0x00,
  0x00, 0x00, 0x00, 0x00, 0x00, 0x00, 0x00, 0x00, 0x00, 0x00, 0x00, 0x00, 0x00, 0x00, 0x00, 0x00,
  0x00, 0x00, 0x00, 0x00, 0x00, 0x00, 0x00, 0x00, 0x00, 0x00, 0x00, 0x00, 0x00, 0x00, 0x00, 0x00,
  0x00, 0x00, 0x00, 0x00, 0x00, 0x00, 0x00, 0x00, 0x00, 0x00, 0x00, 0x00, 0x00, 0x00, 0x00, 0x00,
  0x00, 0x00, 0x00, 0x00, 0x00, 0x00, 0x00, 0x00, 0x00, 0x00, 0x00, 0x00, 0x00, 0x00, 0x00, 0x00,
  0x00, 0x00, 0x00, 0x00, 0x00, 0x00, 0x00, 0x00, 0x00, 0x00, 0x00, 0x00, 0x00, 0x00, 0x00, 0x00,
  0x00, 0x00, 0x00, 0x00, 0x00, 0x00, 0x00, 0x00, 0x00, 0x00, 0x00, 0x00, 0x00, 0x00, 0x00, 0x00,
  0x00, 0x00, 0x00, 0x00, 0x00, 0x00, 0x00, 0x00, 0x00, 0x00, 0x00, 0x00, 0x00, 0x00, 0x00, 0x00,
  0x00, 0x00, 0x00, 0x00, 0x00, 0x00, 0x00, 0x00, 0x00, 0x00, 0x00, 0x00, 0x00, 0x00, 0x00, 0x00,
  0x00, 0x00, 0x00, 0x00, 0x00, 0x00, 0x00, 0x00, 0x00, 0x00, 0x00, 0x00, 0x00, 0x00, 0x00, 0x00,
  0x00, 0x00, 0x00, 0x00, 0x00, 0x00, 0x00, 0x00, 0x00, 0x00, 0x00, 0x00, 0x00, 0x00, 0x00, 0x00,
  0x00, 0x00, 0x00, 0x00, 0x00, 0x00, 0x00, 0x00, 0x00, 0x00, 0x00, 0x00, 0x00, 0x00, 0x00, 0x00,
  0x00, 0x00, 0x00, 0x00, 0x00, 0x00, 0x00, 0x00, 0x00, 0x00, 0x00, 0x00, 0x00, 0x00, 0x00, 0x00,
  0x00, 0x00, 0x00, 0x00, 0x00, 0x00, 0x00, 0x00, 0x00, 0x00, 0x00, 0x00, 0x2f, 0x07, 0x05, 0xff,
  0x18, 0x0f, 0x10, 0xff, 0x38, 0x09, 0x0e, 0xff, 0xeb, 0xaf, 0xaa, 0xff, 0x1e, 0x00, 0x01, 0xff,
  0xbc, 0x0c, 0x19, 0xff, 0xc1, 0x0e, 0x1f, 0xff, 0x23, 0x00, 0x00, 0xff, 0x20, 0x17, 0x1b, 0xff,
  0x23, 0x1b, 0x1e, 0xff, 0x37, 0x1b, 0x20, 0xff, 0x64, 0x0e, 0x15, 0xff, 0x1e, 0x1f, 0x24, 0xff,
  0x7a, 0x1c, 0x21, 0xff, 0x6d, 0x14, 0x1c, 0xff, 0x93, 0x08, 0x14, 0xff, 0x89, 0x06, 0x13, 0xff,
  0x0a, 0x02, 0x01, 0xff, 0x9a, 0x0c, 0x18, 0xff, 0x17, 0x14, 0x13, 0xff, 0x1f, 0x16, 0x18, 0xff,
  0x1c, 0x14, 0x17, 0xff, 0x1b, 0x13, 0x16, 0xff, 0x1c, 0x15, 0x17, 0xff, 0x1c, 0x15, 0x15, 0xff,
  0xb4, 0x23, 0x32, 0xff, 0x1d, 0x16, 0x17, 0xff, 0x1e, 0x16, 0x17, 0xff, 0x1d, 0x16, 0x16, 0xff,
  0x1d, 0x14, 0x16, 0xff, 0x1d, 0x14, 0x16, 0xff, 0x1e, 0x12, 0x16, 0xff, 0x15, 0x11, 0x10, 0xff,
  0x00, 0x00, 0x00, 0xff, 0x27, 0x1d, 0x1e, 0xff, 0x1d, 0x16, 0x16, 0xff, 0x01, 0x01, 0x01, 0xff,
  0x2a, 0x21, 0x21, 0xff, 0x27, 0x1e, 0x1e, 0xff, 0x1d, 0x00, 0x01, 0xff, 0x2f, 0x22, 0x24, 0xff,
  0x0a, 0x00, 0x00, 0xff, 0xd9, 0x14, 0x27, 0xff, 0x08, 0x01, 0x01, 0xff, 0x36, 0x28, 0x29, 0xff,
  0x39, 0x28, 0x29, 0xff, 0x3b, 0x0b, 0x0f, 0xff, 0xa4, 0x2f, 0x37, 0xff, 0x7d, 0x1c, 0x22, 0xff,
  0x02, 0x01, 0x01, 0xff, 0x1e, 0x15, 0x16, 0xff, 0x1f, 0x13, 0x16, 0xff, 0x79, 0x03, 0x12, 0xff,
  0x83, 0x03, 0x10, 0xff, 0x50, 0x09, 0x0b, 0xff, 0x21, 0x18, 0x1c, 0xff, 0x3e, 0x2f, 0x32, 0xff,
  0x3d, 0x2f, 0x30, 0xff, 0x36, 0x28, 0x29, 0xff, 0x25, 0x00, 0x00, 0xff, 0x85, 0x03, 0x10, 0xff,
  0x81, 0x05, 0x14, 0xff, 0x17, 0x0b, 0x0c, 0xff, 0x18, 0x11, 0x11, 0xff, 0x02, 0x00, 0x00, 0xff,
  0x15, 0x06, 0x04, 0xff, 0xba, 0x1d, 0x27, 0xff, 0x0c, 0x0a, 0x08, 0xff, 0x28, 0x00, 0x01, 0xff,
  0x37, 0x27, 0x2a, 0xff, 0x36, 0x22, 0x28, 0xff, 0xde, 0x19, 0x25, 0xff, 0x9d, 0x1e, 0x25, 0xff,
  0x3a, 0x29, 0x2b, 0xff, 0x36, 0x27, 0x27, 0xff, 0x3e, 0x06, 0x0e, 0xff, 0x35, 0x27, 0x27, 0xff,
  0x02, 0x02, 0x01, 0xff, 0x1d, 0x16, 0x15, 0xff, 0x00, 0x00, 0x00, 0xff, 0x00, 0x00, 0x00, 0xff,
  0x09, 0x06, 0x07, 0xff, 0x1b, 0x12, 0x14, 0xff, 0x1c, 0x15, 0x16, 0xff, 0x1c, 0x15, 0x16, 0xff,
  0x1e, 0x16, 0x19, 0xff, 0x1d, 0x16, 0x17, 0xff, 0x19, 0x16, 0x17, 0xff, 0x52, 0x06, 0x0a, 0xff,
  0x1c, 0x00, 0x00, 0xff, 0x1e, 0x15, 0x16, 0xff, 0x1d, 0x15, 0x18, 0xff, 0x1d, 0x15, 0x18, 0xff,
  0x1e, 0x16, 0x19, 0xff, 0x1b, 0x14, 0x15, 0xff, 0x86, 0x1c, 0x23, 0xff, 0x06, 0x00, 0x00, 0xff,
  0x94, 0x07, 0x19, 0xff, 0x91, 0x0b, 0x19, 0xff, 0x27, 0x00, 0x01, 0xff, 0x2b, 0x05, 0x04, 0xff,
  0x15, 0x14, 0x15, 0xff, 0x0f, 0x02, 0x04, 0xff, 0x4b, 0x05, 0x08, 0xff, 0x25, 0x1e, 0x20, 0xff,
  0x25, 0x1d, 0x1f, 0xff, 0x0b, 0x00, 0x00, 0xff, 0xc8, 0x11, 0x1f, 0xff, 0xc4, 0x13, 0x20, 0xff,
  0x5b, 0x09, 0x14, 0xff, 0x00, 0x00, 0x00, 0x00, 0x4c, 0x1f, 0x22, 0xff, 0x1b, 0x10, 0x10, 0xff,
  0x24, 0x03, 0x03, 0xff, 0x00, 0x00, 0x00, 0x00, 0x00, 0x00, 0x00, 0x00, 0x00, 0x00, 0x00, 0x00,
  0x00, 0x00, 0x00, 0x00, 0x00, 0x00, 0x00, 0x00, 0x00, 0x00, 0x00, 0x00, 0x00, 0x00, 0x00, 0x00,
  0x00, 0x00, 0x00, 0x00, 0x00, 0x00, 0x00, 0x00, 0x00, 0x00, 0x00, 0x00, 0x00, 0x00, 0x00, 0x00,
  0x00, 0x00, 0x00, 0x00, 0x00, 0x00, 0x00, 0x00, 0x00, 0x00, 0x00, 0x00, 0x00, 0x00, 0x00, 0x00,
  0x00, 0x00, 0x00, 0x00, 0x00, 0x00, 0x00, 0x00, 0x00, 0x00, 0x00, 0x00, 0x00, 0x00, 0x00, 0x00,
  0x00, 0x00, 0x00, 0x00, 0x00, 0x00, 0x00, 0x00, 0x00, 0x00, 0x00, 0x00, 0x00, 0x00, 0x00, 0x00,
  0x00, 0x00, 0x00, 0x00, 0x00, 0x00, 0x00, 0x00, 0x00, 0x00, 0x00, 0x00, 0x00, 0x00, 0x00, 0x00,
  0x00, 0x00, 0x00, 0x00, 0x00, 0x00, 0x00, 0x00, 0x00, 0x00, 0x00, 0x00, 0x00, 0x00, 0x00, 0x00,
  0x00, 0x00, 0x00, 0x00, 0x00, 0x00, 0x00, 0x00, 0x00, 0x00, 0x00, 0x00, 0x00, 0x00, 0x00, 0x00,
  0x00, 0x00, 0x00, 0x00, 0x00, 0x00, 0x00, 0x00, 0x00, 0x00, 0x00, 0x00, 0x00, 0x00, 0x00, 0x00,
  0x00, 0x00, 0x00, 0x00, 0x00, 0x00, 0x00, 0x00, 0x00, 0x00, 0x00, 0x00, 0x00, 0x00, 0x00, 0x00,
  0x00, 0x00, 0x00, 0x00, 0x00, 0x00, 0x00, 0x00, 0x00, 0x00, 0x00, 0x00, 0x00, 0x00, 0x00, 0x00,
  0x00, 0x00, 0x00, 0x00, 0x00, 0x00, 0x00, 0x00, 0x00, 0x00, 0x00, 0x00, 0x00, 0x00, 0x00, 0x00,
  0x00, 0x00, 0x00, 0x00, 0x00, 0x00, 0x00, 0x00, 0x00, 0x00, 0x00, 0x00, 0x00, 0x00, 0x00, 0x00,
  0x00, 0x00, 0x00, 0x00, 0x00, 0x00, 0x00, 0x00, 0x00, 0x00, 0x00, 0x00, 0x00, 0x00, 0x00, 0x00,
  0x00, 0x00, 0x00, 0x00, 0x00, 0x00, 0x00, 0x00, 0x00, 0x00, 0x00, 0x00, 0x00, 0x00, 0x00, 0x00,
  0x00, 0x00, 0x00, 0x00, 0x00, 0x00, 0x00, 0x00, 0x00, 0x00, 0x00, 0x00, 0x00, 0x00, 0x00, 0x00,
  0x00, 0x00, 0x00, 0x00, 0x00, 0x00, 0x00, 0x00, 0x00, 0x00, 0x00, 0x00, 0x00, 0x00, 0x00, 0x00,
  0x00, 0x00, 0x00, 0x00, 0x00, 0x00, 0x00, 0x00, 0x00, 0x00, 0x00, 0x00, 0x00, 0x00, 0x00, 0x00,
  0x00, 0x00, 0x00, 0x00, 0x00, 0x00, 0x00, 0x00, 0x00, 0x00, 0x00, 0x00, 0x78, 0x13, 0x1e, 0xff,
  0x1f, 0x15, 0x15, 0xff, 0x0f, 0x0c, 0x0c, 0xff, 0x22, 0x1b, 0x1b, 0xff, 0x2c, 0x00, 0x02, 0xff,
  0xb9, 0x0c, 0x19, 0xff, 0xc0, 0x0f, 0x1d, 0xff, 0xbd, 0x13, 0x24, 0xff, 0x24, 0x18, 0x1b, 0xff,
  0x22, 0x16, 0x1b, 0xff, 0x1f, 0x16, 0x19, 0xff, 0x2d, 0x0f, 0x11, 0xff, 0x07, 0x06, 0x08, 0xff,
  0x7c, 0x1c, 0x22, 0xff, 0x75, 0x16, 0x1e, 0xff, 0x95, 0x11, 0x1f, 0xff, 0x0b, 0x06, 0x07, 0xff,
  0x07, 0x02, 0x00, 0xff, 0x0f, 0x05, 0x05, 0xff, 0x93, 0x15, 0x1f, 0xff, 0x1b, 0x15, 0x15, 0xff,
  0x1c, 0x15, 0x16, 0xff, 0x1d, 0x15, 0x18, 0xff, 0x1d, 0x15, 0x18, 0xff, 0x20, 0x18, 0x1b, 0xff,
  0xc7, 0x1f, 0x2c, 0xff, 0x24, 0x16, 0x14, 0xff, 0x96, 0x27, 0x2e, 0xff, 0x90, 0x20, 0x2c, 0xff,
  0x18, 0x0b, 0x0b, 0xff, 0x19, 0x12, 0x15, 0xff, 0x19, 0x12, 0x14, 0xff, 0x1c, 0x12, 0x13, 0xff,
  0x06, 0x04, 0x05, 0xff, 0x25, 0x1c, 0x1e, 0xff, 0x2a, 0x20, 0x1f, 0xff, 0x28, 0x1f, 0x1f, 0xff,
  0x01, 0x01, 0x01, 0xff, 0x23, 0x1b, 0x1e, 0xff, 0x19, 0x01, 0x00, 0xff, 0x35, 0x24, 0x27, 0xff,
  0x09, 0x00, 0x00, 0xff, 0xd6, 0x11, 0x23, 0xff, 0x09, 0x00, 0x00, 0xff, 0x38, 0x27, 0x2b, 0xff,
  0x3c, 0x2b, 0x2a, 0xff, 0x30, 0x0b, 0x0c, 0xff, 0x1d, 0x01, 0x02, 0xff, 0x13, 0x09, 0x09, 0xff,
  0x00, 0x00, 0x00, 0xff, 0x1f, 0x14, 0x16, 0xff, 0x1f, 0x14, 0x16, 0xff, 0x10, 0x03, 0x00, 0xff,
  0x86, 0x0e, 0x18, 0xff, 0xd2, 0x2f, 0x3b, 0xff, 0x18, 0x11, 0x0f, 0xff, 0x40, 0x30, 0x34, 0xff,
  0x3e, 0x2f, 0x34, 0xff, 0x38, 0x28, 0x28, 0xff, 0xb8, 0x28, 0x34, 0xff, 0x8a, 0x0c, 0x1c, 0xff,
  0x27, 0x03, 0x01, 0xff, 0x14, 0x0f, 0x0f, 0xff, 0x1d, 0x14, 0x15, 0xff, 0x00, 0x00, 0x00, 0xff,
  0x11, 0x11, 0x10, 0xff, 0x03, 0x01, 0x02, 0xff, 0x06, 0x04, 0x04, 0xff, 0x25, 0x00, 0x00, 0xff,
  0x38, 0x27, 0x2b, 0xff, 0x36, 0x22, 0x29, 0xff, 0xd9, 0x18, 0x27, 0xff, 0x98, 0x1c, 0x22, 0xff,
  0x3b, 0x28, 0x2d, 0xff, 0x34, 0x27, 0x29, 0xff, 0x40, 0x06, 0x0c, 0xff, 0x0f, 0x0a, 0x0a, 0xff,
  0x0b, 0x09, 0x08, 0xff, 0x20, 0x19, 0x1b, 0xff, 0x00, 0x00, 0x00, 0xff, 0x1b, 0x12, 0x13, 0xff,
  0x1b, 0x14, 0x15, 0xff, 0x1d, 0x14, 0x16, 0xff, 0x1b, 0x12, 0x15, 0xff, 0x1d, 0x16, 0x15, 0xff,
  0x55, 0x0f, 0x13, 0xff, 0x96, 0x23, 0x29, 0xff, 0x31, 0x0b, 0x0b, 0xff, 0xa7, 0x1e, 0x28, 0xff,
  0x06, 0x00, 0x00, 0xff, 0x1f, 0x16, 0x18, 0xff, 0x1e, 0x16, 0x18, 0xff, 0x1f, 0x17, 0x18, 0xff,
  0x1e, 0x16, 0x18, 0xff, 0x5c, 0x10, 0x13, 0xff, 0x15, 0x00, 0x00, 0xff, 0x02, 0x00, 0x00, 0xff,
  0x14, 0x0a, 0x0a, 0xff, 0x77, 0x13, 0x1c, 0xff, 0x27, 0x02, 0x01, 0xff, 0x31, 0x02, 0x02, 0xff,
  0x0b, 0x0a, 0x0b, 0xff, 0x01, 0x02, 0x02, 0xff, 0x25, 0x19, 0x1b, 0xff, 0x25, 0x1c, 0x1f, 0xff,
  0x22, 0x1b, 0x1e, 0xff, 0x86, 0x11, 0x18, 0xff, 0xc8, 0x10, 0x1f, 0xff, 0xc6, 0x12, 0x21, 0xff,
  0x5e, 0x08, 0x13, 0xff, 0x1b, 0x17, 0x17, 0xff, 0x0f, 0x0a, 0x0c, 0xff, 0x22, 0x12, 0x16, 0xff,
  0x75, 0x09, 0x12, 0xff, 0x00, 0x00, 0x00, 0x00, 0x00, 0x00, 0x00, 0x00, 0x00, 0x00, 0x00, 0x00,
  0x00, 0x00, 0x00, 0x00, 0x00, 0x00, 0x00, 0x00, 0x00, 0x00, 0x00, 0x00, 0x00, 0x00, 0x00, 0x00,
  0x00, 0x00, 0x00, 0x00, 0x00, 0x00, 0x00, 0x00, 0x00, 0x00, 0x00, 0x00, 0x00, 0x00, 0x00, 0x00,
  0x00, 0x00, 0x00, 0x00, 0x00, 0x00, 0x00, 0x00, 0x00, 0x00, 0x00, 0x00, 0x00, 0x00, 0x00, 0x00,
  0x00, 0x00, 0x00, 0x00, 0x00, 0x00, 0x00, 0x00, 0x00, 0x00, 0x00, 0x00, 0x00, 0x00, 0x00, 0x00,
  0x00, 0x00, 0x00, 0x00, 0x00, 0x00, 0x00, 0x00, 0x00, 0x00, 0x00, 0x00, 0x00, 0x00, 0x00, 0x00,
  0x00, 0x00, 0x00, 0x00, 0x00, 0x00, 0x00, 0x00, 0x00, 0x00, 0x00, 0x00, 0x00, 0x00, 0x00, 0x00,
  0x00, 0x00, 0x00, 0x00, 0x00, 0x00, 0x00, 0x00, 0x00, 0x00, 0x00, 0x00, 0x00, 0x00, 0x00, 0x00,
  0x00, 0x00, 0x00, 0x00, 0x00, 0x00, 0x00, 0x00, 0x00, 0x00, 0x00, 0x00, 0x00, 0x00, 0x00, 0x00,
  0x00, 0x00, 0x00, 0x00, 0x00, 0x00, 0x00, 0x00, 0x00, 0x00, 0x00, 0x00, 0x00, 0x00, 0x00, 0x00,
  0x00, 0x00, 0x00, 0x00, 0x00, 0x00, 0x00, 0x00, 0x00, 0x00, 0x00, 0x00, 0x00, 0x00, 0x00, 0x00,
  0x00, 0x00, 0x00, 0x00, 0x00, 0x00, 0x00, 0x00, 0x00, 0x00, 0x00, 0x00, 0x00, 0x00, 0x00, 0x00,
  0x00, 0x00, 0x00, 0x00, 0x00, 0x00, 0x00, 0x00, 0x00, 0x00, 0x00, 0x00, 0x00, 0x00, 0x00, 0x00,
  0x00, 0x00, 0x00, 0x00, 0x00, 0x00, 0x00, 0x00, 0x00, 0x00, 0x00, 0x00, 0x00, 0x00, 0x00, 0x00,
  0x00, 0x00, 0x00, 0x00, 0x00, 0x00, 0x00, 0x00, 0x00, 0x00, 0x00, 0x00, 0x00, 0x00, 0x00, 0x00,
  0x00, 0x00, 0x00, 0x00, 0x00, 0x00, 0x00, 0x00, 0x00, 0x00, 0x00, 0x00, 0x00, 0x00, 0x00, 0x00,
  0x00, 0x00, 0x00, 0x00, 0x00, 0x00, 0x00, 0x00, 0x00, 0x00, 0x00, 0x00, 0x00, 0x00, 0x00, 0x00,
  0x00, 0x00, 0x00, 0x00, 0x00, 0x00, 0x00, 0x00, 0x00, 0x00, 0x00, 0x00, 0x00, 0x00, 0x00, 0x00,
  0x00, 0x00, 0x00, 0x00, 0x00, 0x00, 0x00, 0x00, 0x00, 0x00, 0x00, 0x00, 0x00, 0x00, 0x00, 0x00,
  0x00, 0x00, 0x00, 0x00, 0x00, 0x00, 0x00, 0x00, 0x27, 0x1b, 0x1b, 0xff, 0x6c, 0x22, 0x2b, 0xff,
  0x00, 0x00, 0x00, 0xff, 0x1f, 0x17, 0x1b, 0xff, 0x13, 0x0f, 0x0f, 0xff, 0x28, 0x00, 0x02, 0xff,
  0xb9, 0x0f, 0x1c, 0xff, 0xc0, 0x10, 0x1e, 0xff, 0xc2, 0x15, 0x22, 0xff, 0x38, 0x06, 0x0e, 0xff,
  0x9c, 0x0e, 0x1f, 0xff, 0xc0, 0x10, 0x23, 0xff, 0x7b, 0x0b, 0x16, 0xff, 0x4e, 0x1b, 0x1e, 0xff,
  0x7c, 0x1b, 0x22, 0xff, 0x0b, 0x04, 0x02, 0xff, 0x21, 0x15, 0x16, 0xff, 0x03, 0x02, 0x02, 0xff,
  0x1f, 0x18, 0x17, 0xff, 0x1d, 0x14, 0x15, 0xff, 0x0a, 0x00, 0x00, 0xff, 0x6e, 0x11, 0x14, 0xff,
  0x1b, 0x15, 0x16, 0xff, 0x19, 0x13, 0x15, 0xff, 0x1d, 0x16, 0x16, 0xff, 0x20, 0x16, 0x19, 0xff,
  0xc6, 0x21, 0x28, 0xff, 0x1e, 0x16, 0x13, 0xff, 0x1b, 0x14, 0x15, 0xff, 0x20, 0x15, 0x16, 0xff,
  0x25, 0x0f, 0x0e, 0xff, 0xa9, 0x20, 0x2b, 0xff, 0x5c, 0x0f, 0x0f, 0xff, 0x1b, 0x12, 0x13, 0xff,
  0x06, 0x04, 0x05, 0xff, 0x27, 0x1d, 0x1e, 0xff, 0x00, 0x00, 0x00, 0xff, 0x1c, 0x15, 0x16, 0xff,
  0x21, 0x1b, 0x1b, 0xff, 0x27, 0x1d, 0x1e, 0xff, 0x1c, 0x02, 0x02, 0xff, 0x36, 0x25, 0x28, 0xff,
  0x0c, 0x00, 0x00, 0xff, 0xd7, 0x15, 0x27, 0xff, 0x0e, 0x02, 0x01, 0xff, 0x38, 0x27, 0x2b, 0xff,
  0x38, 0x25, 0x28, 0xff, 0x38, 0x0f, 0x12, 0xff, 0x0f, 0x0f, 0x0c, 0xff, 0xa1, 0x28, 0x2a, 0xff,
  0x0f, 0x00, 0x00, 0xff, 0x20, 0x15, 0x17, 0xff, 0x1f, 0x15, 0x15, 0xff, 0x9c, 0x10, 0x1f, 0xff,
  0x9a, 0x09, 0x17, 0xff, 0xce, 0x2c, 0x38, 0xff, 0x1e, 0x12, 0x11, 0xff, 0x3e, 0x30, 0x30, 0xff,
  0x3e, 0x2f, 0x31, 0xff, 0x35, 0x25, 0x24, 0xff, 0xb7, 0x2c, 0x35, 0xff, 0x94, 0x0a, 0x14, 0xff,
  0x90, 0x0a, 0x15, 0xff, 0x13, 0x0f, 0x0e, 0xff, 0x1b, 0x12, 0x13, 0xff, 0x00, 0x00, 0x00, 0xff,
  0xbf, 0x25, 0x2b, 0xff, 0x0f, 0x05, 0x05, 0xff, 0x04, 0x02, 0x02, 0xff, 0x23, 0x00, 0x01, 0xff,
  0x37, 0x27, 0x2a, 0xff, 0x37, 0x27, 0x29, 0xff, 0xdb, 0x16, 0x22, 0xff, 0x96, 0x17, 0x1d, 0xff,
  0x3b, 0x28, 0x2b, 0xff, 0x38, 0x27, 0x29, 0xff, 0x43, 0x06, 0x0c, 0xff, 0x38, 0x2a, 0x29, 0xff,
  0x23, 0x1c, 0x1d, 0xff, 0x00, 0x00, 0x00, 0xff, 0x02, 0x02, 0x01, 0xff, 0x1d, 0x14, 0x13, 0xff,
  0x1f, 0x16, 0x19, 0xff, 0x20, 0x02, 0x01, 0xff, 0xbd, 0x20, 0x2a, 0xff, 0x40, 0x0e, 0x0a, 0xff,
  0x22, 0x16, 0x16, 0xff, 0x1f, 0x16, 0x18, 0xff, 0x1f, 0x16, 0x17, 0xff, 0xa4, 0x1f, 0x2b, 0xff,
  0x07, 0x00, 0x00, 0xff, 0x1e, 0x16, 0x17, 0xff, 0x1f, 0x16, 0x19, 0xff, 0x1b, 0x14, 0x16, 0xff,
  0x19, 0x00, 0x00, 0xff, 0x37, 0x04, 0x05, 0xff, 0x1c, 0x14, 0x14, 0xff, 0x1c, 0x13, 0x13, 0xff,
  0x02, 0x01, 0x00, 0xff, 0x19, 0x12, 0x12, 0xff, 0x0f, 0x0b, 0x09, 0xff, 0x2f, 0x03, 0x05, 0xff,
  0x34, 0x02, 0x05, 0xff, 0x9c, 0x14, 0x1e, 0xff, 0xc8, 0x18, 0x29, 0xff, 0x9f, 0x08, 0x14, 0xff,
  0x25, 0x0c, 0x0b, 0xff, 0xc2, 0x16, 0x21, 0xff, 0xc7, 0x11, 0x1f, 0xff, 0xc3, 0x12, 0x20, 0xff,
  0x56, 0x0a, 0x13, 0xff, 0x17, 0x13, 0x12, 0xff, 0x21, 0x19, 0x1b, 0xff, 0x02, 0x02, 0x02, 0xff,
  0x50, 0x0c, 0x0f, 0xff, 0x7a, 0x5c, 0x56, 0xff, 0x00, 0x00, 0x00, 0x00, 0x00, 0x00, 0x00, 0x00,
  0x00, 0x00, 0x00, 0x00, 0x00, 0x00, 0x00, 0x00, 0x00, 0x00, 0x00, 0x00, 0x00, 0x00, 0x00, 0x00,
  0x00, 0x00, 0x00, 0x00, 0x00, 0x00, 0x00, 0x00, 0x00, 0x00, 0x00, 0x00, 0x00, 0x00, 0x00, 0x00,
  0x00, 0x00, 0x00, 0x00, 0x00, 0x00, 0x00, 0x00, 0x00, 0x00, 0x00, 0x00, 0x00, 0x00, 0x00, 0x00,
  0x00, 0x00, 0x00, 0x00, 0x00, 0x00, 0x00, 0x00, 0x00, 0x00, 0x00, 0x00, 0x00, 0x00, 0x00, 0x00,
  0x00, 0x00, 0x00, 0x00, 0x00, 0x00, 0x00, 0x00, 0x00, 0x00, 0x00, 0x00, 0x00, 0x00, 0x00, 0x00,
  0x00, 0x00, 0x00, 0x00, 0x00, 0x00, 0x00, 0x00, 0x00, 0x00, 0x00, 0x00, 0x00, 0x00, 0x00, 0x00,
  0x00, 0x00, 0x00, 0x00, 0x00, 0x00, 0x00, 0x00, 0x00, 0x00, 0x00, 0x00, 0x00, 0x00, 0x00, 0x00,
  0x00, 0x00, 0x00, 0x00, 0x00, 0x00, 0x00, 0x00, 0x00, 0x00, 0x00, 0x00, 0x00, 0x00, 0x00, 0x00,
  0x00, 0x00, 0x00, 0x00, 0x00, 0x00, 0x00, 0x00, 0x00, 0x00, 0x00, 0x00, 0x00, 0x00, 0x00, 0x00,
  0x00, 0x00, 0x00, 0x00, 0x00, 0x00, 0x00, 0x00, 0x00, 0x00, 0x00, 0x00, 0x00, 0x00, 0x00, 0x00,
  0x00, 0x00, 0x00, 0x00, 0x00, 0x00, 0x00, 0x00, 0x00, 0x00, 0x00, 0x00, 0x00, 0x00, 0x00, 0x00,
  0x00, 0x00, 0x00, 0x00, 0x00, 0x00, 0x00, 0x00, 0x00, 0x00, 0x00, 0x00, 0x00, 0x00, 0x00, 0x00,
  0x00, 0x00, 0x00, 0x00, 0x00, 0x00, 0x00, 0x00, 0x00, 0x00, 0x00, 0x00, 0x00, 0x00, 0x00, 0x00,
  0x00, 0x00, 0x00, 0x00, 0x00, 0x00, 0x00, 0x00, 0x00, 0x00, 0x00, 0x00, 0x00, 0x00, 0x00, 0x00,
  0x00, 0x00, 0x00, 0x00, 0x00, 0x00, 0x00, 0x00, 0x00, 0x00, 0x00, 0x00, 0x00, 0x00, 0x00, 0x00,
  0x00, 0x00, 0x00, 0x00, 0x00, 0x00, 0x00, 0x00, 0x00, 0x00, 0x00, 0x00, 0x00, 0x00, 0x00, 0x00,
  0x00, 0x00, 0x00, 0x00, 0x00, 0x00, 0x00, 0x00, 0x00, 0x00, 0x00, 0x00, 0x00, 0x00, 0x00, 0x00,
  0x00, 0x00, 0x00, 0x00, 0x00, 0x00, 0x00, 0x00, 0x00, 0x00, 0x00, 0x00, 0x00, 0x00, 0x00, 0x00,
  0x00, 0x00, 0x00, 0x00, 0x00, 0x00, 0x00, 0x00, 0x34, 0x05, 0x08, 0xff, 0x05, 0x00, 0x01, 0xff,
  0x1f, 0x17, 0x16, 0xff, 0x1d, 0x16, 0x16, 0xff, 0x1d, 0x16, 0x16, 0xff, 0x0f, 0x08, 0x07, 0xff,
  0xbb, 0x12, 0x21, 0xff, 0xc0, 0x10, 0x21, 0xff, 0xc5, 0x14, 0x21, 0xff, 0x3e, 0x07, 0x0f, 0xff,
  0x9e, 0x09, 0x18, 0xff, 0xb8, 0x06, 0x18, 0xff, 0xb1, 0x08, 0x1b, 0xff, 0x6d, 0x10, 0x16, 0xff,
  0x09, 0x06, 0x06, 0xff, 0x2a, 0x1f, 0x1f, 0xff, 0x01, 0x01, 0x01, 0xff, 0x1c, 0x15, 0x16, 0xff,
  0x1d, 0x14, 0x16, 0xff, 0x1c, 0x14, 0x17, 0xff, 0x1c, 0x15, 0x15, 0xff, 0x2b, 0x04, 0x05, 0xff,
  0x24, 0x00, 0x00, 0xff, 0x1d, 0x12, 0x13, 0xff, 0x1f, 0x14, 0x16, 0xff, 0x20, 0x17, 0x18, 0xff,
  0xbc, 0x1d, 0x23, 0xff, 0x1f, 0x16, 0x19, 0xff, 0x1e, 0x12, 0x15, 0xff, 0x1f, 0x13, 0x17, 0xff,
  0x1e, 0x12, 0x16, 0xff, 0x1e, 0x12, 0x15, 0xff, 0x1b, 0x0f, 0x12, 0xff, 0x20, 0x0a, 0x0c, 0xff,
  0x06, 0x03, 0x04, 0xff, 0x24, 0x1d, 0x1e, 0xff, 0x18, 0x13, 0x14, 0xff, 0x01, 0x01, 0x01, 0xff,
  0x29, 0x20, 0x20, 0xff, 0x2b, 0x1e, 0x1f, 0xff, 0x18, 0x00, 0x00, 0xff, 0x37, 0x24, 0x29, 0xff,
  0x0e, 0x00, 0x00, 0xff, 0xd6, 0x14, 0x23, 0xff, 0x0a, 0x00, 0x00, 0xff, 0x38, 0x27, 0x2b, 0xff,
  0x3a, 0x2a, 0x29, 0xff, 0x37, 0x0f, 0x0f, 0xff, 0xbf, 0x28, 0x2f, 0xff, 0x20, 0x00, 0x00, 0xff,
  0x00, 0x00, 0x00, 0xff, 0x1f, 0x14, 0x16, 0xff, 0x1f, 0x13, 0x15, 0xff, 0x92, 0x0b, 0x12, 0xff,
  0x9a, 0x07, 0x16, 0xff, 0xcc, 0x2a, 0x37, 0xff, 0x12, 0x0a, 0x0a, 0xff, 0x37, 0x2b, 0x2c, 0xff,
  0x3b, 0x2d, 0x2f, 0xff, 0x06, 0x03, 0x04, 0xff, 0xbb, 0x2c, 0x38, 0xff, 0x96, 0x0a, 0x17, 0xff,
  0x92, 0x08, 0x15, 0xff, 0x10, 0x02, 0x01, 0xff, 0x1c, 0x12, 0x12, 0xff, 0x00, 0x00, 0x00, 0xff,
  0x0e, 0x06, 0x04, 0xff, 0xca, 0x29, 0x2f, 0xff, 0x04, 0x02, 0x03, 0xff, 0x29, 0x01, 0x01, 0xff,
  0x37, 0x27, 0x2a, 0xff, 0x36, 0x27, 0x27, 0xff, 0xdb, 0x19, 0x23, 0xff, 0x9a, 0x17, 0x1e, 0xff,
  0x3d, 0x2a, 0x2f, 0xff, 0x34, 0x22, 0x27, 0xff, 0x42, 0x06, 0x0b, 0xff, 0x39, 0x2b, 0x2c, 0xff,
  0x00, 0x00, 0x00, 0xff, 0x19, 0x12, 0x12, 0xff, 0x00, 0x00, 0x00, 0xff, 0x1e, 0x16, 0x15, 0xff,
  0x81, 0x37, 0x3b, 0xff, 0x1d, 0x14, 0x13, 0xff, 0x1d, 0x14, 0x14, 0xff, 0x1d, 0x15, 0x18, 0xff,
  0x1f, 0x15, 0x16, 0xff, 0x1e, 0x14, 0x17, 0xff, 0x19, 0x16, 0x14, 0xff, 0xa1, 0x1d, 0x25, 0xff,
  0x0a, 0x00, 0x00, 0xff, 0x1f, 0x17, 0x16, 0xff, 0x1e, 0x16, 0x16, 0xff, 0x11, 0x02, 0x01, 0xff,
  0x6e, 0x1e, 0x1f, 0xff, 0x1b, 0x0f, 0x10, 0xff, 0x1b, 0x14, 0x15, 0xff, 0x1d, 0x14, 0x17, 0xff,
  0x1e, 0x15, 0x18, 0xff, 0x00, 0x00, 0x00, 0xff, 0x08, 0x05, 0x05, 0xff, 0x14, 0x0f, 0x0e, 0xff,
  0x92, 0x17, 0x1f, 0xff, 0xbc, 0x0e, 0x19, 0xff, 0xbc, 0x07, 0x17, 0xff, 0xa6, 0x08, 0x16, 0xff,
  0x3b, 0x0c, 0x12, 0xff, 0xb9, 0x1b, 0x27, 0xff, 0xc9, 0x10, 0x1e, 0xff, 0xcb, 0x11, 0x20, 0xff,
  0x08, 0x01, 0x00, 0xff, 0x1f, 0x18, 0x19, 0xff, 0x1f, 0x16, 0x19, 0xff, 0x1f, 0x16, 0x19, 0xff,
  0x0c, 0x00, 0x00, 0xff, 0x0e, 0x02, 0x01, 0xff, 0x00, 0x00, 0x00, 0x00, 0x00, 0x00, 0x00, 0x00,
  0x00, 0x00, 0x00, 0x00, 0x00, 0x00, 0x00, 0x00, 0x00, 0x00, 0x00, 0x00, 0x00, 0x00, 0x00, 0x00,
  0x00, 0x00, 0x00, 0x00, 0x00, 0x00, 0x00, 0x00, 0x00, 0x00, 0x00, 0x00, 0x00, 0x00, 0x00, 0x00,
  0x00, 0x00, 0x00, 0x00, 0x00, 0x00, 0x00, 0x00, 0x00, 0x00, 0x00, 0x00, 0x00, 0x00, 0x00, 0x00,
  0x00, 0x00, 0x00, 0x00, 0x00, 0x00, 0x00, 0x00, 0x00, 0x00, 0x00, 0x00, 0x00, 0x00, 0x00, 0x00,
  0x00, 0x00, 0x00, 0x00, 0x00, 0x00, 0x00, 0x00, 0x00, 0x00, 0x00, 0x00, 0x00, 0x00, 0x00, 0x00,
  0x00, 0x00, 0x00, 0x00, 0x00, 0x00, 0x00, 0x00, 0x00, 0x00, 0x00, 0x00, 0x00, 0x00, 0x00, 0x00,
  0x00, 0x00, 0x00, 0x00, 0x00, 0x00, 0x00, 0x00, 0x00, 0x00, 0x00, 0x00, 0x00, 0x00, 0x00, 0x00,
  0x00, 0x00, 0x00, 0x00, 0x00, 0x00, 0x00, 0x00, 0x00, 0x00, 0x00, 0x00, 0x00, 0x00, 0x00, 0x00,
  0x00, 0x00, 0x00, 0x00, 0x00, 0x00, 0x00, 0x00, 0x00, 0x00, 0x00, 0x00, 0x00, 0x00, 0x00, 0x00,
  0x00, 0x00, 0x00, 0x00, 0x00, 0x00, 0x00, 0x00, 0x00, 0x00, 0x00, 0x00, 0x00, 0x00, 0x00, 0x00,
  0x00, 0x00, 0x00, 0x00, 0x00, 0x00, 0x00, 0x00, 0x00, 0x00, 0x00, 0x00, 0x00, 0x00, 0x00, 0x00,
  0x00, 0x00, 0x00, 0x00, 0x00, 0x00, 0x00, 0x00, 0x00, 0x00, 0x00, 0x00, 0x00, 0x00, 0x00, 0x00,
  0x00, 0x00, 0x00, 0x00, 0x00, 0x00, 0x00, 0x00, 0x00, 0x00, 0x00, 0x00, 0x00, 0x00, 0x00, 0x00,
  0x00, 0x00, 0x00, 0x00, 0x00, 0x00, 0x00, 0x00, 0x00, 0x00, 0x00, 0x00, 0x00, 0x00, 0x00, 0x00,
  0x00, 0x00, 0x00, 0x00, 0x00, 0x00, 0x00, 0x00, 0x00, 0x00, 0x00, 0x00, 0x00, 0x00, 0x00, 0x00,
  0x00, 0x00, 0x00, 0x00, 0x00, 0x00, 0x00, 0x00, 0x00, 0x00, 0x00, 0x00, 0x00, 0x00, 0x00, 0x00,
  0x00, 0x00, 0x00, 0x00, 0x00, 0x00, 0x00, 0x00, 0x00, 0x00, 0x00, 0x00, 0x00, 0x00, 0x00, 0x00,
  0x00, 0x00, 0x00, 0x00, 0x00, 0x00, 0x00, 0x00, 0x00, 0x00, 0x00, 0x00, 0x00, 0x00, 0x00, 0x00,
  0x1c, 0x09, 0x07, 0xff, 0xcd, 0x1f, 0x2a, 0xff, 0x5e, 0x12, 0x14, 0xff, 0x03, 0x00, 0x01, 0xff,
  0x1e, 0x16, 0x17, 0xff, 0x1d, 0x16, 0x18, 0xff, 0x1d, 0x15, 0x18, 0xff, 0x11, 0x0f, 0x0c, 0xff,
  0x23, 0x04, 0x02, 0xff, 0xc1, 0x10, 0x1f, 0xff, 0xc7, 0x14, 0x22, 0xff, 0x32, 0x0b, 0x0c, 0xff,
  0x98, 0x07, 0x11, 0xff, 0xef, 0x23, 0x35, 0xff, 0xaa, 0x08, 0x19, 0xff, 0x14, 0x13, 0x0e, 0xff,
  0x48, 0x34, 0x36, 0xff, 0x07, 0x04, 0x05, 0xff, 0x06, 0x05, 0x05, 0xff, 0x1c, 0x15, 0x16, 0xff,
  0x1b, 0x15, 0x16, 0xff, 0x19, 0x13, 0x14, 0xff, 0x1c, 0x15, 0x16, 0xff, 0x1b, 0x14, 0x14, 0xff,
  0x67, 0x11, 0x16, 0xff, 0x1d, 0x00, 0x00, 0xff, 0x1c, 0x15, 0x15, 0xff, 0x1f, 0x16, 0x15, 0xff,
  0xbb, 0x1f, 0x27, 0xff, 0x1e, 0x15, 0x18, 0xff, 0x2e, 0x11, 0x0e, 0xff, 0xc4, 0x28, 0x2f, 0xff,
  0x37, 0x05, 0x06, 0xff, 0x19, 0x10, 0x13, 0xff, 0x1b, 0x11, 0x14, 0xff, 0x19, 0x0f, 0x12, 0xff,
  0x05, 0x04, 0x04, 0xff, 0x27, 0x1d, 0x1d, 0xff, 0x00, 0x00, 0x00, 0xff, 0x1d, 0x16, 0x16, 0xff,
  0x0b, 0x09, 0x09, 0xff, 0x2c, 0x1f, 0x22, 0xff, 0xc5, 0x2e, 0x34, 0xff, 0x37, 0x22, 0x2a, 0xff,
  0x2f, 0x06, 0x07, 0xff, 0xd1, 0x16, 0x24, 0xff, 0x09, 0x00, 0x00, 0xff, 0x37, 0x29, 0x2c, 0xff,
  0x3a, 0x2a, 0x2a, 0xff, 0x37, 0x0f, 0x0f, 0xff, 0x08, 0x01, 0x01, 0xff, 0x1f, 0x14, 0x16, 0xff,
  0x00, 0x00, 0x00, 0xff, 0x1c, 0x13, 0x15, 0xff, 0x0b, 0x06, 0x05, 0xff, 0x9b, 0x0b, 0x15, 0xff,
  0x9a, 0x07, 0x14, 0xff, 0xd2, 0x30, 0x3c, 0xff, 0x1f, 0x12, 0x13, 0xff, 0x41, 0x32, 0x32, 0xff,
  0x41, 0x31, 0x35, 0xff, 0x06, 0x03, 0x04, 0xff, 0xa8, 0x22, 0x2f, 0xff, 0x93, 0x09, 0x15, 0xff,
  0x8f, 0x07, 0x12, 0xff, 0x6a, 0x13, 0x1b, 0xff, 0x18, 0x11, 0x11, 0xff, 0x00, 0x01, 0x00, 0xff,
  0x23, 0x13, 0x16, 0xff, 0x08, 0x04, 0x04, 0xff, 0x06, 0x00, 0x01, 0xff, 0x24, 0x01, 0x01, 0xff,
  0x38, 0x27, 0x2b, 0xff, 0x34, 0x24, 0x29, 0xff, 0xd9, 0x15, 0x23, 0xff, 0x8d, 0x0f, 0x14, 0xff,
  0x3a, 0x29, 0x2d, 0xff, 0x20, 0x02, 0x01, 0xff, 0x3c, 0x15, 0x16, 0xff, 0x2c, 0x20, 0x21, 0xff,
  0x24, 0x1d, 0x1e, 0xff, 0x02, 0x02, 0x02, 0xff, 0x00, 0x00, 0x00, 0xff, 0x1c, 0x14, 0x13, 0xff,
  0x1f, 0x15, 0x17, 0xff, 0x1f, 0x16, 0x17, 0xff, 0x1e, 0x16, 0x17, 0xff, 0x1b, 0x0c, 0x0a, 0xff,
  0xb3, 0x2e, 0x35, 0xff, 0x70, 0x20, 0x22, 0xff, 0x1e, 0x10, 0x10, 0xff, 0x9c, 0x19, 0x22, 0xff,
  0x05, 0x00, 0x00, 0xff, 0x1d, 0x15, 0x16, 0xff, 0x11, 0x07, 0x08, 0xff, 0x8f, 0x1c, 0x20, 0xff,
  0x0b, 0x08, 0x09, 0xff, 0x1c, 0x11, 0x13, 0xff, 0x1c, 0x14, 0x16, 0xff, 0x1b, 0x13, 0x16, 0xff,
  0x1c, 0x13, 0x15, 0xff, 0x17, 0x11, 0x13, 0xff, 0x00, 0x00, 0x00, 0xff, 0x49, 0x30, 0x34, 0xff,
  0x2b, 0x1b, 0x1c, 0xff, 0xa3, 0x0e, 0x1b, 0xff, 0xb6, 0x05, 0x12, 0xff, 0xd3, 0x14, 0x24, 0xff,
  0x3e, 0x0b, 0x12, 0xff, 0xb6, 0x1c, 0x29, 0xff, 0xce, 0x12, 0x22, 0xff, 0x36, 0x02, 0x05, 0xff,
  0x15, 0x0f, 0x11, 0xff, 0x1d, 0x16, 0x16, 0xff, 0x20, 0x18, 0x1c, 0xff, 0x1f, 0x17, 0x1b, 0xff,
  0x07, 0x00, 0x00, 0xff, 0x28, 0x04, 0x03, 0xff, 0xa6, 0x28, 0x2e, 0xff, 0x17, 0x0f, 0x08, 0xff,
  0x00, 0x00, 0x00, 0x00, 0x00, 0x00, 0x00, 0x00, 0x00, 0x00, 0x00, 0x00, 0x00, 0x00, 0x00, 0x00,
  0x00, 0x00, 0x00, 0x00, 0x00, 0x00, 0x00, 0x00, 0x00, 0x00, 0x00, 0x00, 0x00, 0x00, 0x00, 0x00,
  0x00, 0x00, 0x00, 0x00, 0x00, 0x00, 0x00, 0x00, 0x00, 0x00, 0x00, 0x00, 0x00, 0x00, 0x00, 0x00,
  0x00, 0x00, 0x00, 0x00, 0x00, 0x00, 0x00, 0x00, 0x00, 0x00, 0x00, 0x00, 0x00, 0x00, 0x00, 0x00,
  0x00, 0x00, 0x00, 0x00, 0x00, 0x00, 0x00, 0x00, 0x00, 0x00, 0x00, 0x00, 0x00, 0x00, 0x00, 0x00,
  0x00, 0x00, 0x00, 0x00, 0x00, 0x00, 0x00, 0x00, 0x00, 0x00, 0x00, 0x00, 0x00, 0x00, 0x00, 0x00,
  0x00, 0x00, 0x00, 0x00, 0x00, 0x00, 0x00, 0x00, 0x00, 0x00, 0x00, 0x00, 0x00, 0x00, 0x00, 0x00,
  0x00, 0x00, 0x00, 0x00, 0x00, 0x00, 0x00, 0x00, 0x00, 0x00, 0x00, 0x00, 0x00, 0x00, 0x00, 0x00,
  0x00, 0x00, 0x00, 0x00, 0x00, 0x00, 0x00, 0x00, 0x00, 0x00, 0x00, 0x00, 0x00, 0x00, 0x00, 0x00,
  0x00, 0x00, 0x00, 0x00, 0x00, 0x00, 0x00, 0x00, 0x00, 0x00, 0x00, 0x00, 0x00, 0x00, 0x00, 0x00,
  0x00, 0x00, 0x00, 0x00, 0x00, 0x00, 0x00, 0x00, 0x00, 0x00, 0x00, 0x00, 0x00, 0x00, 0x00, 0x00,
  0x00, 0x00, 0x00, 0x00, 0x00, 0x00, 0x00, 0x00, 0x00, 0x00, 0x00, 0x00, 0x00, 0x00, 0x00, 0x00,
  0x00, 0x00, 0x00, 0x00, 0x00, 0x00, 0x00, 0x00, 0x00, 0x00, 0x00, 0x00, 0x00, 0x00, 0x00, 0x00,
  0x00, 0x00, 0x00, 0x00, 0x00, 0x00, 0x00, 0x00, 0x00, 0x00, 0x00, 0x00, 0x00, 0x00, 0x00, 0x00,
  0x00, 0x00, 0x00, 0x00, 0x00, 0x00, 0x00, 0x00, 0x00, 0x00, 0x00, 0x00, 0x00, 0x00, 0x00, 0x00,
  0x01, 0x00, 0x00, 0xff, 0x00, 0x00, 0x00, 0x00, 0x00, 0x00, 0x00, 0x00, 0x00, 0x00, 0x00, 0x00,
  0x00, 0x00, 0x00, 0x00, 0x00, 0x00, 0x00, 0x00, 0x00, 0x00, 0x00, 0x00, 0x00, 0x00, 0x00, 0x00,
  0x00, 0x00, 0x00, 0x00, 0x00, 0x00, 0x00, 0x00, 0x12, 0x0a, 0x08, 0xff, 0xc9, 0x1d, 0x2b, 0xff,
  0xd0, 0x1d, 0x2a, 0xff, 0x7d, 0x07, 0x12, 0xff, 0x76, 0x13, 0x19, 0xff, 0x04, 0x02, 0x02, 0xff,
  0x1d, 0x16, 0x17, 0xff, 0x1e, 0x16, 0x19, 0xff, 0x1b, 0x13, 0x16, 0xff, 0x1f, 0x17, 0x18, 0xff,
  0x1c, 0x12, 0x15, 0xff, 0x50, 0x0a, 0x0f, 0xff, 0xc0, 0x14, 0x20, 0xff, 0xc8, 0x20, 0x2e, 0xff,
  0x36, 0x06, 0x06, 0xff, 0x8e, 0x0e, 0x14, 0xff, 0x42, 0x2f, 0x2f, 0xff, 0x4f, 0x3a, 0x3a, 0xff,
  0x47, 0x36, 0x37, 0xff, 0x19, 0x13, 0x14, 0xff, 0x04, 0x03, 0x03, 0xff, 0x19, 0x14, 0x16, 0xff,
  0x1c, 0x14, 0x17, 0xff, 0x1c, 0x14, 0x17, 0xff, 0x1b, 0x13, 0x16, 0xff, 0x1d, 0x15, 0x16, 0xff,
  0x01, 0x01, 0x01, 0xff, 0x7b, 0x13, 0x18, 0xff, 0x0f, 0x03, 0x01, 0xff, 0x1e, 0x12, 0x14, 0xff,
  0xbc, 0x1e, 0x23, 0xff, 0x1f, 0x15, 0x16, 0xff, 0x1f, 0x15, 0x15, 0xff, 0x1f, 0x12, 0x13, 0xff,
  0x5c, 0x19, 0x21, 0xff, 0x2f, 0x09, 0x07, 0xff, 0x9a, 0x24, 0x2d, 0xff, 0x19, 0x08, 0x08, 0xff,
  0x07, 0x06, 0x05, 0xff, 0x2b, 0x1f, 0x21, 0xff, 0x1f, 0x17, 0x18, 0xff, 0x01, 0x01, 0x01, 0xff,
  0x35, 0x27, 0x2b, 0xff, 0x31, 0x21, 0x28, 0xff, 0xb4, 0x28, 0x2a, 0xff, 0x3a, 0x28, 0x35, 0xff,
  0x94, 0x20, 0x28, 0xff, 0xce, 0x13, 0x22, 0xff, 0x0c, 0x01, 0x01, 0xff, 0x3b, 0x2a, 0x2c, 0xff,
  0x3b, 0x29, 0x2a, 0xff, 0x3e, 0x10, 0x12, 0xff, 0x1e, 0x16, 0x19, 0xff, 0x23, 0x12, 0x13, 0xff,
  0x11, 0x02, 0x00, 0xff, 0x1f, 0x14, 0x14, 0xff, 0x1e, 0x00, 0x00, 0xff, 0x54, 0x04, 0x07, 0xff,
  0x96, 0x0a, 0x13, 0xff, 0xde, 0x35, 0x3e, 0xff, 0x1d, 0x15, 0x16, 0xff, 0x3e, 0x2f, 0x32, 0xff,
  0x40, 0x2f, 0x34, 0xff, 0x27, 0x1d, 0x1e, 0xff, 0x30, 0x00, 0x00, 0xff, 0x9c, 0x09, 0x16, 0xff,
  0x82, 0x1b, 0x1f, 0xff, 0x9e, 0x0f, 0x23, 0xff, 0x19, 0x12, 0x14, 0xff, 0x00, 0x00, 0x00, 0xff,
  0x22, 0x03, 0x01, 0xff, 0x2c, 0x1b, 0x1e, 0xff, 0x04, 0x00, 0x00, 0xff, 0x24, 0x01, 0x00, 0xff,
  0x38, 0x27, 0x2b, 0xff, 0x32, 0x24, 0x27, 0xff, 0xd7, 0x14, 0x20, 0xff, 0x87, 0x0b, 0x0f, 0xff,
  0x1b, 0x12, 0x14, 0xff, 0x50, 0x10, 0x0f, 0xff, 0x36, 0x27, 0x2a, 0xff, 0x34, 0x27, 0x29, 0xff,
  0x02, 0x02, 0x01, 0xff, 0x1e, 0x16, 0x16, 0xff, 0x00, 0x00, 0x00, 0xff, 0x1c, 0x13, 0x13, 0xff,
  0x1c, 0x12, 0x15, 0xff, 0x94, 0x23, 0x2e, 0xff, 0x88, 0x1d, 0x20, 0xff, 0x1f, 0x11, 0x0f, 0xff,
  0x1c, 0x13, 0x16, 0xff, 0x1b, 0x12, 0x15, 0xff, 0x19, 0x12, 0x13, 0xff, 0x96, 0x1c, 0x23, 0xff,
  0x04, 0x00, 0x00, 0xff, 0x15, 0x0f, 0x12, 0xff, 0x9e, 0x19, 0x21, 0xff, 0x00, 0x00, 0x00, 0xff,
  0x1b, 0x14, 0x15, 0xff, 0x19, 0x14, 0x16, 0xff, 0x1c, 0x14, 0x17, 0xff, 0x1b, 0x14, 0x15, 0xff,
  0x1c, 0x14, 0x17, 0xff, 0x14, 0x11, 0x11, 0xff, 0x1b, 0x12, 0x14, 0xff, 0x0a, 0x07, 0x08, 0xff,
  0x4c, 0x36, 0x37, 0xff, 0x51, 0x36, 0x38, 0xff, 0x31, 0x00, 0x00, 0xff, 0x73, 0x09, 0x10, 0xff,
  0x95, 0x1e, 0x21, 0xff, 0xcd, 0x18, 0x27, 0xff, 0x52, 0x06, 0x08, 0xff, 0x1c, 0x10, 0x13, 0xff,
  0x22, 0x1b, 0x1c, 0xff, 0x1e, 0x16, 0x19, 0xff, 0x1e, 0x17, 0x19, 0xff, 0x20, 0x17, 0x19, 0xff,
  0x05, 0x00, 0x00, 0xff, 0x2f, 0x03, 0x05, 0xff, 0x8f, 0x09, 0x12, 0xff, 0xcd, 0x18, 0x25, 0xff,
  0xbc, 0x2f, 0x34, 0xff, 0x74, 0x5a, 0x56, 0xff, 0x00, 0x00, 0x00, 0x00, 0x00, 0x00, 0x00, 0x00,
  0x00, 0x00, 0x00, 0x00, 0x00, 0x00, 0x00, 0x00, 0x00, 0x00, 0x00, 0x00, 0x00, 0x00, 0x00, 0x00,
  0x00, 0x00, 0x00, 0x00, 0x00, 0x00, 0x00, 0x00, 0x00, 0x00, 0x00, 0x00, 0x9a, 0x78, 0x73, 0xff,
  0x00, 0x00, 0x00, 0x00, 0x00, 0x00, 0x00, 0x00, 0x00, 0x00, 0x00, 0x00, 0x00, 0x00, 0x00, 0x00,
  0x00, 0x00, 0x00, 0x00, 0x00, 0x00, 0x00, 0x00, 0x00, 0x00, 0x00, 0x00, 0x00, 0x00, 0x00, 0x00,
  0x00, 0x00, 0x00, 0x00, 0x00, 0x00, 0x00, 0x00, 0x00, 0x00, 0x00, 0x00, 0x00, 0x00, 0x00, 0x00,
  0x00, 0x00, 0x00, 0x00, 0x00, 0x00, 0x00, 0x00, 0x00, 0x00, 0x00, 0x00, 0x00, 0x00, 0x00, 0x00,
  0x00, 0x00, 0x00, 0x00, 0x00, 0x00, 0x00, 0x00, 0x00, 0x00, 0x00, 0x00, 0x00, 0x00, 0x00, 0x00,
  0x00, 0x00, 0x00, 0x00, 0x00, 0x00, 0x00, 0x00, 0x00, 0x00, 0x00, 0x00, 0x00, 0x00, 0x00, 0x00,
  0x00, 0x00, 0x00, 0x00, 0x00, 0x00, 0x00, 0x00, 0x00, 0x00, 0x00, 0x00, 0x00, 0x00, 0x00, 0x00,
  0x00, 0x00, 0x00, 0x00, 0x00, 0x00, 0x00, 0x00, 0x00, 0x00, 0x00, 0x00, 0x00, 0x00, 0x00, 0x00,
  0x00, 0x00, 0x00, 0x00, 0x00, 0x00, 0x00, 0x00, 0x00, 0x00, 0x00, 0x00, 0x00, 0x00, 0x00, 0x00,
  0x00, 0x00, 0x00, 0x00, 0x00, 0x00, 0x00, 0x00, 0x00, 0x00, 0x00, 0x00, 0x00, 0x00, 0x00, 0x00,
  0x00, 0x00, 0x00, 0x00, 0x00, 0x00, 0x00, 0x00, 0x00, 0x00, 0x00, 0x00, 0x00, 0x00, 0x00, 0x00,
  0x00, 0x00, 0x00, 0x00, 0x00, 0x00, 0x00, 0x00, 0x00, 0x00, 0x00, 0x00, 0xa8, 0x82, 0x7e, 0xff,
  0x20, 0x03, 0x05, 0xff, 0x00, 0x00, 0x00, 0x00, 0x00, 0x00, 0x00, 0x00, 0x00, 0x00, 0x00, 0x00,
  0x00, 0x00, 0x00, 0x00, 0x00, 0x00, 0x00, 0x00, 0x00, 0x00, 0x00, 0x00, 0x00, 0x00, 0x00, 0x00,
  0x98, 0x74, 0x71, 0xff, 0x9b, 0x1b, 0x20, 0xff, 0xe0, 0x25, 0x35, 0xff, 0x80, 0x07, 0x0f, 0xff,
  0x78, 0x04, 0x0e, 0xff, 0x7b, 0x05, 0x0f, 0xff, 0x7e, 0x10, 0x17, 0xff, 0x03, 0x02, 0x01, 0xff,
  0x1e, 0x17, 0x19, 0xff, 0x1d, 0x16, 0x18, 0xff, 0x1d, 0x15, 0x18, 0xff, 0x1e, 0x16, 0x17, 0xff,
  0x1d, 0x14, 0x16, 0xff, 0x22, 0x18, 0x1b, 0xff, 0x87, 0x1f, 0x27, 0xff, 0xbc, 0x1c, 0x27, 0xff,
  0x23, 0x01, 0x00, 0xff, 0x6e, 0x0b, 0x10, 0xff, 0x51, 0x3a, 0x3b, 0xff, 0x4a, 0x38, 0x39, 0xff,
  0x1f, 0x18, 0x19, 0xff, 0x1c, 0x15, 0x14, 0xff, 0x03, 0x02, 0x03, 0xff, 0x1b, 0x15, 0x17, 0xff,
  0x1c, 0x14, 0x17, 0xff, 0x1c, 0x14, 0x17, 0xff, 0x1d, 0x15, 0x18, 0xff, 0x1d, 0x12, 0x13, 0xff,
  0x02, 0x01, 0x01, 0xff, 0x08, 0x04, 0x03, 0xff, 0x9c, 0x13, 0x1e, 0xff, 0x0c, 0x06, 0x08, 0xff,
  0xb5, 0x1f, 0x24, 0xff, 0x1c, 0x11, 0x13, 0xff, 0x1f, 0x15, 0x16, 0xff, 0x1d, 0x14, 0x16, 0xff,
  0x54, 0x10, 0x13, 0xff, 0x19, 0x0f, 0x0f, 0xff, 0x18, 0x12, 0x11, 0xff, 0x95, 0x36, 0x3b, 0xff,
  0x03, 0x02, 0x03, 0xff, 0x28, 0x1e, 0x1e, 0xff, 0x1d, 0x16, 0x16, 0xff, 0x1b, 0x13, 0x16, 0xff,
  0x35, 0x27, 0x2b, 0xff, 0x2e, 0x21, 0x25, 0xff, 0xad, 0x28, 0x28, 0xff, 0x3c, 0x29, 0x34, 0xff,
  0x96, 0x21, 0x2b, 0xff, 0xc9, 0x11, 0x1f, 0xff, 0x0b, 0x03, 0x02, 0xff, 0x39, 0x28, 0x2a, 0xff,
  0x3c, 0x2b, 0x2a, 0xff, 0x38, 0x0b, 0x0e, 0xff, 0x2e, 0x12, 0x17, 0xff, 0x7b, 0x1c, 0x19, 0xff,
  0x00, 0x00, 0x00, 0xff, 0x19, 0x14, 0x13, 0xff, 0xb8, 0x3e, 0x40, 0xff, 0x8a, 0x03, 0x13, 0xff,
  0x5e, 0x07, 0x0b, 0xff, 0x9e, 0x1f, 0x28, 0xff, 0x1c, 0x13, 0x16, 0xff, 0x3e, 0x2f, 0x32, 0xff,
  0x41, 0x31, 0x34, 0xff, 0x28, 0x1f, 0x1f, 0xff, 0x0b, 0x01, 0x00, 0xff, 0x56, 0x01, 0x02, 0xff,
  0x80, 0x06, 0x12, 0xff, 0x8d, 0x08, 0x1b, 0xff, 0x14, 0x0f, 0x0f, 0xff, 0x00, 0x00, 0x00, 0xff,
  0x27, 0x0c, 0x08, 0xff, 0x35, 0x06, 0x08, 0xff, 0x04, 0x00, 0x00, 0xff, 0x1e, 0x00, 0x00, 0xff,
  0x39, 0x28, 0x2c, 0xff, 0x35, 0x25, 0x28, 0xff, 0xd5, 0x14, 0x1f, 0xff, 0x82, 0x08, 0x0c, 0xff,
  0x1c, 0x0e, 0x0f, 0xff, 0x44, 0x0a, 0x08, 0xff, 0x36, 0x25, 0x29, 0xff, 0x37, 0x27, 0x2a, 0xff,
  0x15, 0x11, 0x12, 0xff, 0x1c, 0x15, 0x16, 0xff, 0x00, 0x00, 0x00, 0xff, 0x19, 0x12, 0x12, 0xff,
  0x36, 0x0f, 0x13, 0xff, 0x1d, 0x14, 0x13, 0xff, 0x19, 0x13, 0x14, 0xff, 0x1f, 0x14, 0x14, 0xff,
  0x19, 0x12, 0x15, 0xff, 0x1c, 0x16, 0x18, 0xff, 0x1d, 0x12, 0x16, 0xff, 0x94, 0x18, 0x21, 0xff,
  0x06, 0x00, 0x01, 0xff, 0xa3, 0x18, 0x22, 0xff, 0x0b, 0x05, 0x05, 0xff, 0x0e, 0x0a, 0x0a, 0xff,
  0x18, 0x13, 0x15, 0xff, 0x1b, 0x13, 0x14, 0xff, 0x1b, 0x15, 0x17, 0xff, 0x1c, 0x14, 0x17, 0xff,
  0x1c, 0x14, 0x17, 0xff, 0x11, 0x0e, 0x0f, 0xff, 0x1f, 0x17, 0x1b, 0xff, 0x2c, 0x21, 0x24, 0xff,
  0x51, 0x3b, 0x3c, 0xff, 0x4e, 0x32, 0x36, 0xff, 0x1e, 0x00, 0x00, 0xff, 0x58, 0x0a, 0x0c, 0xff,
  0xc9, 0x1b, 0x25, 0xff, 0xab, 0x1e, 0x25, 0xff, 0x1d, 0x16, 0x16, 0xff, 0x1b, 0x13, 0x14, 0xff,
  0x24, 0x1d, 0x1e, 0xff, 0x1e, 0x16, 0x17, 0xff, 0x1f, 0x16, 0x19, 0xff, 0x20, 0x17, 0x1b, 0xff,
  0x06, 0x00, 0x00, 0xff, 0x38, 0x06, 0x08, 0xff, 0x81, 0x0a, 0x13, 0xff, 0x89, 0x0c, 0x17, 0xff,
  0x8b, 0x05, 0x10, 0xff, 0xd2, 0x19, 0x27, 0xff, 0xc0, 0x34, 0x3c, 0xff, 0x1c, 0x12, 0x11, 0xff,
  0x00, 0x00, 0x00, 0x00, 0x00, 0x00, 0x00, 0x00, 0x00, 0x00, 0x00, 0x00, 0x00, 0x00, 0x00, 0x00,
  0x00, 0x00, 0x00, 0x00, 0x00, 0x00, 0x00, 0x00, 0x00, 0x00, 0x00, 0x00, 0x7b, 0x10, 0x1c, 0xff,
  0x00, 0x00, 0x00, 0x00, 0x00, 0x00, 0x00, 0x00, 0x00, 0x00, 0x00, 0x00, 0x00, 0x00, 0x00, 0x00,
  0x00, 0x00, 0x00, 0x00, 0x00, 0x00, 0x00, 0x00, 0x00, 0x00, 0x00, 0x00, 0x00, 0x00, 0x00, 0x00,
  0x00, 0x00, 0x00, 0x00, 0x00, 0x00, 0x00, 0x00, 0x00, 0x00, 0x00, 0x00, 0x00, 0x00, 0x00, 0x00,
  0x00, 0x00, 0x00, 0x00, 0x00, 0x00, 0x00, 0x00, 0x00, 0x00, 0x00, 0x00, 0x00, 0x00, 0x00, 0x00,
  0x00, 0x00, 0x00, 0x00, 0x00, 0x00, 0x00, 0x00, 0x00, 0x00, 0x00, 0x00, 0x00, 0x00, 0x00, 0x00,
  0x00, 0x00, 0x00, 0x00, 0x00, 0x00, 0x00, 0x00, 0x00, 0x00, 0x00, 0x00, 0x00, 0x00, 0x00, 0x00,
  0x00, 0x00, 0x00, 0x00, 0x00, 0x00, 0x00, 0x00, 0x00, 0x00, 0x00, 0x00, 0x00, 0x00, 0x00, 0x00,
  0x00, 0x00, 0x00, 0x00, 0x00, 0x00, 0x00, 0x00, 0x00, 0x00, 0x00, 0x00, 0x00, 0x00, 0x00, 0x00,
  0x00, 0x00, 0x00, 0x00, 0x00, 0x00, 0x00, 0x00, 0x00, 0x00, 0x00, 0x00, 0x00, 0x00, 0x00, 0x00,
  0x00, 0x00, 0x00, 0x00, 0x00, 0x00, 0x00, 0x00, 0x00, 0x00, 0x00, 0x00, 0x00, 0x00, 0x00, 0x00,
  0x00, 0x00, 0x00, 0x00, 0x00, 0x00, 0x00, 0x00, 0x00, 0x00, 0x00, 0x00, 0x00, 0x00, 0x00, 0x00,
  0x00, 0x00, 0x00, 0x00, 0x00, 0x00, 0x00, 0x00, 0x00, 0x00, 0x00, 0x00, 0x0c, 0x04, 0x02, 0xff,
  0x2d, 0x04, 0x09, 0xff, 0x00, 0x00, 0x00, 0x00, 0x00, 0x00, 0x00, 0x00, 0x00, 0x00, 0x00, 0x00,
  0x00, 0x00, 0x00, 0x00, 0x00, 0x00, 0x00, 0x00, 0x46, 0x34, 0x30, 0xff, 0xa4, 0x23, 0x2c, 0xff,
  0xd4, 0x16, 0x2d, 0xff, 0x7d, 0x09, 0x12, 0xff, 0x76, 0x04, 0x0e, 0xff, 0x75, 0x04, 0x0f, 0xff,
  0x5e, 0x0b, 0x11, 0xff, 0x5e, 0x0e, 0x13, 0xff, 0x83, 0x17, 0x20, 0xff, 0x02, 0x01, 0x00, 0xff,
  0x1d, 0x15, 0x18, 0xff, 0x1d, 0x15, 0x18, 0xff, 0x1e, 0x16, 0x19, 0xff, 0x1f, 0x16, 0x18, 0xff,
  0x0e, 0x0a, 0x0a, 0xff, 0x1c, 0x14, 0x17, 0xff, 0x32, 0x27, 0x29, 0xff, 0x98, 0x23, 0x30, 0xff,
  0x22, 0x00, 0x02, 0xff, 0x64, 0x0a, 0x0f, 0xff, 0x49, 0x35, 0x38, 0xff, 0x1d, 0x16, 0x16, 0xff,
  0x20, 0x19, 0x1b, 0xff, 0x01, 0x01, 0x01, 0xff, 0x00, 0x00, 0x00, 0xff, 0x1d, 0x15, 0x18, 0xff,
  0x1d, 0x15, 0x18, 0xff, 0x1e, 0x16, 0x19, 0xff, 0x15, 0x0f, 0x10, 0xff, 0x27, 0x00, 0x00, 0xff,
  0x01, 0x01, 0x00, 0xff, 0x0f, 0x08, 0x08, 0xff, 0x06, 0x06, 0x05, 0xff, 0xae, 0x17, 0x22, 0xff,
  0xb8, 0x1c, 0x22, 0xff, 0x1f, 0x0c, 0x0b, 0xff, 0x48, 0x0a, 0x0c, 0xff, 0x1b, 0x13, 0x14, 0xff,
  0x1f, 0x0c, 0x0c, 0xff, 0x24, 0x0b, 0x0f, 0xff, 0x1c, 0x12, 0x15, 0xff, 0x1f, 0x12, 0x13, 0xff,
  0x01, 0x00, 0x00, 0xff, 0x1b, 0x12, 0x14, 0xff, 0x1c, 0x15, 0x16, 0xff, 0x1e, 0x16, 0x19, 0xff,
  0x36, 0x28, 0x29, 0xff, 0x2f, 0x22, 0x27, 0xff, 0xab, 0x2c, 0x2f, 0xff, 0x3b, 0x28, 0x32, 0xff,
  0x96, 0x23, 0x2a, 0xff, 0xc8, 0x11, 0x20, 0xff, 0x0b, 0x03, 0x01, 0xff, 0x38, 0x27, 0x29, 0xff,
  0x3b, 0x2a, 0x2a, 0xff, 0x37, 0x0a, 0x0a, 0xff, 0x80, 0x25, 0x29, 0xff, 0x3b, 0x29, 0x29, 0xff,
  0x02, 0x01, 0x00, 0xff, 0x1b, 0x14, 0x16, 0xff, 0xab, 0x21, 0x27, 0xff, 0x8e, 0x03, 0x12, 0xff,
  0x8b, 0x03, 0x11, 0xff, 0x08, 0x02, 0x02, 0xff, 0x19, 0x12, 0x15, 0xff, 0x3d, 0x2f, 0x30, 0xff,
  0x3e, 0x2f, 0x32, 0xff, 0x2d, 0x22, 0x23, 0xff, 0x1c, 0x12, 0x15, 0xff, 0xcd, 0x2b, 0x38, 0xff,
  0x80, 0x06, 0x11, 0xff, 0x84, 0x07, 0x14, 0xff, 0x0b, 0x02, 0x01, 0xff, 0x00, 0x00, 0x00, 0xff,
  0x1b, 0x12, 0x14, 0xff, 0x1d, 0x01, 0x01, 0xff, 0x22, 0x02, 0x04, 0xff, 0x1e, 0x00, 0x00, 0xff,
  0x37, 0x27, 0x2a, 0xff, 0x36, 0x25, 0x29, 0xff, 0xcd, 0x10, 0x1e, 0xff, 0x7c, 0x04, 0x0a, 0xff,
  0x15, 0x0e, 0x0c, 0xff, 0x45, 0x0b, 0x0a, 0xff, 0x34, 0x25, 0x29, 0xff, 0x37, 0x27, 0x2a, 0xff,
  0x19, 0x13, 0x14, 0xff, 0x18, 0x12, 0x14, 0xff, 0x00, 0x00, 0x00, 0xff, 0x1d, 0x15, 0x14, 0xff,
  0x1f, 0x16, 0x19, 0xff, 0x1e, 0x16, 0x17, 0xff, 0x1b, 0x16, 0x19, 0xff, 0x3e, 0x0e, 0x0f, 0xff,
  0x1e, 0x13, 0x16, 0xff, 0x23, 0x0c, 0x0f, 0xff, 0x36, 0x0c, 0x12, 0xff, 0x92, 0x17, 0x1d, 0xff,
  0xb8, 0x21, 0x2f, 0xff, 0x05, 0x02, 0x03, 0xff, 0x0e, 0x07, 0x08, 0xff, 0x04, 0x03, 0x03, 0xff,
  0x31, 0x08, 0x08, 0xff, 0x0f, 0x08, 0x09, 0xff, 0x1d, 0x15, 0x16, 0xff, 0x1d, 0x16, 0x16, 0xff,
  0x1c, 0x14, 0x17, 0xff, 0x12, 0x0f, 0x0f, 0xff, 0x00, 0x00, 0x00, 0xff, 0x20, 0x17, 0x1b, 0xff,
  0x39, 0x2b, 0x2d, 0xff, 0x49, 0x34, 0x36, 0xff, 0x1b, 0x00, 0x00, 0xff, 0x57, 0x0a, 0x0a, 0xff,
  0xb1, 0x19, 0x24, 0xff, 0x1f, 0x1b, 0x1b, 0xff, 0x24, 0x1c, 0x1d, 0xff, 0x0c, 0x0a, 0x09, 0xff,
  0x23, 0x1c, 0x1d, 0xff, 0x1e, 0x16, 0x17, 0xff, 0x1f, 0x17, 0x1b, 0xff, 0x21, 0x18, 0x1c, 0xff,
  0x04, 0x02, 0x03, 0xff, 0x96, 0x1e, 0x2a, 0xff, 0x1f, 0x04, 0x02, 0xff, 0x74, 0x0c, 0x17, 0xff,
  0x7e, 0x05, 0x10, 0xff, 0x86, 0x07, 0x13, 0xff, 0x8f, 0x08, 0x11, 0xff, 0xd5, 0x1c, 0x23, 0xff,
  0x69, 0x1f, 0x1d, 0xff, 0x0c, 0x0a, 0x09, 0xff, 0x00, 0x00, 0x00, 0x00, 0x00, 0x00, 0x00, 0x00,
  0x00, 0x00, 0x00, 0x00, 0x00, 0x00, 0x00, 0x00, 0x00, 0x00, 0x00, 0x00, 0x8d, 0x0b, 0x17, 0xff,
  0x04, 0x03, 0x01, 0xff, 0x00, 0x00, 0x00, 0x00, 0x00, 0x00, 0x00, 0x00, 0x00, 0x00, 0x00, 0x00,
  0x00, 0x00, 0x00, 0x00, 0x00, 0x00, 0x00, 0x00, 0x00, 0x00, 0x00, 0x00, 0x00, 0x00, 0x00, 0x00,
  0x00, 0x00, 0x00, 0x00, 0x00, 0x00, 0x00, 0x00, 0x00, 0x00, 0x00, 0x00, 0x00, 0x00, 0x00, 0x00,
  0x00, 0x00, 0x00, 0x00, 0x00, 0x00, 0x00, 0x00, 0x00, 0x00, 0x00, 0x00, 0x00, 0x00, 0x00, 0x00,
  0x00, 0x00, 0x00, 0x00, 0x00, 0x00, 0x00, 0x00, 0x00, 0x00, 0x00, 0x00, 0x00, 0x00, 0x00, 0x00,
  0x00, 0x00, 0x00, 0x00, 0x00, 0x00, 0x00, 0x00, 0x00, 0x00, 0x00, 0x00, 0x00, 0x00, 0x00, 0x00,
  0x00, 0x00, 0x00, 0x00, 0x00, 0x00, 0x00, 0x00, 0x00, 0x00, 0x00, 0x00, 0x00, 0x00, 0x00, 0x00,
  0x00, 0x00, 0x00, 0x00, 0x00, 0x00, 0x00, 0x00, 0x00, 0x00, 0x00, 0x00, 0x00, 0x00, 0x00, 0x00,
  0x00, 0x00, 0x00, 0x00, 0x00, 0x00, 0x00, 0x00, 0x00, 0x00, 0x00, 0x00, 0x00, 0x00, 0x00, 0x00,
  0x00, 0x00, 0x00, 0x00, 0x00, 0x00, 0x00, 0x00, 0x00, 0x00, 0x00, 0x00, 0x00, 0x00, 0x00, 0x00,
  0x00, 0x00, 0x00, 0x00, 0x00, 0x00, 0x00, 0x00, 0x00, 0x00, 0x00, 0x00, 0x00, 0x00, 0x00, 0x00,
  0x00, 0x00, 0x00, 0x00, 0x00, 0x00, 0x00, 0x00, 0x00, 0x00, 0x00, 0x00, 0x2b, 0x17, 0x1c, 0xff,
  0x2a, 0x06, 0x07, 0xff, 0x00, 0x00, 0x00, 0x00, 0x00, 0x00, 0x00, 0x00, 0x00, 0x00, 0x00, 0x00,
  0x54, 0x3b, 0x3b, 0xff, 0x7d, 0x20, 0x22, 0xff, 0x6c, 0x0c, 0x13, 0xff, 0x7c, 0x0b, 0x14, 0xff,
  0x78, 0x0c, 0x14, 0xff, 0x77, 0x07, 0x10, 0xff, 0x4e, 0x06, 0x0c, 0xff, 0x5e, 0x0f, 0x11, 0xff,
  0x82, 0x13, 0x1e, 0xff, 0x0e, 0x03, 0x04, 0xff, 0x24, 0x1b, 0x1e, 0xff, 0x03, 0x02, 0x03, 0xff,
  0x1d, 0x16, 0x18, 0xff, 0x1d, 0x15, 0x18, 0xff, 0x1d, 0x15, 0x18, 0xff, 0x1e, 0x16, 0x17, 0xff,
  0x1f, 0x18, 0x18, 0xff, 0x1f, 0x17, 0x18, 0xff, 0x37, 0x2b, 0x2c, 0xff, 0x32, 0x2b, 0x2b, 0xff,
  0x15, 0x00, 0x00, 0xff, 0x5f, 0x0b, 0x0f, 0xff, 0x09, 0x0a, 0x0b, 0xff, 0x41, 0x31, 0x35, 0xff,
  0x0c, 0x0a, 0x0b, 0xff, 0x03, 0x02, 0x01, 0xff, 0x00, 0x00, 0x00, 0xff, 0x1e, 0x16, 0x19, 0xff,
  0x1e, 0x14, 0x18, 0xff, 0x06, 0x01, 0x01, 0xff, 0x8d, 0x09, 0x12, 0xff, 0xc1, 0x10, 0x1f, 0xff,
  0xc0, 0x10, 0x1b, 0xff, 0x48, 0x02, 0x05, 0xff, 0x11, 0x0a, 0x0c, 0xff, 0x02, 0x01, 0x00, 0xff,
  0xb7, 0x13, 0x21, 0xff, 0x11, 0x03, 0x01, 0xff, 0x1d, 0x12, 0x15, 0xff, 0x23, 0x0f, 0x0f, 0xff,
  0xa7, 0x2f, 0x38, 0xff, 0x24, 0x0a, 0x0a, 0xff, 0x1d, 0x0f, 0x10, 0xff, 0x24, 0x15, 0x17, 0xff,
  0x06, 0x05, 0x06, 0xff, 0x1d, 0x16, 0x16, 0xff, 0x1d, 0x14, 0x17, 0xff, 0x1d, 0x15, 0x18, 0xff,
  0x35, 0x27, 0x2a, 0xff, 0x31, 0x22, 0x27, 0xff, 0xa4, 0x27, 0x29, 0xff, 0x37, 0x27, 0x31, 0xff,
  0x9b, 0x23, 0x2e, 0xff, 0xc7, 0x10, 0x1f, 0xff, 0x0c, 0x02, 0x05, 0xff, 0x3a, 0x29, 0x2b, 0xff,
  0x3e, 0x2c, 0x2d, 0xff, 0x39, 0x03, 0x04, 0xff, 0x37, 0x2a, 0x2d, 0xff, 0x38, 0x2b, 0x2c, 0xff,
  0x04, 0x02, 0x02, 0xff, 0x07, 0x03, 0x02, 0xff, 0x8d, 0x02, 0x10, 0xff, 0x8f, 0x03, 0x13, 0xff,
  0x8f, 0x04, 0x10, 0xff, 0x0c, 0x06, 0x06, 0xff, 0x19, 0x12, 0x14, 0xff, 0x01, 0x01, 0x01, 0xff,
  0x00, 0x00, 0x00, 0xff, 0x38, 0x2b, 0x2c, 0xff, 0x1c, 0x15, 0x16, 0xff, 0xc6, 0x2d, 0x38, 0xff,
  0x87, 0x05, 0x15, 0xff, 0x81, 0x06, 0x14, 0xff, 0x40, 0x00, 0x05, 0xff, 0x00, 0x00, 0x00, 0xff,
  0x1b, 0x13, 0x14, 0xff, 0x3b, 0x29, 0x2d, 0xff, 0x20, 0x0f, 0x0b, 0xff, 0x19, 0x00, 0x00, 0xff,
  0x3a, 0x28, 0x2a, 0xff, 0x3a, 0x28, 0x2b, 0xff, 0xcb, 0x11, 0x1f, 0xff, 0x76, 0x05, 0x09, 0xff,
  0x17, 0x0a, 0x0a, 0xff, 0x41, 0x0c, 0x0b, 0xff, 0x36, 0x27, 0x2b, 0xff, 0x34, 0x27, 0x28, 0xff,
  0x18, 0x12, 0x14, 0xff, 0x1b, 0x13, 0x16, 0xff, 0x00, 0x00, 0x00, 0xff, 0x1c, 0x13, 0x15, 0xff,
  0x1f, 0x16, 0x18, 0xff, 0x1e, 0x16, 0x19, 0xff, 0x65, 0x1c, 0x1e, 0xff, 0x6c, 0x15, 0x1c, 0xff,
  0x5e, 0x15, 0x17, 0xff, 0x15, 0x12, 0x12, 0xff, 0x11, 0x06, 0x08, 0xff, 0xb4, 0x1b, 0x21, 0xff,
  0x08, 0x02, 0x02, 0xff, 0x15, 0x0a, 0x0f, 0xff, 0x2a, 0x00, 0x02, 0xff, 0xc8, 0x1d, 0x27, 0xff,
  0xc5, 0x1d, 0x23, 0xff, 0xa7, 0x0f, 0x1c, 0xff, 0x05, 0x05, 0x01, 0xff, 0x19, 0x13, 0x14, 0xff,
  0x1b, 0x14, 0x15, 0xff, 0x11, 0x0f, 0x0e, 0xff, 0x0a, 0x06, 0x07, 0xff, 0x15, 0x0f, 0x10, 0xff,
  0x3b, 0x2d, 0x2f, 0xff, 0x32, 0x27, 0x29, 0xff, 0x1d, 0x00, 0x00, 0xff, 0x68, 0x0f, 0x12, 0xff,
  0x06, 0x03, 0x04, 0xff, 0x3c, 0x2f, 0x31, 0xff, 0x10, 0x0b, 0x0e, 0xff, 0x15, 0x11, 0x11, 0xff,
  0x23, 0x1c, 0x1d, 0xff, 0x1f, 0x17, 0x1b, 0xff, 0x1f, 0x17, 0x1b, 0xff, 0x1f, 0x16, 0x18, 0xff,
  0x1c, 0x16, 0x16, 0xff, 0x24, 0x1b, 0x1e, 0xff, 0x1c, 0x09, 0x06, 0xff, 0xa1, 0x13, 0x22, 0xff,
  0x39, 0x05, 0x06, 0xff, 0x71, 0x0b, 0x17, 0xff, 0x83, 0x06, 0x13, 0xff, 0x81, 0x07, 0x13, 0xff,
  0x81, 0x05, 0x0c, 0xff, 0x3e, 0x06, 0x02, 0xff, 0x76, 0x1f, 0x20, 0xff, 0xe4, 0xac, 0xa8, 0xff,
  0x00, 0x00, 0x00, 0x00, 0x00, 0x00, 0x00, 0x00, 0x00, 0x00, 0x00, 0x00, 0x8d, 0x0c, 0x1b, 0xff,
  0x21, 0x18, 0x1b, 0xff, 0x00, 0x00, 0x00, 0x00, 0x00, 0x00, 0x00, 0x00, 0x00, 0x00, 0x00, 0x00,
  0x00, 0x00, 0x00, 0x00, 0x00, 0x00, 0x00, 0x00, 0x00, 0x00, 0x00, 0x00, 0x00, 0x00, 0x00, 0x00,
  0x00, 0x00, 0x00, 0x00, 0x00, 0x00, 0x00, 0x00, 0x00, 0x00, 0x00, 0x00, 0x00, 0x00, 0x00, 0x00,
  0x00, 0x00, 0x00, 0x00, 0x00, 0x00, 0x00, 0x00, 0x00, 0x00, 0x00, 0x00, 0x00, 0x00, 0x00, 0x00,
  0x00, 0x00, 0x00, 0x00, 0x00, 0x00, 0x00, 0x00, 0x00, 0x00, 0x00, 0x00, 0x00, 0x00, 0x00, 0x00,
  0x00, 0x00, 0x00, 0x00, 0x00, 0x00, 0x00, 0x00, 0x00, 0x00, 0x00, 0x00, 0x00, 0x00, 0x00, 0x00,
  0x00, 0x00, 0x00, 0x00, 0x00, 0x00, 0x00, 0x00, 0x00, 0x00, 0x00, 0x00, 0x00, 0x00, 0x00, 0x00,
  0x00, 0x00, 0x00, 0x00, 0x00, 0x00, 0x00, 0x00, 0x00, 0x00, 0x00, 0x00, 0x00, 0x00, 0x00, 0x00,
  0x00, 0x00, 0x00, 0x00, 0x00, 0x00, 0x00, 0x00, 0x00, 0x00, 0x00, 0x00, 0x00, 0x00, 0x00, 0x00,
  0x00, 0x00, 0x00, 0x00, 0x00, 0x00, 0x00, 0x00, 0x00, 0x00, 0x00, 0x00, 0x00, 0x00, 0x00, 0x00,
  0x00, 0x00, 0x00, 0x00, 0x00, 0x00, 0x00, 0x00, 0x00, 0x00, 0x00, 0x00, 0x00, 0x00, 0x00, 0x00,
  0x00, 0x00, 0x00, 0x00, 0x00, 0x00, 0x00, 0x00, 0x00, 0x00, 0x00, 0xff, 0x1e, 0x10, 0x13, 0xff,
  0x25, 0x05, 0x05, 0xff, 0x00, 0x00, 0x00, 0x00, 0x79, 0x60, 0x5e, 0xff, 0x81, 0x1f, 0x22, 0xff,
  0xd9, 0x1f, 0x2e, 0xff, 0x7b, 0x04, 0x0f, 0xff, 0x5e, 0x0f, 0x15, 0xff, 0x79, 0x07, 0x12, 0xff,
  0x56, 0x0a, 0x10, 0xff, 0x4b, 0x09, 0x0c, 0xff, 0x96, 0x22, 0x2d, 0xff, 0x09, 0x00, 0x00, 0xff,
  0x21, 0x1b, 0x1b, 0xff, 0x20, 0x19, 0x1b, 0xff, 0x03, 0x02, 0x03, 0xff, 0x1c, 0x13, 0x15, 0xff,
  0x1d, 0x15, 0x18, 0xff, 0x1c, 0x14, 0x17, 0xff, 0x1b, 0x13, 0x16, 0xff, 0x1f, 0x17, 0x16, 0xff,
  0x1e, 0x15, 0x16, 0xff, 0x1f, 0x17, 0x18, 0xff, 0x38, 0x2c, 0x2d, 0xff, 0x6a, 0x22, 0x29, 0xff,
  0x1b, 0x00, 0x00, 0xff, 0x61, 0x0b, 0x0f, 0xff, 0x50, 0x15, 0x18, 0xff, 0x2f, 0x25, 0x25, 0xff,
  0x0f, 0x09, 0x0b, 0xff, 0x04, 0x02, 0x02, 0xff, 0x00, 0x00, 0x00, 0xff, 0x1d, 0x16, 0x19, 0xff,
  0x11, 0x00, 0x00, 0xff, 0x97, 0x09, 0x14, 0xff, 0x94, 0x0b, 0x17, 0xff, 0x08, 0x00, 0x00, 0xff,
  0x8b, 0x12, 0x19, 0xff, 0xb6, 0x10, 0x19, 0xff, 0xaf, 0x0e, 0x17, 0xff, 0x17, 0x02, 0x00, 0xff,
  0x07, 0x07, 0x05, 0xff, 0xb5, 0x1e, 0x27, 0xff, 0x0c, 0x07, 0x04, 0xff, 0x1f, 0x16, 0x16, 0xff,
  0x24, 0x18, 0x18, 0xff, 0x30, 0x08, 0x09, 0xff, 0x25, 0x0e, 0x0b, 0xff, 0x27, 0x16, 0x16, 0xff,
  0x03, 0x02, 0x03, 0xff, 0x19, 0x12, 0x12, 0xff, 0x1c, 0x15, 0x16, 0xff, 0x1c, 0x15, 0x16, 0xff,
  0x36, 0x28, 0x2b, 0xff, 0x32, 0x22, 0x27, 0xff, 0xa3, 0x2a, 0x2a, 0xff, 0x3b, 0x27, 0x31, 0xff,
  0x96, 0x27, 0x2e, 0xff, 0xbc, 0x19, 0x2a, 0xff, 0x12, 0x06, 0x05, 0xff, 0x3a, 0x29, 0x2b, 0xff,
  0x3a, 0x29, 0x2b, 0xff, 0x35, 0x27, 0x2a, 0xff, 0x36, 0x2a, 0x2a, 0xff, 0x37, 0x29, 0x2a, 0xff,
  0x06, 0x04, 0x05, 0xff, 0x09, 0x01, 0x00, 0xff, 0x8e, 0x03, 0x11, 0xff, 0x8f, 0x03, 0x14, 0xff,
  0x91, 0x04, 0x11, 0xff, 0x10, 0x09, 0x0a, 0xff, 0x01, 0x01, 0x01, 0xff, 0x3b, 0x2d, 0x2f, 0xff,
  0x3c, 0x2e, 0x30, 0xff, 0x17, 0x11, 0x12, 0xff, 0x1e, 0x15, 0x17, 0xff, 0xc3, 0x2a, 0x34, 0xff,
  0x88, 0x07, 0x15, 0xff, 0x84, 0x06, 0x13, 0xff, 0xab, 0x1c, 0x2a, 0xff, 0x00, 0x00, 0x00, 0xff,
  0x13, 0x0f, 0x10, 0xff, 0x3c, 0x2b, 0x2e, 0xff, 0x37, 0x27, 0x29, 0xff, 0x1f, 0x14, 0x13, 0xff,
  0x39, 0x28, 0x2c, 0xff, 0x3d, 0x28, 0x2a, 0xff, 0xd3, 0x11, 0x1f, 0xff, 0x62, 0x04, 0x06, 0xff,
  0x15, 0x0a, 0x0b, 0xff, 0x42, 0x0f, 0x0e, 0xff, 0x37, 0x28, 0x2a, 0xff, 0x35, 0x27, 0x29, 0xff,
  0x15, 0x12, 0x13, 0xff, 0x17, 0x11, 0x13, 0xff, 0x00, 0x00, 0x00, 0xff, 0x1c, 0x12, 0x13, 0xff,
  0x1f, 0x1b, 0x1c, 0xff, 0x42, 0x10, 0x11, 0xff, 0x88, 0x28, 0x2e, 0xff, 0x1f, 0x15, 0x18, 0xff,
  0x1f, 0x13, 0x16, 0xff, 0x14, 0x0e, 0x0e, 0xff, 0xaa, 0x16, 0x22, 0xff, 0x13, 0x03, 0x01, 0xff,
  0x09, 0x03, 0x05, 0xff, 0xaa, 0x19, 0x22, 0xff, 0xba, 0x13, 0x1f, 0xff, 0xac, 0x17, 0x20, 0xff,
  0x09, 0x01, 0x01, 0xff, 0x95, 0x10, 0x1c, 0xff, 0x94, 0x0f, 0x18, 0xff, 0x1d, 0x05, 0x03, 0xff,
  0x1b, 0x12, 0x13, 0xff, 0x0a, 0x07, 0x07, 0xff, 0x0b, 0x07, 0x08, 0xff, 0x17, 0x0e, 0x0f, 0xff,
  0x44, 0x32, 0x36, 0xff, 0x74, 0x22, 0x29, 0xff, 0x18, 0x00, 0x00, 0xff, 0x78, 0x14, 0x18, 0xff,
  0x74, 0x2a, 0x2d, 0xff, 0x4e, 0x36, 0x3a, 0xff, 0x17, 0x10, 0x12, 0xff, 0x19, 0x12, 0x13, 0xff,
  0x22, 0x1b, 0x1b, 0xff, 0x20, 0x19, 0x1b, 0xff, 0x1e, 0x16, 0x19, 0xff, 0x1f, 0x16, 0x19, 0xff,
  0x1d, 0x16, 0x16, 0xff, 0x00, 0x00, 0x00, 0xff, 0x11, 0x0e, 0x0e, 0xff, 0x1e, 0x14, 0x15, 0xff,
  0x0c, 0x02, 0x00, 0xff, 0x98, 0x1c, 0x2a, 0xff, 0x44, 0x0a, 0x0e, 0xff, 0x5a, 0x0c, 0x11, 0xff,
  0x7e, 0x06, 0x13, 0xff, 0x25, 0x07, 0x05, 0xff, 0x97, 0x07, 0x13, 0xff, 0xcb, 0x15, 0x22, 0xff,
  0x38, 0x00, 0x00, 0xff, 0xda, 0xa2, 0xa2, 0xff, 0x00, 0x00, 0x00, 0x00, 0x85, 0x0a, 0x18, 0xff,
  0x21, 0x18, 0x18, 0xff, 0x1f, 0x17, 0x16, 0xff, 0x00, 0x00, 0x00, 0x00, 0x00, 0x00, 0x00, 0x00,
  0x00, 0x00, 0x00, 0x00, 0x00, 0x00, 0x00, 0x00, 0x00, 0x00, 0x00, 0x00, 0x00, 0x00, 0x00, 0x00,
  0x00, 0x00, 0x00, 0x00, 0x00, 0x00, 0x00, 0x00, 0x00, 0x00, 0x00, 0x00, 0x00, 0x00, 0x00, 0x00,
  0x00, 0x00, 0x00, 0x00, 0x00, 0x00, 0x00, 0x00, 0x00, 0x00, 0x00, 0x00, 0x00, 0x00, 0x00, 0x00,
  0x00, 0x00, 0x00, 0x00, 0x00, 0x00, 0x00, 0x00, 0x00, 0x00, 0x00, 0x00, 0x00, 0x00, 0x00, 0x00,
  0x00, 0x00, 0x00, 0x00, 0x00, 0x00, 0x00, 0x00, 0x00, 0x00, 0x00, 0x00, 0x00, 0x00, 0x00, 0x00,
  0x00, 0x00, 0x00, 0x00, 0x00, 0x00, 0x00, 0x00, 0x00, 0x00, 0x00, 0x00, 0x00, 0x00, 0x00, 0x00,
  0x00, 0x00, 0x00, 0x00, 0x00, 0x00, 0x00, 0x00, 0x00, 0x00, 0x00, 0x00, 0x00, 0x00, 0x00, 0x00,
  0x00, 0x00, 0x00, 0x00, 0x00, 0x00, 0x00, 0x00, 0x00, 0x00, 0x00, 0x00, 0x00, 0x00, 0x00, 0x00,
  0x00, 0x00, 0x00, 0x00, 0x00, 0x00, 0x00, 0x00, 0x00, 0x00, 0x00, 0x00, 0x00, 0x00, 0x00, 0x00,
  0x00, 0x00, 0x00, 0x00, 0x00, 0x00, 0x00, 0x00, 0x00, 0x00, 0x00, 0x00, 0x00, 0x00, 0x00, 0x00,
  0x00, 0x00, 0x00, 0x00, 0x00, 0x00, 0x00, 0x00, 0x1d, 0x16, 0x16, 0xff, 0x1b, 0x14, 0x17, 0xff,
  0x39, 0x12, 0x16, 0xff, 0x1e, 0x00, 0x00, 0xff, 0xd7, 0x18, 0x2c, 0xff, 0x81, 0x02, 0x0b, 0xff,
  0x74, 0x03, 0x0f, 0xff, 0x69, 0x07, 0x0f, 0xff, 0x2f, 0x0b, 0x0c, 0xff, 0x75, 0x0c, 0x14, 0xff,
  0x3e, 0x06, 0x05, 0xff, 0x01, 0x01, 0x00, 0xff, 0x1b, 0x13, 0x16, 0xff, 0x10, 0x0b, 0x0f, 0xff,
  0x03, 0x02, 0x02, 0xff, 0x1e, 0x15, 0x16, 0xff, 0x1c, 0x15, 0x16, 0xff, 0x1b, 0x15, 0x16, 0xff,
  0x1e, 0x16, 0x17, 0xff, 0x1d, 0x15, 0x17, 0xff, 0x19, 0x13, 0x14, 0xff, 0x00, 0x00, 0x00, 0xff,
  0x1f, 0x16, 0x17, 0xff, 0x20, 0x18, 0x1b, 0xff, 0x6f, 0x20, 0x28, 0xff, 0x34, 0x1f, 0x23, 0xff,
  0x20, 0x00, 0x00, 0xff, 0x5c, 0x07, 0x09, 0xff, 0x3d, 0x27, 0x2b, 0xff, 0x42, 0x0f, 0x11, 0xff,
  0x0e, 0x0a, 0x0a, 0xff, 0x01, 0x01, 0x01, 0xff, 0x06, 0x04, 0x03, 0xff, 0x42, 0x12, 0x14, 0xff,
  0x9a, 0x0c, 0x15, 0xff, 0x61, 0x0f, 0x11, 0xff, 0x20, 0x16, 0x18, 0xff, 0x1b, 0x14, 0x13, 0xff,
  0x19, 0x12, 0x14, 0xff, 0x1d, 0x01, 0x03, 0xff, 0x94, 0x11, 0x18, 0xff, 0xb1, 0x12, 0x1f, 0xff,
  0xad, 0x11, 0x1f, 0xff, 0x11, 0x05, 0x05, 0xff, 0xa3, 0x15, 0x21, 0xff, 0x10, 0x09, 0x08, 0xff,
  0x1f, 0x16, 0x18, 0xff, 0x1f, 0x17, 0x19, 0xff, 0x38, 0x10, 0x0f, 0xff, 0x36, 0x11, 0x14, 0xff,
  0x07, 0x04, 0x05, 0xff, 0x18, 0x12, 0x11, 0xff, 0x1c, 0x14, 0x16, 0xff, 0x1e, 0x16, 0x17, 0xff,
  0x38, 0x2a, 0x2d, 0xff, 0x32, 0x24, 0x29, 0xff, 0xa3, 0x28, 0x27, 0xff, 0x43, 0x2c, 0x37, 0xff,
  0x27, 0x00, 0x00, 0xff, 0xdb, 0x18, 0x22, 0xff, 0x0f, 0x02, 0x01, 0xff, 0x38, 0x2a, 0x2b, 0xff,
  0x37, 0x2a, 0x2d, 0xff, 0x38, 0x2a, 0x2d, 0xff, 0x38, 0x2a, 0x2d, 0xff, 0x37, 0x29, 0x2a, 0xff,
  0x07, 0x04, 0x05, 0xff, 0x7c, 0x13, 0x17, 0xff, 0x8d, 0x02, 0x0f, 0xff, 0x90, 0x03, 0x11, 0xff,
  0x91, 0x05, 0x12, 0xff, 0x11, 0x0a, 0x09, 0xff, 0x17, 0x11, 0x13, 0xff, 0x39, 0x2d, 0x2f, 0xff,
  0x3c, 0x2e, 0x30, 0xff, 0x14, 0x10, 0x10, 0xff, 0x02, 0x02, 0x01, 0xff, 0xc3, 0x2b, 0x37, 0xff,
  0x86, 0x06, 0x12, 0xff, 0x86, 0x05, 0x13, 0xff, 0xab, 0x1d, 0x27, 0xff, 0x00, 0x00, 0x00, 0xff,
  0x11, 0x0f, 0x0f, 0xff, 0x3a, 0x29, 0x2d, 0xff, 0x39, 0x28, 0x2a, 0xff, 0x39, 0x28, 0x2a, 0xff,
  0x38, 0x29, 0x2c, 0xff, 0x3b, 0x25, 0x29, 0xff, 0xcf, 0x1d, 0x25, 0xff, 0xbd, 0x1d, 0x27, 0xff,
  0x14, 0x09, 0x09, 0xff, 0x45, 0x0f, 0x0f, 0xff, 0x38, 0x2a, 0x2d, 0xff, 0x39, 0x28, 0x2c, 0xff,
  0x18, 0x12, 0x14, 0xff, 0x1b, 0x12, 0x15, 0xff, 0x00, 0x00, 0x00, 0xff, 0x1c, 0x12, 0x12, 0xff,
  0x3e, 0x1b, 0x1d, 0xff, 0x76, 0x19, 0x22, 0xff, 0x20, 0x16, 0x17, 0xff, 0x1f, 0x15, 0x17, 0xff,
  0x1f, 0x14, 0x16, 0xff, 0xa4, 0x19, 0x23, 0xff, 0x04, 0x03, 0x01, 0xff, 0x89, 0x1f, 0x25, 0xff,
  0xb3, 0x12, 0x20, 0xff, 0xae, 0x12, 0x1f, 0xff, 0x09, 0x00, 0x01, 0xff, 0x10, 0x06, 0x0a, 0xff,
  0x15, 0x14, 0x10, 0xff, 0x18, 0x12, 0x14, 0xff, 0x4c, 0x0c, 0x0f, 0xff, 0x8e, 0x0c, 0x14, 0xff,
  0x3d, 0x10, 0x13, 0xff, 0x20, 0x15, 0x13, 0xff, 0x0b, 0x07, 0x09, 0xff, 0x14, 0x0e, 0x10, 0xff,
  0x76, 0x1d, 0x1f, 0xff, 0x31, 0x20, 0x25, 0xff, 0x1c, 0x00, 0x00, 0xff, 0x80, 0x10, 0x17, 0xff,
  0x36, 0x20, 0x24, 0xff, 0x7c, 0x29, 0x2e, 0xff, 0x1d, 0x15, 0x18, 0xff, 0x17, 0x12, 0x13, 0xff,
  0x03, 0x00, 0x00, 0xff, 0x1e, 0x16, 0x17, 0xff, 0x1e, 0x16, 0x18, 0xff, 0x1f, 0x16, 0x19, 0xff,
  0x1d, 0x16, 0x18, 0xff, 0x1d, 0x16, 0x16, 0xff, 0x1f, 0x17, 0x16, 0xff, 0x07, 0x06, 0x05, 0xff,
  0x12, 0x0f, 0x10, 0xff, 0x21, 0x17, 0x18, 0xff, 0x11, 0x06, 0x06, 0xff, 0x8d, 0x12, 0x1d, 0xff,
  0x36, 0x07, 0x0a, 0xff, 0x18, 0x03, 0x01, 0xff, 0x75, 0x05, 0x0f, 0xff, 0x79, 0x02, 0x0f, 0xff,
  0xca, 0x1f, 0x24, 0xff, 0xc9, 0x1c, 0x25, 0xff, 0x06, 0x01, 0x00, 0xff, 0x43, 0x06, 0x0a, 0xff,
  0x1f, 0x16, 0x18, 0xff, 0x0f, 0x0a, 0x0c, 0xff, 0x00, 0x00, 0x00, 0x00, 0x00, 0x00, 0x00, 0x00,
  0x00, 0x00, 0x00, 0x00, 0x00, 0x00, 0x00, 0x00, 0x00, 0x00, 0x00, 0x00, 0x00, 0x00, 0x00, 0x00,
  0x00, 0x00, 0x00, 0x00, 0x00, 0x00, 0x00, 0x00, 0x00, 0x00, 0x00, 0x00, 0x00, 0x00, 0x00, 0x00,
  0x00, 0x00, 0x00, 0x00, 0x00, 0x00, 0x00, 0x00, 0x00, 0x00, 0x00, 0x00, 0x00, 0x00, 0x00, 0x00,
  0x00, 0x00, 0x00, 0x00, 0x00, 0x00, 0x00, 0x00, 0x00, 0x00, 0x00, 0x00, 0x00, 0x00, 0x00, 0x00,
  0x00, 0x00, 0x00, 0x00, 0x00, 0x00, 0x00, 0x00, 0x00, 0x00, 0x00, 0x00, 0x00, 0x00, 0x00, 0x00,
  0x00, 0x00, 0x00, 0x00, 0x00, 0x00, 0x00, 0x00, 0x00, 0x00, 0x00, 0x00, 0x00, 0x00, 0x00, 0x00,
  0x00, 0x00, 0x00, 0x00, 0x00, 0x00, 0x00, 0x00, 0x00, 0x00, 0x00, 0x00, 0x00, 0x00, 0x00, 0x00,
  0x00, 0x00, 0x00, 0x00, 0x00, 0x00, 0x00, 0x00, 0x00, 0x00, 0x00, 0x00, 0x00, 0x00, 0x00, 0x00,
  0x00, 0x00, 0x00, 0x00, 0x00, 0x00, 0x00, 0x00, 0x00, 0x00, 0x00, 0x00, 0x00, 0x00, 0x00, 0x00,
  0x00, 0x00, 0x00, 0x00, 0x00, 0x00, 0x00, 0x00, 0x00, 0x00, 0x00, 0x00, 0x00, 0x00, 0x00, 0x00,
  0x00, 0x00, 0x00, 0x00, 0x03, 0x02, 0x01, 0xff, 0x1d, 0x15, 0x18, 0xff, 0x1e, 0x14, 0x19, 0xff,
  0x9f, 0x1b, 0x22, 0xff, 0xc0, 0x20, 0x2a, 0xff, 0x74, 0x06, 0x10, 0xff, 0x6d, 0x03, 0x0f, 0xff,
  0x24, 0x05, 0x03, 0xff, 0x88, 0x17, 0x1f, 0xff, 0x30, 0x02, 0x05, 0xff, 0x0e, 0x0a, 0x0b, 0xff,
  0x21, 0x18, 0x1c, 0xff, 0x05, 0x04, 0x05, 0xff, 0x10, 0x0e, 0x0c, 0xff, 0x1e, 0x15, 0x16, 0xff,
  0x1d, 0x16, 0x16, 0xff, 0x1e, 0x16, 0x17, 0xff, 0x1f, 0x16, 0x16, 0xff, 0x23, 0x15, 0x15, 0xff,
  0x1c, 0x14, 0x15, 0xff, 0x1f, 0x16, 0x19, 0xff, 0x11, 0x0c, 0x0f, 0xff, 0x9c, 0x14, 0x20, 0xff,
  0x22, 0x16, 0x19, 0xff, 0x13, 0x0e, 0x0f, 0xff, 0x0a, 0x00, 0x00, 0xff, 0x35, 0x27, 0x28, 0xff,
  0x1f, 0x10, 0x0f, 0xff, 0x2c, 0x08, 0x0a, 0xff, 0x09, 0x07, 0x05, 0xff, 0x2d, 0x1b, 0x19, 0xff,
  0x12, 0x01, 0x01, 0xff, 0x05, 0x01, 0x02, 0xff, 0x1e, 0x00, 0x00, 0xff, 0x3a, 0x05, 0x08, 0xff,
  0x1f, 0x03, 0x04, 0xff, 0x1f, 0x13, 0x14, 0xff, 0x18, 0x12, 0x13, 0xff, 0x1e, 0x15, 0x16, 0xff,
  0x1b, 0x13, 0x13, 0xff, 0x2f, 0x00, 0x05, 0xff, 0x10, 0x08, 0x09, 0xff, 0x18, 0x03, 0x03, 0xff,
  0xb6, 0x15, 0x24, 0xff, 0xb5, 0x13, 0x20, 0xff, 0xa0, 0x1d, 0x23, 0xff, 0x22, 0x03, 0x02, 0xff,
  0x18, 0x12, 0x12, 0xff, 0x1f, 0x15, 0x17, 0xff, 0x1f, 0x16, 0x16, 0xff, 0x69, 0x1f, 0x24, 0xff,
  0x07, 0x03, 0x03, 0xff, 0x15, 0x0f, 0x10, 0xff, 0x1c, 0x14, 0x17, 0xff, 0x1e, 0x16, 0x19, 0xff,
  0x39, 0x28, 0x2d, 0xff, 0x31, 0x25, 0x29, 0xff, 0x21, 0x02, 0x01, 0xff, 0xb9, 0x25, 0x2a, 0xff,
  0xdf, 0x1d, 0x28, 0xff, 0xe6, 0x16, 0x21, 0xff, 0xdf, 0x1d, 0x22, 0xff, 0x07, 0x01, 0x00, 0xff,
  0x35, 0x28, 0x2d, 0xff, 0x39, 0x2b, 0x2d, 0xff, 0x36, 0x29, 0x2c, 0xff, 0x36, 0x28, 0x2b, 0xff,
  0x02, 0x00, 0x01, 0xff, 0x31, 0x03, 0x02, 0xff, 0x90, 0x07, 0x10, 0xff, 0x92, 0x03, 0x12, 0xff,
  0x92, 0x02, 0x10, 0xff, 0x08, 0x05, 0x05, 0xff, 0x1b, 0x12, 0x14, 0xff, 0x3a, 0x2c, 0x2f, 0xff,
  0x3e, 0x30, 0x34, 0xff, 0x18, 0x12, 0x11, 0xff, 0x1c, 0x15, 0x16, 0xff, 0xc0, 0x2f, 0x3a, 0xff,
  0x86, 0x04, 0x10, 0xff, 0x84, 0x04, 0x0f, 0xff, 0x51, 0x03, 0x05, 0xff, 0x00, 0x00, 0x00, 0xff,
  0x0e, 0x0b, 0x0c, 0xff, 0x3a, 0x29, 0x2d, 0xff, 0x39, 0x2b, 0x2c, 0xff, 0x39, 0x28, 0x2c, 0xff,
  0x42, 0x2d, 0x2e, 0xff, 0xcc, 0x1f, 0x29, 0xff, 0xe3, 0x1d, 0x2a, 0xff, 0xdc, 0x18, 0x23, 0xff,
  0xd6, 0x15, 0x21, 0xff, 0x27, 0x01, 0x02, 0xff, 0x3d, 0x2b, 0x2d, 0xff, 0x3b, 0x2c, 0x2f, 0xff,
  0x19, 0x13, 0x14, 0xff, 0x1b, 0x13, 0x16, 0xff, 0x00, 0x00, 0x00, 0xff, 0x1e, 0x12, 0x15, 0xff,
  0x68, 0x25, 0x2c, 0xff, 0x1d, 0x16, 0x16, 0xff, 0x1c, 0x13, 0x16, 0xff, 0x1f, 0x15, 0x18, 0xff,
  0x42, 0x1b, 0x1e, 0xff, 0x9c, 0x1d, 0x23, 0xff, 0xb3, 0x15, 0x1e, 0xff, 0xb7, 0x12, 0x1f, 0xff,
  0x25, 0x02, 0x01, 0xff, 0x12, 0x10, 0x0f, 0xff, 0x21, 0x00, 0x01, 0xff, 0x14, 0x0b, 0x0c, 0xff,
  0x1c, 0x15, 0x16, 0xff, 0x1d, 0x15, 0x16, 0xff, 0x21, 0x16, 0x16, 0xff, 0x0f, 0x02, 0x01, 0xff,
  0x0b, 0x00, 0x00, 0xff, 0x8d, 0x1f, 0x27, 0xff, 0x1c, 0x11, 0x13, 0xff, 0x0f, 0x06, 0x09, 0xff,
  0x02, 0x00, 0x00, 0xff, 0x27, 0x1d, 0x1e, 0xff, 0x11, 0x04, 0x03, 0xff, 0x37, 0x07, 0x08, 0xff,
  0x1d, 0x14, 0x14, 0xff, 0x12, 0x0a, 0x07, 0xff, 0x05, 0x03, 0x02, 0xff, 0x11, 0x0e, 0x0f, 0xff,
  0x94, 0x13, 0x1d, 0xff, 0x1b, 0x0f, 0x0f, 0xff, 0x1d, 0x14, 0x16, 0xff, 0x1d, 0x16, 0x15, 0xff,
  0x1f, 0x15, 0x17, 0xff, 0x1d, 0x15, 0x13, 0xff, 0x1f, 0x17, 0x18, 0xff, 0x1e, 0x16, 0x17, 0xff,
  0x1e, 0x16, 0x16, 0xff, 0x0f, 0x0b, 0x0c, 0xff, 0x12, 0x0c, 0x0f, 0xff, 0x22, 0x19, 0x17, 0xff,
  0x1c, 0x10, 0x0f, 0xff, 0x6e, 0x13, 0x1d, 0xff, 0x78, 0x13, 0x1f, 0xff, 0x46, 0x08, 0x0f, 0xff,
  0x79, 0x02, 0x11, 0xff, 0x7c, 0x0b, 0x14, 0xff, 0xc3, 0x16, 0x27, 0xff, 0x64, 0x0b, 0x15, 0xff,
  0x1f, 0x17, 0x18, 0xff, 0x1e, 0x15, 0x18, 0xff, 0x55, 0x42, 0x3e, 0xff, 0x00, 0x00, 0x00, 0x00,
  0x00, 0x00, 0x00, 0x00, 0x00, 0x00, 0x00, 0x00, 0x00, 0x00, 0x00, 0x00, 0x00, 0x00, 0x00, 0x00,
  0x00, 0x00, 0x00, 0x00, 0x00, 0x00, 0x00, 0x00, 0x00, 0x00, 0x00, 0x00, 0x00, 0x00, 0x00, 0x00,
  0x00, 0x00, 0x00, 0x00, 0x00, 0x00, 0x00, 0x00, 0x00, 0x00, 0x00, 0x00, 0x00, 0x00, 0x00, 0x00,
  0x00, 0x00, 0x00, 0x00, 0x00, 0x00, 0x00, 0x00, 0x00, 0x00, 0x00, 0x00, 0x00, 0x00, 0x00, 0x00,
  0x00, 0x00, 0x00, 0x00, 0x00, 0x00, 0x00, 0x00, 0x00, 0x00, 0x00, 0x00, 0x00, 0x00, 0x00, 0x00,
  0x00, 0x00, 0x00, 0x00, 0x00, 0x00, 0x00, 0x00, 0x00, 0x00, 0x00, 0x00, 0x00, 0x00, 0x00, 0x00,
  0x00, 0x00, 0x00, 0x00, 0x00, 0x00, 0x00, 0x00, 0x00, 0x00, 0x00, 0x00, 0x00, 0x00, 0x00, 0x00,
  0x00, 0x00, 0x00, 0x00, 0x00, 0x00, 0x00, 0x00, 0x00, 0x00, 0x00, 0x00, 0x00, 0x00, 0x00, 0x00,
  0x00, 0x00, 0x00, 0x00, 0x00, 0x00, 0x00, 0x00, 0x00, 0x00, 0x00, 0x00, 0x00, 0x00, 0x00, 0x00,
  0x00, 0x00, 0x00, 0x00, 0x00, 0x00, 0x00, 0x00, 0x00, 0x00, 0x00, 0x00, 0x00, 0x00, 0x00, 0x00,
  0x00, 0x00, 0x00, 0x00, 0x1f, 0x16, 0x16, 0xff, 0x1b, 0x15, 0x17, 0xff, 0x07, 0x02, 0x01, 0xff,
  0x79, 0x0b, 0x13, 0xff, 0x69, 0x08, 0x10, 0xff, 0x15, 0x04, 0x01, 0xff, 0x94, 0x24, 0x2e, 0xff,
  0x37, 0x08, 0x0b, 0xff, 0x1b, 0x13, 0x16, 0xff, 0x1e, 0x16, 0x16, 0xff, 0x00, 0x00, 0x00, 0xff,
  0x1e, 0x16, 0x17, 0xff, 0x1b, 0x12, 0x14, 0xff, 0x1c, 0x13, 0x13, 0xff, 0x1e, 0x16, 0x16, 0xff,
  0x1d, 0x15, 0x13, 0xff, 0x2b, 0x10, 0x13, 0xff, 0x2f, 0x0f, 0x11, 0xff, 0x36, 0x12, 0x0f, 0xff,
  0x1e, 0x12, 0x14, 0xff, 0x1d, 0x14, 0x16, 0xff, 0x09, 0x01, 0x03, 0xff, 0x20, 0x00, 0x00, 0xff,
  0x20, 0x12, 0x14, 0xff, 0x10, 0x06, 0x05, 0xff, 0x18, 0x11, 0x12, 0xff, 0x2f, 0x22, 0x23, 0xff,
  0x28, 0x1f, 0x21, 0xff, 0x29, 0x1f, 0x21, 0xff, 0x07, 0x02, 0x04, 0xff, 0x3b, 0x2a, 0x29, 0xff,
  0x14, 0x01, 0x00, 0xff, 0x1f, 0x14, 0x13, 0xff, 0x07, 0x00, 0x00, 0xff, 0x10, 0x01, 0x01, 0xff,
  0x1f, 0x14, 0x14, 0xff, 0x1f, 0x16, 0x17, 0xff, 0x18, 0x12, 0x12, 0xff, 0x1c, 0x15, 0x16, 0xff,
  0x1b, 0x12, 0x13, 0xff, 0x2b, 0x00, 0x01, 0xff, 0x14, 0x0a, 0x09, 0xff, 0x1d, 0x14, 0x16, 0xff,
  0x19, 0x12, 0x13, 0xff, 0x23, 0x00, 0x00, 0xff, 0xbb, 0x13, 0x1f, 0xff, 0xb4, 0x0f, 0x1d, 0xff,
  0xa9, 0x10, 0x1c, 0xff, 0x10, 0x02, 0x01, 0xff, 0x19, 0x13, 0x14, 0xff, 0x18, 0x12, 0x13, 0xff,
  0x0f, 0x0a, 0x0a, 0xff, 0x17, 0x10, 0x10, 0xff, 0x1c, 0x14, 0x17, 0xff, 0x1e, 0x16, 0x19, 0xff,
  0x43, 0x2c, 0x2f, 0xff, 0x1c, 0x01, 0x00, 0xff, 0xd7, 0x18, 0x22, 0xff, 0xde, 0x1c, 0x27, 0xff,
  0x40, 0x01, 0x01, 0xff, 0x0e, 0x03, 0x00, 0xff, 0xd5, 0x16, 0x20, 0xff, 0xdb, 0x18, 0x1f, 0xff,
  0x0b, 0x00, 0x00, 0xff, 0x37, 0x2b, 0x2d, 0xff, 0x38, 0x2b, 0x2d, 0xff, 0x3b, 0x2b, 0x2d, 0xff,
  0x04, 0x00, 0x01, 0xff, 0x80, 0x05, 0x10, 0xff, 0x52, 0x0e, 0x0c, 0xff, 0x91, 0x02, 0x0f, 0xff,
  0x95, 0x02, 0x10, 0xff, 0x0f, 0x0a, 0x0a, 0xff, 0x1b, 0x13, 0x15, 0xff, 0x2e, 0x23, 0x24, 0xff,
  0x2b, 0x21, 0x21, 0xff, 0x15, 0x11, 0x12, 0xff, 0x1d, 0x14, 0x16, 0xff, 0xaf, 0x2f, 0x38, 0xff,
  0x89, 0x02, 0x0e, 0xff, 0x53, 0x03, 0x03, 0xff, 0x7a, 0x07, 0x13, 0xff, 0x4b, 0x05, 0x0b, 0xff,
  0x10, 0x0b, 0x0c, 0xff, 0x3c, 0x2b, 0x2e, 0xff, 0x39, 0x2b, 0x2a, 0xff, 0x28, 0x1b, 0x1f, 0xff,
  0xbc, 0x1e, 0x23, 0xff, 0xeb, 0x23, 0x2f, 0xff, 0x5e, 0x01, 0x07, 0xff, 0x0f, 0x02, 0x01, 0xff,
  0xd6, 0x14, 0x23, 0xff, 0xd2, 0x19, 0x24, 0xff, 0xbb, 0x20, 0x2d, 0xff, 0x10, 0x0a, 0x0a, 0xff,
  0x17, 0x10, 0x13, 0xff, 0x1b, 0x12, 0x15, 0xff, 0x00, 0x00, 0x00, 0xff, 0x1b, 0x12, 0x13, 0xff,
  0x1c, 0x14, 0x16, 0xff, 0x1d, 0x12, 0x14, 0xff, 0x05, 0x02, 0x01, 0xff, 0x7e, 0x18, 0x1f, 0xff,
  0xac, 0x0f, 0x1d, 0xff, 0xb4, 0x11, 0x1e, 0xff, 0x49, 0x03, 0x09, 0xff, 0x1d, 0x14, 0x15, 0xff,
  0x1c, 0x13, 0x15, 0xff, 0x1c, 0x12, 0x12, 0xff, 0x20, 0x00, 0x00, 0xff, 0x11, 0x0a, 0x0c, 0xff,
  0x1c, 0x15, 0x16, 0xff, 0x1d, 0x16, 0x16, 0xff, 0x1e, 0x16, 0x16, 0xff, 0x1f, 0x14, 0x16, 0xff,
  0x01, 0x00, 0x00, 0xff, 0x13, 0x00, 0x00, 0xff, 0x1e, 0x12, 0x14, 0xff, 0x10, 0x0a, 0x0c, 0xff,
  0x18, 0x0f, 0x0f, 0xff, 0x24, 0x1d, 0x1e, 0xff, 0x29, 0x1f, 0x22, 0xff, 0x29, 0x1f, 0x23, 0xff,
  0x07, 0x05, 0x04, 0xff, 0x28, 0x16, 0x16, 0xff, 0x0f, 0x03, 0x02, 0xff, 0x22, 0x16, 0x18, 0xff,
  0x1c, 0x00, 0x00, 0xff, 0x04, 0x04, 0x03, 0xff, 0x1e, 0x16, 0x16, 0xff, 0x21, 0x12, 0x15, 0xff,
  0x8a, 0x1f, 0x23, 0xff, 0x1f, 0x15, 0x17, 0xff, 0x1e, 0x15, 0x13, 0xff, 0x1e, 0x16, 0x16, 0xff,
  0x1f, 0x16, 0x16, 0xff, 0x1e, 0x16, 0x16, 0xff, 0x1d, 0x16, 0x15, 0xff, 0x1b, 0x13, 0x13, 0xff,
  0x00, 0x00, 0x00, 0xff, 0x1f, 0x16, 0x18, 0xff, 0x0a, 0x08, 0x0a, 0xff, 0x49, 0x0a, 0x0f, 0xff,
  0x9e, 0x1f, 0x2f, 0xff, 0x37, 0x08, 0x08, 0xff, 0x79, 0x07, 0x12, 0xff, 0x9b, 0x0c, 0x18, 0xff,
  0x24, 0x18, 0x1b, 0xff, 0x1f, 0x16, 0x18, 0xff, 0x05, 0x04, 0x04, 0xff, 0x00, 0x00, 0x00, 0x00,
  0x00, 0x00, 0x00, 0x00, 0x00, 0x00, 0x00, 0x00, 0x00, 0x00, 0x00, 0x00, 0x00, 0x00, 0x00, 0x00,
  0x00, 0x00, 0x00, 0x00, 0x00, 0x00, 0x00, 0x00, 0x00, 0x00, 0x00, 0x00, 0x00, 0x00, 0x00, 0x00,
  0x00, 0x00, 0x00, 0x00, 0x00, 0x00, 0x00, 0x00, 0x00, 0x00, 0x00, 0x00, 0x00, 0x00, 0x00, 0x00,
  0x00, 0x00, 0x00, 0x00, 0x00, 0x00, 0x00, 0x00, 0x00, 0x00, 0x00, 0x00, 0x00, 0x00, 0x00, 0x00,
  0x00, 0x00, 0x00, 0x00, 0x00, 0x00, 0x00, 0x00, 0x00, 0x00, 0x00, 0x00, 0x00, 0x00, 0x00, 0x00,
  0x00, 0x00, 0x00, 0x00, 0x00, 0x00, 0x00, 0x00, 0x00, 0x00, 0x00, 0x00, 0x00, 0x00, 0x00, 0x00,
  0x00, 0x00, 0x00, 0x00, 0x00, 0x00, 0x00, 0x00, 0x00, 0x00, 0x00, 0x00, 0x00, 0x00, 0x00, 0x00,
  0x00, 0x00, 0x00, 0x00, 0x00, 0x00, 0x00, 0x00, 0x00, 0x00, 0x00, 0x00, 0x00, 0x00, 0x00, 0x00,
  0x00, 0x00, 0x00, 0x00, 0x00, 0x00, 0x00, 0x00, 0x00, 0x00, 0x00, 0x00, 0x00, 0x00, 0x00, 0x00,
  0x00, 0x00, 0x00, 0x00, 0x00, 0x00, 0x00, 0x00, 0x00, 0x00, 0x00, 0x00, 0x00, 0x00, 0x00, 0x00,
  0x3e, 0x31, 0x30, 0xff, 0x1c, 0x13, 0x16, 0xff, 0x1c, 0x14, 0x17, 0xff, 0x0e, 0x00, 0x00, 0xff,
  0x1d, 0x03, 0x01, 0xff, 0x94, 0x14, 0x1f, 0xff, 0x15, 0x01, 0x01, 0xff, 0x1b, 0x13, 0x16, 0xff,
  0x19, 0x13, 0x14, 0xff, 0x02, 0x02, 0x01, 0xff, 0x17, 0x12, 0x11, 0xff, 0x1b, 0x14, 0x15, 0xff,
  0x1e, 0x12, 0x16, 0xff, 0x1e, 0x13, 0x13, 0xff, 0x1b, 0x14, 0x13, 0xff, 0x1f, 0x11, 0x13, 0xff,
  0x43, 0x0a, 0x0e, 0xff, 0xc5, 0x35, 0x3e, 0xff, 0x39, 0x0f, 0x0f, 0xff, 0x9c, 0x2c, 0x37, 0xff,
  0x1f, 0x15, 0x15, 0xff, 0x1f, 0x14, 0x16, 0xff, 0x06, 0x00, 0x00, 0xff, 0xa7, 0x20, 0x27, 0xff,
  0x1f, 0x12, 0x15, 0xff, 0x1d, 0x16, 0x16, 0xff, 0x2e, 0x22, 0x27, 0xff, 0x29, 0x1f, 0x1f, 0xff,
  0x2c, 0x1f, 0x22, 0xff, 0x2d, 0x21, 0x24, 0xff, 0x08, 0x04, 0x04, 0xff, 0x39, 0x2b, 0x2c, 0xff,
  0x1e, 0x15, 0x16, 0xff, 0x1f, 0x16, 0x17, 0xff, 0x28, 0x00, 0x01, 0xff, 0x7e, 0x14, 0x1e, 0xff,
  0x1e, 0x16, 0x17, 0xff, 0x1f, 0x16, 0x17, 0xff, 0x17, 0x12, 0x12, 0xff, 0x1d, 0x16, 0x16, 0xff,
  0x18, 0x13, 0x12, 0xff, 0x31, 0x00, 0x00, 0xff, 0x13, 0x0a, 0x09, 0xff, 0x1d, 0x16, 0x15, 0xff,
  0x1d, 0x16, 0x16, 0xff, 0x1f, 0x16, 0x16, 0xff, 0x18, 0x13, 0x14, 0xff, 0x64, 0x0b, 0x0f, 0xff,
  0xb6, 0x10, 0x1f, 0xff, 0xb1, 0x10, 0x19, 0xff, 0xa7, 0x0b, 0x19, 0xff, 0x09, 0x00, 0x00, 0xff,
  0x0f, 0x0c, 0x0c, 0xff, 0x15, 0x0f, 0x11, 0xff, 0x1c, 0x13, 0x1b, 0xff, 0x05, 0x00, 0x01, 0xff,
  0xa3, 0x11, 0x1c, 0xff, 0xcf, 0x1b, 0x27, 0xff, 0xd4, 0x1d, 0x27, 0xff, 0x0a, 0x02, 0x00, 0xff,
  0x22, 0x19, 0x1b, 0xff, 0x27, 0x1d, 0x1b, 0xff, 0x0a, 0x00, 0x00, 0xff, 0xd4, 0x1c, 0x23, 0xff,
  0xd6, 0x1f, 0x25, 0xff, 0x0e, 0x00, 0x00, 0xff, 0x3b, 0x2a, 0x2c, 0xff, 0x11, 0x0c, 0x0c, 0xff,
  0x4e, 0x13, 0x12, 0xff, 0x82, 0x07, 0x14, 0xff, 0x84, 0x05, 0x14, 0xff, 0x5a, 0x09, 0x0b, 0xff,
  0xb1, 0x23, 0x2e, 0xff, 0x1d, 0x12, 0x14, 0xff, 0x04, 0x02, 0x02, 0xff, 0x10, 0x0c, 0x0f, 0xff,
  0x14, 0x0f, 0x12, 0xff, 0x0c, 0x09, 0x0b, 0xff, 0x07, 0x05, 0x03, 0xff, 0x17, 0x00, 0x00, 0xff,
  0x41, 0x02, 0x01, 0xff, 0x81, 0x05, 0x14, 0xff, 0x80, 0x07, 0x13, 0xff, 0x92, 0x16, 0x1f, 0xff,
  0x18, 0x0e, 0x0c, 0xff, 0x38, 0x2a, 0x2d, 0xff, 0x06, 0x01, 0x01, 0xff, 0xd0, 0x1f, 0x25, 0xff,
  0xe9, 0x1d, 0x2b, 0xff, 0x32, 0x04, 0x05, 0xff, 0x12, 0x04, 0x05, 0xff, 0x2e, 0x1b, 0x1b, 0xff,
  0x00, 0x00, 0x00, 0xff, 0xa4, 0x17, 0x20, 0xff, 0xd6, 0x1c, 0x27, 0xff, 0xd3, 0x17, 0x21, 0xff,
  0x10, 0x02, 0x01, 0xff, 0x1d, 0x12, 0x14, 0xff, 0x00, 0x00, 0x00, 0xff, 0x18, 0x11, 0x14, 0xff,
  0x01, 0x00, 0x01, 0xff, 0x67, 0x0f, 0x12, 0xff, 0xa4, 0x0f, 0x1c, 0xff, 0xab, 0x0f, 0x1f, 0xff,
  0x89, 0x1c, 0x21, 0xff, 0x0e, 0x07, 0x06, 0xff, 0x1f, 0x16, 0x17, 0xff, 0x1f, 0x16, 0x19, 0xff,
  0x1f, 0x16, 0x19, 0xff, 0x1b, 0x11, 0x11, 0xff, 0x23, 0x00, 0x00, 0xff, 0x13, 0x0a, 0x0c, 0xff,
  0x19, 0x13, 0x14, 0xff, 0x1f, 0x16, 0x17, 0xff, 0x20, 0x17, 0x19, 0xff, 0x22, 0x16, 0x19, 0xff,
  0x14, 0x00, 0x00, 0xff, 0x7d, 0x1d, 0x25, 0xff, 0x1d, 0x12, 0x14, 0xff, 0x14, 0x0f, 0x10, 0xff,
  0x31, 0x27, 0x29, 0xff, 0x22, 0x16, 0x1b, 0xff, 0x2c, 0x21, 0x24, 0xff, 0x2e, 0x21, 0x25, 0xff,
  0x06, 0x05, 0x03, 0xff, 0x34, 0x25, 0x29, 0xff, 0x18, 0x12, 0x13, 0xff, 0x1d, 0x12, 0x15, 0xff,
  0xa1, 0x14, 0x20, 0xff, 0x13, 0x00, 0x00, 0xff, 0x1d, 0x14, 0x16, 0xff, 0x36, 0x11, 0x15, 0xff,
  0x1f, 0x0b, 0x0a, 0xff, 0x1f, 0x12, 0x15, 0xff, 0xae, 0x2b, 0x35, 0xff, 0xb3, 0x30, 0x38, 0xff,
  0x22, 0x10, 0x0f, 0xff, 0x1e, 0x14, 0x17, 0xff, 0x1f, 0x15, 0x13, 0xff, 0x1f, 0x16, 0x18, 0xff,
  0x20, 0x17, 0x1b, 0xff, 0x20, 0x17, 0x19, 0xff, 0x00, 0x00, 0x00, 0xff, 0x17, 0x12, 0x13, 0xff,
  0x11, 0x0f, 0x0f, 0xff, 0x39, 0x05, 0x07, 0xff, 0x8f, 0x0c, 0x1e, 0xff, 0x14, 0x02, 0x01, 0xff,
  0x06, 0x02, 0x00, 0xff, 0x1f, 0x18, 0x19, 0xff, 0x1d, 0x15, 0x18, 0xff, 0xcd, 0x9e, 0x97, 0xff,
  0x00, 0x00, 0x00, 0x00, 0x00, 0x00, 0x00, 0x00, 0x00, 0x00, 0x00, 0x00, 0x00, 0x00, 0x00, 0x00,
  0x00, 0x00, 0x00, 0x00, 0x00, 0x00, 0x00, 0x00, 0x00, 0x00, 0x00, 0x00, 0x00, 0x00, 0x00, 0x00,
  0x00, 0x00, 0x00, 0x00, 0x00, 0x00, 0x00, 0x00, 0x00, 0x00, 0x00, 0x00, 0x00, 0x00, 0x00, 0x00,
  0x00, 0x00, 0x00, 0x00, 0x00, 0x00, 0x00, 0x00, 0x00, 0x00, 0x00, 0x00, 0x00, 0x00, 0x00, 0x00,
  0x00, 0x00, 0x00, 0x00, 0x00, 0x00, 0x00, 0x00, 0x00, 0x00, 0x00, 0x00, 0x00, 0x00, 0x00, 0x00,
  0x00, 0x00, 0x00, 0x00, 0x00, 0x00, 0x00, 0x00, 0x00, 0x00, 0x00, 0x00, 0x00, 0x00, 0x00, 0x00,
  0x00, 0x00, 0x00, 0x00, 0x00, 0x00, 0x00, 0x00, 0x00, 0x00, 0x00, 0x00, 0x00, 0x00, 0x00, 0x00,
  0x00, 0x00, 0x00, 0x00, 0x00, 0x00, 0x00, 0x00, 0x00, 0x00, 0x00, 0x00, 0x00, 0x00, 0x00, 0x00,
  0x00, 0x00, 0x00, 0x00, 0x00, 0x00, 0x00, 0x00, 0x00, 0x00, 0x00, 0x00, 0x00, 0x00, 0x00, 0x00,
  0x00, 0x00, 0x00, 0x00, 0x00, 0x00, 0x00, 0x00, 0x00, 0x00, 0x00, 0x00, 0x00, 0x00, 0x00, 0x00,
  0x1d, 0x16, 0x15, 0xff, 0x1b, 0x15, 0x17, 0xff, 0x1d, 0x16, 0x17, 0xff, 0x9a, 0x1f, 0x2d, 0xff,
  0x15, 0x02, 0x04, 0xff, 0x1f, 0x16, 0x16, 0xff, 0x07, 0x06, 0x07, 0xff, 0x03, 0x02, 0x03, 0xff,
  0x1b, 0x14, 0x15, 0xff, 0x1c, 0x15, 0x16, 0xff, 0x1d, 0x15, 0x16, 0xff, 0x1b, 0x13, 0x15, 0xff,
  0x1f, 0x13, 0x14, 0xff, 0x1f, 0x14, 0x18, 0xff, 0x4b, 0x08, 0x0b, 0xff, 0x9c, 0x1f, 0x2a, 0xff,
  0x8a, 0x1f, 0x25, 0xff, 0x24, 0x0f, 0x0c, 0xff, 0x62, 0x14, 0x18, 0xff, 0x88, 0x1f, 0x23, 0xff,
  0x21, 0x13, 0x14, 0xff, 0x1f, 0x16, 0x17, 0xff, 0x04, 0x01, 0x03, 0xff, 0x6d, 0x12, 0x18, 0xff,
  0x1f, 0x12, 0x13, 0xff, 0x20, 0x17, 0x1b, 0xff, 0x2e, 0x22, 0x25, 0xff, 0x02, 0x00, 0x00, 0xff,
  0xc8, 0x18, 0x22, 0xff, 0xd3, 0x1f, 0x29, 0xff, 0x07, 0x03, 0x03, 0xff, 0x3c, 0x2d, 0x2e, 0xff,
  0x1f, 0x15, 0x17, 0xff, 0x1d, 0x13, 0x15, 0xff, 0x11, 0x02, 0x01, 0xff, 0x17, 0x02, 0x00, 0xff,
  0x1d, 0x15, 0x16, 0xff, 0x1f, 0x16, 0x19, 0xff, 0x14, 0x10, 0x0f, 0xff, 0x1c, 0x15, 0x16, 0xff,
  0x19, 0x12, 0x13, 0xff, 0x3a, 0x00, 0x01, 0xff, 0x11, 0x08, 0x07, 0xff, 0x1c, 0x15, 0x16, 0xff,
  0x1e, 0x16, 0x19, 0xff, 0x1d, 0x15, 0x16, 0xff, 0x1c, 0x13, 0x15, 0xff, 0x1d, 0x14, 0x14, 0xff,
  0x15, 0x0c, 0x0c, 0xff, 0x3d, 0x08, 0x08, 0xff, 0xb1, 0x11, 0x1e, 0xff, 0xb7, 0x13, 0x1e, 0xff,
  0x9f, 0x17, 0x21, 0xff, 0x14, 0x00, 0x00, 0xff, 0x6c, 0x1b, 0x1e, 0xff, 0xc9, 0x18, 0x22, 0xff,
  0xd1, 0x18, 0x23, 0xff, 0xae, 0x20, 0x2b, 0xff, 0x0e, 0x03, 0x03, 0xff, 0x27, 0x16, 0x19, 0xff,
  0x4b, 0x0f, 0x12, 0xff, 0x73, 0x17, 0x1f, 0xff, 0x2d, 0x22, 0x23, 0xff, 0x04, 0x03, 0x04, 0xff,
  0xd6, 0x1e, 0x29, 0xff, 0xdd, 0x21, 0x2b, 0xff, 0x02, 0x01, 0x00, 0xff, 0x13, 0x0a, 0x0c, 0xff,
  0xb9, 0x2c, 0x35, 0xff, 0x87, 0x07, 0x13, 0xff, 0x8e, 0x06, 0x17, 0xff, 0x8a, 0x06, 0x15, 0xff,
  0x17, 0x02, 0x00, 0xff, 0x00, 0x00, 0x00, 0xff, 0x52, 0x40, 0x42, 0xff, 0x4c, 0x3d, 0x40, 0xff,
  0x4e, 0x3d, 0x3e, 0xff, 0x49, 0x39, 0x3b, 0xff, 0x1f, 0x16, 0x17, 0xff, 0x00, 0x00, 0x00, 0xff,
  0x87, 0x05, 0x11, 0xff, 0x83, 0x05, 0x11, 0xff, 0x85, 0x07, 0x12, 0xff, 0x94, 0x12, 0x1c, 0xff,
  0x09, 0x02, 0x03, 0xff, 0x09, 0x06, 0x06, 0xff, 0xcf, 0x1f, 0x28, 0xff, 0xe3, 0x1d, 0x2d, 0xff,
  0x25, 0x02, 0x01, 0xff, 0x11, 0x0a, 0x08, 0xff, 0x1b, 0x06, 0x02, 0xff, 0xdd, 0x43, 0x4a, 0xff,
  0x0f, 0x0b, 0x08, 0xff, 0x07, 0x03, 0x04, 0xff, 0x43, 0x10, 0x0f, 0xff, 0xd1, 0x18, 0x25, 0xff,
  0xcb, 0x15, 0x20, 0xff, 0x5a, 0x11, 0x14, 0xff, 0x04, 0x00, 0x00, 0xff, 0x89, 0x0f, 0x19, 0xff,
  0xa7, 0x0e, 0x18, 0xff, 0xac, 0x0f, 0x1d, 0xff, 0x76, 0x0f, 0x16, 0xff, 0x09, 0x04, 0x04, 0xff,
  0x1d, 0x14, 0x17, 0xff, 0x20, 0x15, 0x17, 0xff, 0x1f, 0x16, 0x19, 0xff, 0x1f, 0x16, 0x19, 0xff,
  0x1f, 0x17, 0x1b, 0xff, 0x1c, 0x12, 0x14, 0xff, 0x2b, 0x03, 0x04, 0xff, 0x13, 0x0c, 0x0f, 0xff,
  0x1e, 0x16, 0x18, 0xff, 0x1f, 0x16, 0x18, 0xff, 0x20, 0x18, 0x19, 0xff, 0x1f, 0x18, 0x19, 0xff,
  0x07, 0x00, 0x00, 0xff, 0x60, 0x16, 0x17, 0xff, 0x1d, 0x14, 0x15, 0xff, 0x17, 0x10, 0x12, 0xff,
  0x35, 0x27, 0x2b, 0xff, 0x07, 0x01, 0x02, 0xff, 0xcb, 0x16, 0x24, 0xff, 0xd7, 0x1c, 0x2a, 0xff,
  0x09, 0x03, 0x02, 0xff, 0x35, 0x27, 0x29, 0xff, 0x17, 0x10, 0x12, 0xff, 0x1d, 0x14, 0x16, 0xff,
  0x5a, 0x0f, 0x10, 0xff, 0x03, 0x02, 0x01, 0xff, 0x1e, 0x13, 0x14, 0xff, 0x40, 0x0f, 0x0f, 0xff,
  0x3b, 0x12, 0x13, 0xff, 0x3e, 0x10, 0x0e, 0xff, 0x5d, 0x0f, 0x11, 0xff, 0xb3, 0x2f, 0x38, 0xff,
  0xcf, 0x27, 0x34, 0xff, 0xca, 0x2d, 0x3c, 0xff, 0x32, 0x0a, 0x11, 0xff, 0x1c, 0x14, 0x14, 0xff,
  0x1e, 0x16, 0x13, 0xff, 0x1e, 0x16, 0x17, 0xff, 0x1f, 0x17, 0x18, 0xff, 0x1c, 0x13, 0x15, 0xff,
  0x00, 0x00, 0x00, 0xff, 0x28, 0x1d, 0x20, 0xff, 0x1c, 0x11, 0x10, 0xff, 0x27, 0x05, 0x07, 0xff,
  0x29, 0x02, 0x06, 0xff, 0x21, 0x1b, 0x1c, 0xff, 0x1f, 0x17, 0x1b, 0xff, 0x00, 0x00, 0x00, 0xff,
  0x00, 0x00, 0x00, 0x00, 0x00, 0x00, 0x00, 0x00, 0x00, 0x00, 0x00, 0x00, 0x00, 0x00, 0x00, 0x00,
  0x00, 0x00, 0x00, 0x00, 0x00, 0x00, 0x00, 0x00, 0x00, 0x00, 0x00, 0x00, 0x00, 0x00, 0x00, 0x00,
  0x00, 0x00, 0x00, 0x00, 0x00, 0x00, 0x00, 0x00, 0x00, 0x00, 0x00, 0x00, 0x00, 0x00, 0x00, 0x00,
  0x00, 0x00, 0x00, 0x00, 0x00, 0x00, 0x00, 0x00, 0x00, 0x00, 0x00, 0x00, 0x00, 0x00, 0x00, 0x00,
  0x00, 0x00, 0x00, 0x00, 0x00, 0x00, 0x00, 0x00, 0x00, 0x00, 0x00, 0x00, 0x00, 0x00, 0x00, 0x00,
  0x00, 0x00, 0x00, 0x00, 0x00, 0x00, 0x00, 0x00, 0x00, 0x00, 0x00, 0x00, 0x00, 0x00, 0x00, 0x00,
  0x00, 0x00, 0x00, 0x00, 0x00, 0x00, 0x00, 0x00, 0x00, 0x00, 0x00, 0x00, 0x00, 0x00, 0x00, 0x00,
  0x00, 0x00, 0x00, 0x00, 0x00, 0x00, 0x00, 0x00, 0x00, 0x00, 0x00, 0x00, 0x00, 0x00, 0x00, 0x00,
  0x00, 0x00, 0x00, 0x00, 0x00, 0x00, 0x00, 0x00, 0x00, 0x00, 0x00, 0x00, 0x00, 0x00, 0x00, 0x00,
  0x00, 0x00, 0x00, 0x00, 0x00, 0x00, 0x00, 0x00, 0x00, 0x00, 0x00, 0x00, 0x00, 0x00, 0x00, 0x00,
  0x1c, 0x15, 0x16, 0xff, 0x1b, 0x15, 0x17, 0xff, 0x19, 0x13, 0x14, 0xff, 0x1e, 0x15, 0x18, 0xff,
  0x0c, 0x09, 0x0c, 0xff, 0x15, 0x0f, 0x11, 0xff, 0x1d, 0x14, 0x16, 0xff, 0x1c, 0x15, 0x16, 0xff,
  0x1c, 0x15, 0x14, 0xff, 0x1b, 0x16, 0x17, 0xff, 0x1b, 0x15, 0x12, 0xff, 0x96, 0x21, 0x2b, 0xff,
  0x32, 0x09, 0x09, 0xff, 0x42, 0x0c, 0x0f, 0xff, 0x1d, 0x0c, 0x11, 0xff, 0xd9, 0x2a, 0x35, 0xff,
  0x35, 0x03, 0x05, 0xff, 0x28, 0x10, 0x0c, 0xff, 0xbc, 0x22, 0x2f, 0xff, 0x1f, 0x13, 0x11, 0xff,
  0x21, 0x16, 0x16, 0xff, 0x21, 0x16, 0x1b, 0xff, 0x20, 0x14, 0x16, 0xff, 0x8b, 0x1e, 0x25, 0xff,
  0x1f, 0x14, 0x16, 0xff, 0x20, 0x18, 0x1c, 0xff, 0x0f, 0x0a, 0x0c, 0xff, 0x8e, 0x14, 0x1d, 0xff,
  0x05, 0x01, 0x01, 0xff, 0x05, 0x01, 0x01, 0xff, 0xa7, 0x21, 0x2a, 0xff, 0x0a, 0x06, 0x05, 0xff,
  0x20, 0x17, 0x17, 0xff, 0x1f, 0x14, 0x15, 0xff, 0x1c, 0x02, 0x03, 0xff, 0x0b, 0x00, 0x00, 0xff,
  0x1e, 0x16, 0x17, 0xff, 0x1e, 0x16, 0x19, 0xff, 0x15, 0x11, 0x10, 0xff, 0x19, 0x14, 0x16, 0xff,
  0x19, 0x15, 0x13, 0xff, 0x28, 0x0f, 0x12, 0xff, 0xb7, 0x2a, 0x2f, 0xff, 0x1d, 0x12, 0x16, 0xff,
  0x1b, 0x14, 0x14, 0xff, 0x1c, 0x13, 0x15, 0xff, 0x1d, 0x16, 0x16, 0xff, 0x1f, 0x16, 0x17, 0xff,
  0x1f, 0x14, 0x16, 0xff, 0x1f, 0x13, 0x17, 0xff, 0x1e, 0x10, 0x13, 0xff, 0x2c, 0x00, 0x00, 0xff,
  0xb1, 0x11, 0x1e, 0xff, 0xa8, 0x13, 0x1b, 0xff, 0x9c, 0x1c, 0x22, 0xff, 0xc6, 0x14, 0x1f, 0xff,
  0x2a, 0x00, 0x00, 0xff, 0x0f, 0x06, 0x05, 0xff, 0x22, 0x12, 0x16, 0xff, 0xaa, 0x2f, 0x34, 0xff,
  0x23, 0x16, 0x13, 0xff, 0x24, 0x0f, 0x0f, 0xff, 0x7a, 0x14, 0x23, 0xff, 0x25, 0x17, 0x16, 0xff,
  0x0f, 0x02, 0x03, 0xff, 0xd1, 0x1c, 0x27, 0xff, 0xca, 0x1c, 0x24, 0xff, 0x07, 0x03, 0x04, 0xff,
  0xac, 0x18, 0x1f, 0xff, 0x8b, 0x07, 0x14, 0xff, 0x8e, 0x05, 0x15, 0xff, 0x9c, 0x06, 0x14, 0xff,
  0x01, 0x01, 0x00, 0xff, 0x37, 0x29, 0x2c, 0xff, 0x39, 0x2f, 0x31, 0xff, 0x02, 0x00, 0x01, 0xff,
  0x03, 0x00, 0x01, 0xff, 0x29, 0x1f, 0x21, 0xff, 0x36, 0x29, 0x2c, 0xff, 0x02, 0x00, 0x00, 0xff,
  0xaa, 0x2f, 0x39, 0xff, 0x8a, 0x07, 0x14, 0xff, 0x87, 0x08, 0x14, 0xff, 0x8a, 0x0b, 0x15, 0xff,
  0x0f, 0x00, 0x00, 0xff, 0x81, 0x0f, 0x13, 0xff, 0xde, 0x1c, 0x2a, 0xff, 0x28, 0x00, 0x01, 0xff,
  0x1b, 0x0f, 0x0f, 0xff, 0x1c, 0x07, 0x05, 0xff, 0x6d, 0x23, 0x24, 0xff, 0x1e, 0x15, 0x15, 0xff,
  0xb6, 0x1c, 0x28, 0xff, 0x11, 0x0c, 0x08, 0xff, 0x29, 0x19, 0x1d, 0xff, 0x09, 0x02, 0x02, 0xff,
  0xc6, 0x18, 0x27, 0xff, 0x9c, 0x18, 0x22, 0xff, 0xa1, 0x0f, 0x1c, 0xff, 0xac, 0x0c, 0x19, 0xff,
  0x70, 0x0f, 0x15, 0xff, 0x06, 0x04, 0x01, 0xff, 0x1f, 0x14, 0x18, 0xff, 0x1e, 0x16, 0x19, 0xff,
  0x1e, 0x16, 0x17, 0xff, 0x1f, 0x16, 0x19, 0xff, 0x1e, 0x16, 0x19, 0xff, 0x1f, 0x16, 0x19, 0xff,
  0x20, 0x12, 0x17, 0xff, 0x64, 0x16, 0x1c, 0xff, 0x24, 0x06, 0x08, 0xff, 0x1c, 0x12, 0x15, 0xff,
  0x1e, 0x16, 0x17, 0xff, 0x1e, 0x16, 0x17, 0xff, 0x20, 0x17, 0x19, 0xff, 0x1f, 0x16, 0x18, 0xff,
  0x1f, 0x12, 0x16, 0xff, 0x87, 0x1e, 0x29, 0xff, 0x1c, 0x13, 0x16, 0xff, 0x17, 0x10, 0x12, 0xff,
  0x2d, 0x22, 0x23, 0xff, 0x9a, 0x09, 0x17, 0xff, 0x04, 0x02, 0x00, 0xff, 0x06, 0x02, 0x01, 0xff,
  0x8f, 0x0c, 0x14, 0xff, 0x1e, 0x14, 0x16, 0xff, 0x19, 0x12, 0x14, 0xff, 0x19, 0x12, 0x13, 0xff,
  0x9f, 0x21, 0x2b, 0xff, 0x0e, 0x09, 0x09, 0xff, 0x1f, 0x16, 0x17, 0xff, 0x1f, 0x13, 0x16, 0xff,
  0x7c, 0x1e, 0x29, 0xff, 0x6c, 0x24, 0x28, 0xff, 0x85, 0x18, 0x20, 0xff, 0x39, 0x0c, 0x0e, 0xff,
  0x5f, 0x14, 0x16, 0xff, 0x50, 0x0e, 0x0a, 0xff, 0x27, 0x11, 0x16, 0xff, 0xa7, 0x24, 0x2f, 0xff,
  0x87, 0x28, 0x2c, 0xff, 0x14, 0x12, 0x14, 0xff, 0x1e, 0x14, 0x14, 0xff, 0x1e, 0x16, 0x17, 0xff,
  0x1d, 0x16, 0x16, 0xff, 0x1d, 0x14, 0x16, 0xff, 0x06, 0x03, 0x04, 0xff, 0x20, 0x19, 0x18, 0xff,
  0x29, 0x1f, 0x20, 0xff, 0x1f, 0x16, 0x19, 0xff, 0x1f, 0x17, 0x1b, 0xff, 0x18, 0x12, 0x13, 0xff,
  0x00, 0x00, 0x00, 0x00, 0x00, 0x00, 0x00, 0x00, 0x00, 0x00, 0x00, 0x00, 0x00, 0x00, 0x00, 0x00,
  0x00, 0x00, 0x00, 0x00, 0x00, 0x00, 0x00, 0x00, 0x00, 0x00, 0x00, 0x00, 0x00, 0x00, 0x00, 0x00,
  0x00, 0x00, 0x00, 0x00, 0x00, 0x00, 0x00, 0x00, 0x00, 0x00, 0x00, 0x00, 0x00, 0x00, 0x00, 0x00,
  0x00, 0x00, 0x00, 0x00, 0x00, 0x00, 0x00, 0x00, 0x00, 0x00, 0x00, 0x00, 0x00, 0x00, 0x00, 0x00,
  0x00, 0x00, 0x00, 0x00, 0x00, 0x00, 0x00, 0x00, 0x00, 0x00, 0x00, 0x00, 0x00, 0x00, 0x00, 0x00,
  0x00, 0x00, 0x00, 0x00, 0x00, 0x00, 0x00, 0x00, 0x00, 0x00, 0x00, 0x00, 0x00, 0x00, 0x00, 0x00,
  0x00, 0x00, 0x00, 0x00, 0x00, 0x00, 0x00, 0x00, 0x00, 0x00, 0x00, 0x00, 0x00, 0x00, 0x00, 0x00,
  0x00, 0x00, 0x00, 0x00, 0x00, 0x00, 0x00, 0x00, 0x00, 0x00, 0x00, 0x00, 0x00, 0x00, 0x00, 0x00,
  0x00, 0x00, 0x00, 0x00, 0x00, 0x00, 0x00, 0x00, 0x00, 0x00, 0x00, 0x00, 0x00, 0x00, 0x00, 0x00,
  0x00, 0x00, 0x00, 0x00, 0x00, 0x00, 0x00, 0x00, 0x00, 0x00, 0x00, 0x00, 0x53, 0x40, 0x3e, 0xff,
  0x1c, 0x15, 0x16, 0xff, 0x1c, 0x16, 0x18, 0xff, 0x1b, 0x14, 0x13, 0xff, 0x12, 0x0f, 0x0f, 0xff,
  0x19, 0x13, 0x14, 0xff, 0x1f, 0x14, 0x16, 0xff, 0x1b, 0x14, 0x16, 0xff, 0x1d, 0x14, 0x17, 0xff,
  0x3d, 0x09, 0x0e, 0xff, 0x2b, 0x09, 0x08, 0xff, 0x1d, 0x0f, 0x0f, 0xff, 0xbc, 0x27, 0x2a, 0xff,
  0x42, 0x11, 0x13, 0xff, 0xba, 0x27, 0x2f, 0xff, 0x46, 0x1b, 0x1b, 0xff, 0x2f, 0x12, 0x11, 0xff,
  0x20, 0x10, 0x0c, 0xff, 0x1c, 0x13, 0x15, 0xff, 0x1e, 0x15, 0x16, 0xff, 0x1f, 0x16, 0x17, 0xff,
  0x1f, 0x16, 0x19, 0xff, 0x1f, 0x16, 0x18, 0xff, 0x1f, 0x16, 0x17, 0xff, 0x6e, 0x32, 0x34, 0xff,
  0x1b, 0x13, 0x15, 0xff, 0x1f, 0x16, 0x19, 0xff, 0x06, 0x00, 0x00, 0xff, 0x03, 0x03, 0x01, 0xff,
  0x4e, 0x3a, 0x3c, 0xff, 0x4e, 0x3b, 0x3e, 0xff, 0x05, 0x02, 0x01, 0xff, 0x42, 0x0a, 0x10, 0xff,
  0x22, 0x18, 0x1b, 0xff, 0x1f, 0x14, 0x16, 0xff, 0x1b, 0x06, 0x05, 0xff, 0x21, 0x16, 0x18, 0xff,
  0x1e, 0x16, 0x16, 0xff, 0x1d, 0x16, 0x16, 0xff, 0x13, 0x0f, 0x10, 0xff, 0x1b, 0x14, 0x15, 0xff,
  0x1d, 0x14, 0x16, 0xff, 0x1d, 0x14, 0x14, 0xff, 0x1f, 0x13, 0x13, 0xff, 0xb0, 0x24, 0x2f, 0xff,
  0x1f, 0x14, 0x16, 0xff, 0x1c, 0x15, 0x16, 0xff, 0x1d, 0x16, 0x16, 0xff, 0x1e, 0x16, 0x17, 0xff,
  0x1d, 0x16, 0x18, 0xff, 0x1e, 0x14, 0x15, 0xff, 0x1f, 0x11, 0x10, 0xff, 0xbc, 0x38, 0x3e, 0xff,
  0x21, 0x16, 0x16, 0xff, 0x40, 0x07, 0x07, 0xff, 0x27, 0x03, 0x03, 0xff, 0x03, 0x02, 0x00, 0xff,
  0x2c, 0x16, 0x18, 0xff, 0x13, 0x0a, 0x05, 0xff, 0xba, 0x24, 0x2c, 0xff, 0x22, 0x15, 0x13, 0xff,
  0x1b, 0x14, 0x15, 0xff, 0x1d, 0x14, 0x14, 0xff, 0x22, 0x0f, 0x0f, 0xff, 0x8a, 0x2a, 0x2f, 0xff,
  0x23, 0x13, 0x16, 0xff, 0x08, 0x02, 0x01, 0xff, 0xbf, 0x19, 0x25, 0xff, 0x1f, 0x01, 0x00, 0xff,
  0x8b, 0x07, 0x13, 0xff, 0x8e, 0x06, 0x12, 0xff, 0x91, 0x05, 0x14, 0xff, 0x15, 0x00, 0x01, 0xff,
  0x00, 0x00, 0x00, 0xff, 0x03, 0x01, 0x01, 0xff, 0x19, 0x00, 0x00, 0xff, 0x09, 0x01, 0x01, 0xff,
  0x2a, 0x19, 0x1c, 0xff, 0x8a, 0x21, 0x29, 0xff, 0x04, 0x01, 0x01, 0xff, 0x23, 0x1b, 0x1b, 0xff,
  0x0f, 0x06, 0x08, 0xff, 0x88, 0x07, 0x14, 0xff, 0x8b, 0x08, 0x13, 0xff, 0x8a, 0x08, 0x15, 0xff,
  0xa1, 0x2d, 0x34, 0xff, 0xa1, 0x13, 0x1f, 0xff, 0x22, 0x00, 0x01, 0xff, 0x1d, 0x13, 0x13, 0xff,
  0x2a, 0x08, 0x07, 0xff, 0x4f, 0x09, 0x0b, 0xff, 0x1e, 0x12, 0x16, 0xff, 0x1d, 0x16, 0x16, 0xff,
  0x22, 0x18, 0x18, 0xff, 0xa6, 0x2d, 0x2e, 0xff, 0x2e, 0x0a, 0x0c, 0xff, 0x27, 0x13, 0x17, 0xff,
  0x03, 0x00, 0x00, 0xff, 0x1d, 0x02, 0x02, 0xff, 0x60, 0x08, 0x0c, 0xff, 0x10, 0x06, 0x07, 0xff,
  0x77, 0x2b, 0x2b, 0xff, 0x1f, 0x12, 0x11, 0xff, 0x1f, 0x16, 0x19, 0xff, 0x21, 0x17, 0x1c, 0xff,
  0x1f, 0x16, 0x19, 0xff, 0x1f, 0x16, 0x19, 0xff, 0x1f, 0x16, 0x19, 0xff, 0x1d, 0x16, 0x18, 0xff,
  0x68, 0x19, 0x1c, 0xff, 0x28, 0x07, 0x08, 0xff, 0x1e, 0x13, 0x16, 0xff, 0x1c, 0x15, 0x16, 0xff,
  0x1e, 0x15, 0x18, 0xff, 0x1f, 0x17, 0x18, 0xff, 0x20, 0x18, 0x1c, 0xff, 0x1f, 0x16, 0x19, 0xff,
  0x1f, 0x16, 0x16, 0xff, 0x52, 0x2c, 0x2d, 0xff, 0x1c, 0x13, 0x15, 0xff, 0x18, 0x12, 0x13, 0xff,
  0x08, 0x00, 0x00, 0xff, 0x0b, 0x06, 0x03, 0xff, 0x4e, 0x3a, 0x3b, 0xff, 0x55, 0x41, 0x43, 0xff,
  0x0b, 0x08, 0x06, 0xff, 0x0a, 0x00, 0x00, 0xff, 0x1d, 0x13, 0x16, 0xff, 0x1b, 0x12, 0x15, 0xff,
  0x71, 0x38, 0x3d, 0xff, 0x1e, 0x15, 0x16, 0xff, 0x1f, 0x16, 0x18, 0xff, 0x1f, 0x16, 0x17, 0xff,
  0x1e, 0x14, 0x14, 0xff, 0x1f, 0x14, 0x14, 0xff, 0x2f, 0x0f, 0x11, 0xff, 0x2e, 0x10, 0x0e, 0xff,
  0x30, 0x0e, 0x0f, 0xff, 0x22, 0x12, 0x11, 0xff, 0x57, 0x0f, 0x17, 0xff, 0x23, 0x12, 0x14, 0xff,
  0xc5, 0x28, 0x30, 0xff, 0x7e, 0x23, 0x25, 0xff, 0x23, 0x0f, 0x11, 0xff, 0x24, 0x0f, 0x0f, 0xff,
  0x1d, 0x14, 0x16, 0xff, 0x1d, 0x16, 0x15, 0xff, 0x20, 0x16, 0x16, 0xff, 0x1e, 0x16, 0x17, 0xff,
  0x02, 0x02, 0x02, 0xff, 0x19, 0x13, 0x14, 0xff, 0x1d, 0x16, 0x18, 0xff, 0x1f, 0x16, 0x18, 0xff,
  0x00, 0x00, 0x00, 0x00, 0x00, 0x00, 0x00, 0x00, 0x00, 0x00, 0x00, 0x00, 0x00, 0x00, 0x00, 0x00,
  0x00, 0x00, 0x00, 0x00, 0x00, 0x00, 0x00, 0x00, 0x00, 0x00, 0x00, 0x00, 0x00, 0x00, 0x00, 0x00,
  0x00, 0x00, 0x00, 0x00, 0x00, 0x00, 0x00, 0x00, 0x00, 0x00, 0x00, 0x00, 0x00, 0x00, 0x00, 0x00,
  0x00, 0x00, 0x00, 0x00, 0x00, 0x00, 0x00, 0x00, 0x00, 0x00, 0x00, 0x00, 0x00, 0x00, 0x00, 0x00,
  0x00, 0x00, 0x00, 0x00, 0x00, 0x00, 0x00, 0x00, 0x00, 0x00, 0x00, 0x00, 0x00, 0x00, 0x00, 0x00,
  0x00, 0x00, 0x00, 0x00, 0x00, 0x00, 0x00, 0x00, 0x00, 0x00, 0x00, 0x00, 0x00, 0x00, 0x00, 0x00,
  0x00, 0x00, 0x00, 0x00, 0x00, 0x00, 0x00, 0x00, 0x00, 0x00, 0x00, 0x00, 0x00, 0x00, 0x00, 0x00,
  0x00, 0x00, 0x00, 0x00, 0x00, 0x00, 0x00, 0x00, 0x00, 0x00, 0x00, 0x00, 0x00, 0x00, 0x00, 0x00,
  0x00, 0x00, 0x00, 0x00, 0x00, 0x00, 0x00, 0x00, 0x00, 0x00, 0x00, 0x00, 0x00, 0x00, 0x00, 0x00,
  0x00, 0x00, 0x00, 0x00, 0x00, 0x00, 0x00, 0x00, 0x00, 0x00, 0x00, 0x00, 0x08, 0x06, 0x06, 0xff,
  0x1c, 0x16, 0x18, 0xff, 0x08, 0x06, 0x07, 0xff, 0x19, 0x13, 0x13, 0xff, 0x1b, 0x14, 0x15, 0xff,
  0x1d, 0x16, 0x16, 0xff, 0x1f, 0x10, 0x12, 0xff, 0x1d, 0x12, 0x13, 0xff, 0x86, 0x22, 0x27, 0xff,
  0xd5, 0x29, 0x34, 0xff, 0x22, 0x0c, 0x0e, 0xff, 0x84, 0x1f, 0x27, 0xff, 0xab, 0x34, 0x39, 0xff,
  0x8d, 0x1e, 0x24, 0xff, 0xa6, 0x25, 0x2e, 0xff, 0x1e, 0x15, 0x14, 0xff, 0x1d, 0x16, 0x16, 0xff,
  0x1c, 0x13, 0x13, 0xff, 0x1f, 0x14, 0x16, 0xff, 0x1e, 0x16, 0x17, 0xff, 0x1c, 0x15, 0x16, 0xff,
  0x1f, 0x16, 0x19, 0xff, 0x1d, 0x16, 0x16, 0xff, 0x1e, 0x15, 0x16, 0xff, 0x01, 0x00, 0x00, 0xff,
  0x1b, 0x14, 0x15, 0xff, 0x0f, 0x0b, 0x0b, 0xff, 0x00, 0x00, 0x00, 0xff, 0x39, 0x2a, 0x2e, 0xff,
  0x40, 0x32, 0x35, 0xff, 0x19, 0x13, 0x15, 0xff, 0x39, 0x2f, 0x32, 0xff, 0x07, 0x04, 0x05, 0xff,
  0x02, 0x02, 0x02, 0xff, 0x1c, 0x13, 0x15, 0xff, 0x01, 0x00, 0x00, 0xff, 0x1b, 0x16, 0x14, 0xff,
  0x1e, 0x16, 0x17, 0xff, 0x1d, 0x15, 0x18, 0xff, 0x12, 0x0f, 0x10, 0xff, 0x1c, 0x15, 0x16, 0xff,
  0x1b, 0x14, 0x15, 0xff, 0x1e, 0x15, 0x16, 0xff, 0x1b, 0x14, 0x13, 0xff, 0x1f, 0x12, 0x12, 0xff,
  0xac, 0x2e, 0x35, 0xff, 0x1c, 0x12, 0x15, 0xff, 0x1f, 0x17, 0x18, 0xff, 0x1e, 0x16, 0x17, 0xff,
  0x1d, 0x14, 0x17, 0xff, 0x20, 0x12, 0x13, 0xff, 0xac, 0x2c, 0x35, 0xff, 0x21, 0x17, 0x1b, 0xff,
  0x1e, 0x17, 0x16, 0xff, 0x1f, 0x16, 0x18, 0xff, 0x00, 0x01, 0x00, 0xff, 0x27, 0x16, 0x16, 0xff,
  0x38, 0x04, 0x04, 0xff, 0xb8, 0x23, 0x2e, 0xff, 0x1c, 0x15, 0x15, 0xff, 0x1c, 0x15, 0x16, 0xff,
  0x1e, 0x17, 0x19, 0xff, 0x1f, 0x16, 0x19, 0xff, 0x1f, 0x16, 0x19, 0xff, 0x20, 0x13, 0x12, 0xff,
  0x93, 0x23, 0x2e, 0xff, 0x12, 0x0e, 0x10, 0xff, 0x02, 0x01, 0x00, 0xff, 0x8d, 0x1c, 0x22, 0xff,
  0x8e, 0x06, 0x13, 0xff, 0x91, 0x05, 0x14, 0xff, 0x9f, 0x0f, 0x1b, 0xff, 0x12, 0x0f, 0x0f, 0xff,
  0x00, 0x00, 0x00, 0xff, 0x2a, 0x1d, 0x20, 0xff, 0x37, 0x00, 0x04, 0xff, 0x1f, 0x16, 0x17, 0xff,
  0x3d, 0x28, 0x29, 0xff, 0xb6, 0x2e, 0x36, 0xff, 0x34, 0x27, 0x28, 0xff, 0x1e, 0x14, 0x14, 0xff,
  0x1e, 0x12, 0x15, 0xff, 0x3e, 0x04, 0x06, 0xff, 0x8d, 0x0a, 0x14, 0xff, 0x8f, 0x08, 0x14, 0xff,
  0xc1, 0x20, 0x28, 0xff, 0x05, 0x00, 0x01, 0xff, 0x18, 0x15, 0x16, 0xff, 0x3c, 0x0f, 0x0a, 0xff,
  0x37, 0x02, 0x05, 0xff, 0x1c, 0x16, 0x18, 0xff, 0x1f, 0x16, 0x19, 0xff, 0x1e, 0x16, 0x17, 0xff,
  0x21, 0x16, 0x1b, 0xff, 0x20, 0x16, 0x1b, 0xff, 0x48, 0x07, 0x0a, 0xff, 0x81, 0x0b, 0x12, 0xff,
  0x1e, 0x12, 0x13, 0xff, 0x08, 0x05, 0x04, 0xff, 0x1c, 0x15, 0x15, 0xff, 0x1e, 0x16, 0x16, 0xff,
  0x20, 0x15, 0x16, 0xff, 0x85, 0x24, 0x22, 0xff, 0x19, 0x0f, 0x0c, 0xff, 0x1f, 0x17, 0x18, 0xff,
  0x20, 0x18, 0x1c, 0xff, 0x1f, 0x16, 0x19, 0xff, 0x1f, 0x16, 0x19, 0xff, 0x74, 0x1c, 0x20, 0xff,
  0x1f, 0x02, 0x05, 0xff, 0x1c, 0x14, 0x16, 0xff, 0x1e, 0x16, 0x18, 0xff, 0x1c, 0x14, 0x17, 0xff,
  0x1e, 0x16, 0x19, 0xff, 0x1f, 0x16, 0x18, 0xff, 0x20, 0x18, 0x1c, 0xff, 0x1f, 0x16, 0x19, 0xff,
  0x1c, 0x16, 0x16, 0xff, 0x00, 0x00, 0x00, 0xff, 0x1b, 0x12, 0x14, 0xff, 0x07, 0x05, 0x05, 0xff,
  0x00, 0x00, 0x00, 0xff, 0x46, 0x32, 0x37, 0xff, 0x24, 0x1b, 0x1e, 0xff, 0x25, 0x1d, 0x1f, 0xff,
  0x3d, 0x32, 0x34, 0xff, 0x01, 0x00, 0x01, 0xff, 0x0f, 0x0b, 0x0c, 0xff, 0x1b, 0x12, 0x14, 0xff,
  0x00, 0x00, 0x00, 0xff, 0x1e, 0x15, 0x15, 0xff, 0x1e, 0x16, 0x17, 0xff, 0x1d, 0x16, 0x16, 0xff,
  0x1e, 0x16, 0x17, 0xff, 0x1f, 0x17, 0x19, 0xff, 0x20, 0x15, 0x18, 0xff, 0x1e, 0x16, 0x16, 0xff,
  0x21, 0x15, 0x15, 0xff, 0xb6, 0x25, 0x3b, 0xff, 0x1f, 0x11, 0x14, 0xff, 0x2e, 0x0a, 0x0b, 0xff,
  0x32, 0x09, 0x08, 0xff, 0x5e, 0x19, 0x1b, 0xff, 0x68, 0x16, 0x1d, 0xff, 0xbc, 0x23, 0x34, 0xff,
  0x9d, 0x28, 0x30, 0xff, 0x2f, 0x0f, 0x12, 0xff, 0x21, 0x14, 0x15, 0xff, 0x1d, 0x16, 0x15, 0xff,
  0x1f, 0x16, 0x18, 0xff, 0x1f, 0x16, 0x18, 0xff, 0x06, 0x05, 0x06, 0xff, 0x1d, 0x16, 0x16, 0xff,
  0x01, 0x00, 0x00, 0xff, 0x00, 0x00, 0x00, 0x00, 0x00, 0x00, 0x00, 0x00, 0x00, 0x00, 0x00, 0x00,
  0x00, 0x00, 0x00, 0x00, 0x00, 0x00, 0x00, 0x00, 0x00, 0x00, 0x00, 0x00, 0x00, 0x00, 0x00, 0x00,
  0x00, 0x00, 0x00, 0x00, 0x00, 0x00, 0x00, 0x00, 0x00, 0x00, 0x00, 0x00, 0x00, 0x00, 0x00, 0x00,
  0x00, 0x00, 0x00, 0x00, 0x00, 0x00, 0x00, 0x00, 0x00, 0x00, 0x00, 0x00, 0x00, 0x00, 0x00, 0x00,
  0x00, 0x00, 0x00, 0x00, 0x00, 0x00, 0x00, 0x00, 0x00, 0x00, 0x00, 0x00, 0x00, 0x00, 0x00, 0x00,
  0x00, 0x00, 0x00, 0x00, 0x00, 0x00, 0x00, 0x00, 0x00, 0x00, 0x00, 0x00, 0x00, 0x00, 0x00, 0x00,
  0x00, 0x00, 0x00, 0x00, 0x00, 0x00, 0x00, 0x00, 0x00, 0x00, 0x00, 0x00, 0x00, 0x00, 0x00, 0x00,
  0x00, 0x00, 0x00, 0x00, 0x00, 0x00, 0x00, 0x00, 0x00, 0x00, 0x00, 0x00, 0x00, 0x00, 0x00, 0x00,
  0x00, 0x00, 0x00, 0x00, 0x00, 0x00, 0x00, 0x00, 0x00, 0x00, 0x00, 0x00, 0x00, 0x00, 0x00, 0x00,
  0x00, 0x00, 0x00, 0x00, 0x00, 0x00, 0x00, 0x00, 0x14, 0x00, 0x00, 0xff, 0x21, 0x1b, 0x1c, 0xff,
  0x23, 0x1b, 0x1d, 0xff, 0x1c, 0x15, 0x16, 0xff, 0x1c, 0x14, 0x17, 0xff, 0x1d, 0x12, 0x15, 0xff,
  0x27, 0x0c, 0x10, 0xff, 0x82, 0x1c, 0x1f, 0xff, 0x34, 0x0f, 0x13, 0xff, 0x24, 0x0f, 0x0f, 0xff,
  0xae, 0x2d, 0x34, 0xff, 0x24, 0x12, 0x13, 0xff, 0xba, 0x30, 0x38, 0xff, 0x1e, 0x11, 0x12, 0xff,
  0x53, 0x0f, 0x18, 0xff, 0x1e, 0x14, 0x13, 0xff, 0x20, 0x13, 0x18, 0xff, 0x1f, 0x16, 0x17, 0xff,
  0x1f, 0x17, 0x1b, 0xff, 0x1f, 0x16, 0x19, 0xff, 0x1f, 0x16, 0x18, 0xff, 0x22, 0x19, 0x1b, 0xff,
  0x05, 0x02, 0x03, 0xff, 0x00, 0x00, 0x00, 0xff, 0x17, 0x10, 0x12, 0xff, 0x19, 0x13, 0x14, 0xff,
  0x0c, 0x0a, 0x0b, 0xff, 0x28, 0x04, 0x08, 0xff, 0x1f, 0x12, 0x13, 0xff, 0x3b, 0x2f, 0x32, 0xff,
  0x1c, 0x14, 0x17, 0xff, 0x1f, 0x16, 0x17, 0xff, 0x41, 0x35, 0x39, 0xff, 0x1f, 0x17, 0x1b, 0xff,
  0x4c, 0x14, 0x1b, 0xff, 0x13, 0x03, 0x04, 0xff, 0x08, 0x05, 0x05, 0xff, 0x05, 0x04, 0x04, 0xff,
  0x1b, 0x14, 0x15, 0xff, 0x1e, 0x16, 0x17, 0xff, 0x11, 0x0f, 0x0f, 0xff, 0x1c, 0x16, 0x18, 0xff,
  0x1d, 0x15, 0x18, 0xff, 0x1e, 0x16, 0x19, 0xff, 0x1c, 0x13, 0x15, 0xff, 0x1c, 0x15, 0x16, 0xff,
  0x17, 0x0f, 0x0f, 0xff, 0xbc, 0x3d, 0x46, 0xff, 0x1c, 0x14, 0x16, 0xff, 0x19, 0x14, 0x16, 0xff,
  0x15, 0x14, 0x15, 0xff, 0xc1, 0x36, 0x40, 0xff, 0x20, 0x16, 0x1b, 0xff, 0x1e, 0x17, 0x16, 0xff,
  0x1f, 0x16, 0x19, 0xff, 0x1f, 0x16, 0x19, 0xff, 0x00, 0x00, 0x00, 0xff, 0x0f, 0x07, 0x05, 0xff,
  0xbc, 0x18, 0x1f, 0xff, 0x18, 0x0c, 0x09, 0xff, 0x1e, 0x15, 0x15, 0xff, 0x1e, 0x15, 0x16, 0xff,
  0x1d, 0x16, 0x15, 0xff, 0x1d, 0x15, 0x18, 0xff, 0x1d, 0x14, 0x17, 0xff, 0x19, 0x12, 0x15, 0xff,
  0x82, 0x13, 0x1c, 0xff, 0x83, 0x19, 0x21, 0xff, 0x10, 0x09, 0x0c, 0xff, 0x0e, 0x03, 0x05, 0xff,
  0x60, 0x05, 0x0f, 0xff, 0x9a, 0x08, 0x15, 0xff, 0x12, 0x00, 0x00, 0xff, 0x13, 0x11, 0x10, 0xff,
  0x24, 0x17, 0x1b, 0xff, 0x0a, 0x00, 0x01, 0xff, 0x7e, 0x14, 0x1e, 0xff, 0x3b, 0x2d, 0x29, 0xff,
  0x49, 0x35, 0x35, 0xff, 0xb3, 0x23, 0x2e, 0xff, 0x11, 0x00, 0x00, 0xff, 0x2a, 0x1f, 0x22, 0xff,
  0x11, 0x10, 0x0f, 0xff, 0x0a, 0x06, 0x08, 0xff, 0x8e, 0x0b, 0x17, 0xff, 0x98, 0x18, 0x22, 0xff,
  0x00, 0x00, 0x00, 0xff, 0x00, 0x00, 0x00, 0xff, 0x27, 0x06, 0x06, 0xff, 0xab, 0x1e, 0x21, 0xff,
  0x1b, 0x11, 0x11, 0xff, 0x1c, 0x16, 0x18, 0xff, 0x1d, 0x16, 0x17, 0xff, 0x1e, 0x16, 0x17, 0xff,
  0x1f, 0x18, 0x19, 0xff, 0x1f, 0x16, 0x17, 0xff, 0x1f, 0x12, 0x15, 0xff, 0xd0, 0x18, 0x23, 0xff,
  0x0b, 0x04, 0x01, 0xff, 0x01, 0x00, 0x00, 0xff, 0x1e, 0x15, 0x16, 0xff, 0x1e, 0x15, 0x18, 0xff,
  0x1f, 0x17, 0x18, 0xff, 0x1f, 0x13, 0x17, 0xff, 0x95, 0x28, 0x2e, 0xff, 0x20, 0x10, 0x13, 0xff,
  0x19, 0x14, 0x16, 0xff, 0x1d, 0x11, 0x15, 0xff, 0x51, 0x0c, 0x0f, 0xff, 0x25, 0x00, 0x01, 0xff,
  0x1d, 0x15, 0x15, 0xff, 0x1d, 0x14, 0x16, 0xff, 0x1e, 0x15, 0x16, 0xff, 0x1e, 0x16, 0x19, 0xff,
  0x1e, 0x16, 0x19, 0xff, 0x1f, 0x16, 0x17, 0xff, 0x1f, 0x17, 0x18, 0xff, 0x1d, 0x15, 0x16, 0xff,
  0x00, 0x00, 0x00, 0xff, 0x0c, 0x09, 0x0a, 0xff, 0x04, 0x00, 0x00, 0xff, 0x45, 0x10, 0x14, 0xff,
  0x23, 0x1b, 0x1c, 0xff, 0x46, 0x37, 0x3a, 0xff, 0x1b, 0x12, 0x13, 0xff, 0x17, 0x10, 0x12, 0xff,
  0x44, 0x34, 0x37, 0xff, 0x1c, 0x12, 0x15, 0xff, 0x0f, 0x00, 0x00, 0xff, 0x02, 0x01, 0x02, 0xff,
  0x1b, 0x14, 0x15, 0xff, 0x10, 0x0e, 0x0b, 0xff, 0x02, 0x02, 0x01, 0xff, 0x03, 0x02, 0x02, 0xff,
  0x1d, 0x14, 0x14, 0xff, 0x1e, 0x15, 0x16, 0xff, 0x1e, 0x16, 0x17, 0xff, 0x1e, 0x15, 0x16, 0xff,
  0x1f, 0x15, 0x15, 0xff, 0x1d, 0x15, 0x16, 0xff, 0x1f, 0x15, 0x15, 0xff, 0x29, 0x12, 0x13, 0xff,
  0x2d, 0x14, 0x16, 0xff, 0x2b, 0x12, 0x19, 0xff, 0x37, 0x0c, 0x0e, 0xff, 0x31, 0x0f, 0x10, 0xff,
  0xad, 0x1e, 0x2c, 0xff, 0x23, 0x11, 0x10, 0xff, 0x2e, 0x07, 0x05, 0xff, 0x7d, 0x24, 0x2b, 0xff,
  0x1b, 0x15, 0x14, 0xff, 0x1c, 0x15, 0x16, 0xff, 0x1c, 0x14, 0x16, 0xff, 0x1d, 0x14, 0x16, 0xff,
  0x01, 0x00, 0x00, 0xff, 0x4e, 0x38, 0x34, 0xff, 0x00, 0x00, 0x00, 0x00, 0x00, 0x00, 0x00, 0x00,
  0x00, 0x00, 0x00, 0x00, 0x00, 0x00, 0x00, 0x00, 0x00, 0x00, 0x00, 0x00, 0x00, 0x00, 0x00, 0x00,
  0x00, 0x00, 0x00, 0x00, 0x00, 0x00, 0x00, 0x00, 0x00, 0x00, 0x00, 0x00, 0x00, 0x00, 0x00, 0x00,
  0x00, 0x00, 0x00, 0x00, 0x00, 0x00, 0x00, 0x00, 0x00, 0x00, 0x00, 0x00, 0x00, 0x00, 0x00, 0x00,
  0x00, 0x00, 0x00, 0x00, 0x00, 0x00, 0x00, 0x00, 0x00, 0x00, 0x00, 0x00, 0x00, 0x00, 0x00, 0x00,
  0x00, 0x00, 0x00, 0x00, 0x00, 0x00, 0x00, 0x00, 0x00, 0x00, 0x00, 0x00, 0x00, 0x00, 0x00, 0x00,
  0x00, 0x00, 0x00, 0x00, 0x00, 0x00, 0x00, 0x00, 0x00, 0x00, 0x00, 0x00, 0x00, 0x00, 0x00, 0x00,
  0x00, 0x00, 0x00, 0x00, 0x00, 0x00, 0x00, 0x00, 0x00, 0x00, 0x00, 0x00, 0x00, 0x00, 0x00, 0x00,
  0x00, 0x00, 0x00, 0x00, 0x00, 0x00, 0x00, 0x00, 0x00, 0x00, 0x00, 0x00, 0x00, 0x00, 0x00, 0x00,
  0x00, 0x00, 0x00, 0x00, 0x25, 0x02, 0x03, 0xff, 0x90, 0x0a, 0x1b, 0xff, 0x1f, 0x17, 0x1b, 0xff,
  0x1c, 0x14, 0x16, 0xff, 0x1b, 0x14, 0x16, 0xff, 0x1c, 0x13, 0x16, 0xff, 0x1e, 0x13, 0x13, 0xff,
  0x55, 0x1b, 0x1d, 0xff, 0x6b, 0x23, 0x29, 0xff, 0x95, 0x27, 0x2c, 0xff, 0x37, 0x0f, 0x0f, 0xff,
  0x32, 0x10, 0x0f, 0xff, 0x1e, 0x13, 0x11, 0xff, 0x29, 0x14, 0x14, 0xff, 0x1f, 0x14, 0x14, 0xff,
  0x1d, 0x14, 0x14, 0xff, 0x1e, 0x15, 0x16, 0xff, 0x1f, 0x16, 0x19, 0xff, 0x1f, 0x16, 0x18, 0xff,
  0x0e, 0x0a, 0x0b, 0xff, 0x00, 0x00, 0x00, 0xff, 0x01, 0x01, 0x01, 0xff, 0x1e, 0x16, 0x17, 0xff,
  0x1c, 0x15, 0x17, 0xff, 0x19, 0x13, 0x14, 0xff, 0x14, 0x09, 0x0c, 0xff, 0x06, 0x00, 0x00, 0xff,
  0x1f, 0x05, 0x06, 0xff, 0x14, 0x01, 0x01, 0xff, 0x1e, 0x12, 0x13, 0xff, 0x31, 0x27, 0x2a, 0xff,
  0x05, 0x03, 0x03, 0xff, 0x02, 0x00, 0x00, 0xff, 0x19, 0x14, 0x16, 0xff, 0x2f, 0x23, 0x27, 0xff,
  0x4e, 0x13, 0x1c, 0xff, 0x2a, 0x06, 0x08, 0xff, 0x1c, 0x14, 0x15, 0xff, 0x18, 0x12, 0x12, 0xff,
  0x15, 0x11, 0x12, 0xff, 0x01, 0x01, 0x01, 0xff, 0x11, 0x0f, 0x0f, 0xff, 0x1e, 0x16, 0x19, 0xff,
  0x1d, 0x16, 0x16, 0xff, 0x1b, 0x13, 0x16, 0xff, 0x1e, 0x16, 0x17, 0xff, 0x1f, 0x16, 0x17, 0xff,
  0x17, 0x0f, 0x0f, 0xff, 0x22, 0x08, 0x09, 0xff, 0x40, 0x12, 0x16, 0xff, 0x1d, 0x12, 0x13, 0xff,
  0xc0, 0x36, 0x3b, 0xff, 0x18, 0x12, 0x11, 0xff, 0x1d, 0x15, 0x15, 0xff, 0x1f, 0x16, 0x19, 0xff,
  0x1d, 0x15, 0x18, 0xff, 0x1f, 0x16, 0x19, 0xff, 0x01, 0x01, 0x01, 0xff, 0x21, 0x16, 0x19, 0xff,
  0xc2, 0x1b, 0x2a, 0xff, 0x7b, 0x14, 0x1b, 0xff, 0x1d, 0x14, 0x15, 0xff, 0x00, 0x00, 0x00, 0xff,
  0x02, 0x00, 0x00, 0xff, 0x00, 0x00, 0x00, 0xff, 0x11, 0x0f, 0x0f, 0xff, 0x92, 0x1c, 0x21, 0xff,
  0x2c, 0x08, 0x08, 0xff, 0x19, 0x02, 0x00, 0xff, 0x01, 0x00, 0x00, 0xff, 0x10, 0x07, 0x09, 0xff,
  0x1e, 0x10, 0x13, 0xff, 0x06, 0x06, 0x02, 0xff, 0x23, 0x17, 0x1b, 0xff, 0x09, 0x07, 0x07, 0xff,
  0x0f, 0x0c, 0x0a, 0xff, 0x13, 0x0e, 0x09, 0xff, 0x9c, 0x1e, 0x22, 0xff, 0x4a, 0x36, 0x36, 0xff,
  0x44, 0x31, 0x31, 0xff, 0x90, 0x1d, 0x22, 0xff, 0x2f, 0x22, 0x22, 0xff, 0x39, 0x16, 0x15, 0xff,
  0x00, 0x00, 0x00, 0xff, 0x1e, 0x15, 0x18, 0xff, 0x02, 0x00, 0x00, 0xff, 0x1f, 0x15, 0x18, 0xff,
  0x0c, 0x0a, 0x0b, 0xff, 0x2d, 0x09, 0x0b, 0xff, 0x75, 0x1e, 0x20, 0xff, 0x0c, 0x06, 0x03, 0xff,
  0xaa, 0x22, 0x25, 0xff, 0x21, 0x1b, 0x1b, 0xff, 0x00, 0x00, 0x00, 0xff, 0x02, 0x00, 0x01, 0xff,
  0x11, 0x0a, 0x0a, 0xff, 0x21, 0x18, 0x1b, 0xff, 0x1f, 0x01, 0x00, 0xff, 0xcb, 0x17, 0x24, 0xff,
  0x25, 0x18, 0x17, 0xff, 0x06, 0x05, 0x05, 0xff, 0x1d, 0x15, 0x18, 0xff, 0x1e, 0x16, 0x18, 0xff,
  0x1e, 0x15, 0x16, 0xff, 0x1e, 0x15, 0x16, 0xff, 0x21, 0x12, 0x15, 0xff, 0xa9, 0x31, 0x3c, 0xff,
  0x23, 0x18, 0x1b, 0xff, 0x7c, 0x37, 0x3c, 0xff, 0x1d, 0x15, 0x18, 0xff, 0x2d, 0x03, 0x07, 0xff,
  0x1d, 0x16, 0x16, 0xff, 0x1e, 0x16, 0x19, 0xff, 0x1e, 0x16, 0x19, 0xff, 0x1f, 0x16, 0x19, 0xff,
  0x1f, 0x17, 0x1b, 0xff, 0x1f, 0x16, 0x17, 0xff, 0x18, 0x12, 0x12, 0xff, 0x10, 0x0e, 0x0c, 0xff,
  0x1d, 0x14, 0x16, 0xff, 0x1b, 0x12, 0x14, 0xff, 0x0f, 0x00, 0x00, 0xff, 0x45, 0x10, 0x14, 0xff,
  0x2f, 0x23, 0x28, 0xff, 0x07, 0x06, 0x07, 0xff, 0x05, 0x01, 0x00, 0xff, 0x01, 0x01, 0x00, 0xff,
  0x34, 0x27, 0x29, 0xff, 0x18, 0x13, 0x15, 0xff, 0x1c, 0x03, 0x00, 0xff, 0x3e, 0x0a, 0x11, 0xff,
  0x12, 0x00, 0x00, 0xff, 0x18, 0x15, 0x13, 0xff, 0x1e, 0x16, 0x18, 0xff, 0x1d, 0x16, 0x16, 0xff,
  0x1d, 0x16, 0x16, 0xff, 0x00, 0x00, 0x00, 0xff, 0x01, 0x01, 0x01, 0xff, 0x1f, 0x18, 0x18, 0xff,
  0x20, 0x17, 0x1b, 0xff, 0x1f, 0x16, 0x19, 0xff, 0x1f, 0x16, 0x19, 0xff, 0x1e, 0x16, 0x17, 0xff,
  0x2a, 0x16, 0x17, 0xff, 0x32, 0x12, 0x11, 0xff, 0x28, 0x16, 0x17, 0xff, 0x2d, 0x14, 0x13, 0xff,
  0x6e, 0x18, 0x1e, 0xff, 0xc5, 0x29, 0x36, 0xff, 0x23, 0x10, 0x15, 0xff, 0x57, 0x09, 0x0c, 0xff,
  0x79, 0x1b, 0x24, 0xff, 0x1b, 0x13, 0x15, 0xff, 0x1b, 0x12, 0x15, 0xff, 0x1d, 0x14, 0x16, 0xff,
  0x01, 0x01, 0x01, 0xff, 0x93, 0x0c, 0x1f, 0xff, 0x4a, 0x2b, 0x29, 0xff, 0x00, 0x00, 0x00, 0x00,
  0x00, 0x00, 0x00, 0x00, 0x00, 0x00, 0x00, 0x00, 0x00, 0x00, 0x00, 0x00, 0x00, 0x00, 0x00, 0x00,
  0x00, 0x00, 0x00, 0x00, 0x00, 0x00, 0x00, 0x00, 0x00, 0x00, 0x00, 0x00, 0x00, 0x00, 0x00, 0x00,
  0x00, 0x00, 0x00, 0x00, 0x00, 0x00, 0x00, 0x00, 0x00, 0x00, 0x00, 0x00, 0x00, 0x00, 0x00, 0x00,
  0x00, 0x00, 0x00, 0x00, 0x00, 0x00, 0x00, 0x00, 0x00, 0x00, 0x00, 0x00, 0x00, 0x00, 0x00, 0x00,
  0x00, 0x00, 0x00, 0x00, 0x00, 0x00, 0x00, 0x00, 0x00, 0x00, 0x00, 0x00, 0x00, 0x00, 0x00, 0x00,
  0x00, 0x00, 0x00, 0x00, 0x00, 0x00, 0x00, 0x00, 0x00, 0x00, 0x00, 0x00, 0x00, 0x00, 0x00, 0x00,
  0x00, 0x00, 0x00, 0x00, 0x00, 0x00, 0x00, 0x00, 0x00, 0x00, 0x00, 0x00, 0x00, 0x00, 0x00, 0x00,
  0x00, 0x00, 0x00, 0x00, 0x00, 0x00, 0x00, 0x00, 0x00, 0x00, 0x00, 0x00, 0x00, 0x00, 0x00, 0x00,
  0x18, 0x09, 0x05, 0xff, 0x8d, 0x07, 0x17, 0xff, 0x89, 0x0a, 0x16, 0xff, 0x39, 0x0a, 0x0f, 0xff,
  0x1d, 0x16, 0x18, 0xff, 0x1c, 0x16, 0x18, 0xff, 0x1b, 0x12, 0x14, 0xff, 0x1b, 0x14, 0x16, 0xff,
  0x32, 0x12, 0x16, 0xff, 0x23, 0x11, 0x10, 0xff, 0x2d, 0x15, 0x14, 0xff, 0x98, 0x23, 0x28, 0xff,
  0x8a, 0x28, 0x2f, 0xff, 0x2b, 0x0f, 0x0f, 0xff, 0x21, 0x15, 0x16, 0xff, 0x1f, 0x16, 0x18, 0xff,
  0x1f, 0x16, 0x17, 0xff, 0x07, 0x06, 0x05, 0xff, 0x00, 0x00, 0x00, 0xff, 0x03, 0x02, 0x02, 0xff,
  0x1f, 0x19, 0x1b, 0xff, 0x20, 0x18, 0x1c, 0xff, 0x1e, 0x16, 0x17, 0xff, 0x11, 0x0e, 0x0f, 0xff,
  0x19, 0x00, 0x00, 0xff, 0x77, 0x09, 0x13, 0xff, 0x7c, 0x08, 0x14, 0xff, 0x7e, 0x05, 0x14, 0xff,
  0x47, 0x06, 0x0c, 0xff, 0x05, 0x05, 0x01, 0xff, 0x25, 0x1b, 0x1e, 0xff, 0x1f, 0x17, 0x1b, 0xff,
  0x06, 0x00, 0x00, 0xff, 0x58, 0x04, 0x0f, 0xff, 0x1e, 0x16, 0x19, 0xff, 0x39, 0x2d, 0x2f, 0xff,
  0x12, 0x03, 0x05, 0xff, 0x28, 0x06, 0x08, 0xff, 0x1b, 0x15, 0x13, 0xff, 0x1b, 0x14, 0x15, 0xff,
  0x19, 0x13, 0x13, 0xff, 0x1e, 0x16, 0x17, 0xff, 0x00, 0x00, 0x00, 0xff, 0x1c, 0x15, 0x16, 0xff,
  0x1f, 0x16, 0x19, 0xff, 0x1d, 0x15, 0x17, 0xff, 0x1e, 0x16, 0x19, 0xff, 0x1e, 0x15, 0x18, 0xff,
  0x18, 0x0f, 0x0f, 0xff, 0x22, 0x09, 0x0b, 0xff, 0x1e, 0x12, 0x13, 0xff, 0x19, 0x0f, 0x12, 0xff,
  0x84, 0x1b, 0x1f, 0xff, 0x1c, 0x13, 0x14, 0xff, 0x1d, 0x15, 0x17, 0xff, 0x1f, 0x16, 0x19, 0xff,
  0x1e, 0x16, 0x19, 0xff, 0x1d, 0x14, 0x16, 0xff, 0x10, 0x0e, 0x0c, 0xff, 0x20, 0x15, 0x17, 0xff,
  0x2a, 0x07, 0x06, 0xff, 0xc8, 0x15, 0x23, 0xff, 0x1f, 0x16, 0x16, 0xff, 0x3a, 0x2a, 0x29, 0xff,
  0x87, 0x1f, 0x29, 0xff, 0x12, 0x13, 0x13, 0xff, 0x2a, 0x1e, 0x1c, 0xff, 0x11, 0x0a, 0x09, 0xff,
  0x01, 0x00, 0x00, 0xff, 0x1c, 0x15, 0x16, 0xff, 0x13, 0x04, 0x05, 0xff, 0xc6, 0x20, 0x2e, 0xff,
  0xc1, 0x2f, 0x38, 0xff, 0x04, 0x04, 0x03, 0xff, 0x20, 0x14, 0x16, 0xff, 0x02, 0x02, 0x01, 0xff,
  0x1c, 0x14, 0x17, 0xff, 0x12, 0x05, 0x08, 0xff, 0x9c, 0x1e, 0x28, 0xff, 0x42, 0x32, 0x32, 0xff,
  0x44, 0x34, 0x31, 0xff, 0x28, 0x01, 0x01, 0xff, 0x21, 0x00, 0x01, 0xff, 0x13, 0x12, 0x12, 0xff,
  0x1c, 0x15, 0x14, 0xff, 0x18, 0x11, 0x14, 0xff, 0x00, 0x00, 0x00, 0xff, 0x49, 0x07, 0x08, 0xff,
  0xcf, 0x24, 0x2b, 0xff, 0x44, 0x0f, 0x0f, 0xff, 0x1d, 0x0f, 0x11, 0xff, 0x03, 0x00, 0x01, 0xff,
  0x00, 0x00, 0x00, 0xff, 0x44, 0x34, 0x36, 0xff, 0x14, 0x13, 0x15, 0xff, 0x8d, 0x23, 0x2d, 0xff,
  0x2f, 0x20, 0x1e, 0xff, 0x03, 0x03, 0x02, 0xff, 0xbc, 0x19, 0x28, 0xff, 0x68, 0x06, 0x0c, 0xff,
  0x1e, 0x16, 0x16, 0xff, 0x1f, 0x17, 0x19, 0xff, 0x1c, 0x14, 0x16, 0xff, 0x1d, 0x16, 0x16, 0xff,
  0x1f, 0x16, 0x19, 0xff, 0x1f, 0x16, 0x18, 0xff, 0x1d, 0x14, 0x15, 0xff, 0x43, 0x09, 0x09, 0xff,
  0x25, 0x01, 0x07, 0xff, 0x1e, 0x13, 0x17, 0xff, 0x21, 0x15, 0x18, 0xff, 0x2d, 0x02, 0x06, 0xff,
  0x1d, 0x15, 0x18, 0xff, 0x1d, 0x16, 0x18, 0xff, 0x1e, 0x16, 0x19, 0xff, 0x1f, 0x16, 0x19, 0xff,
  0x1d, 0x16, 0x16, 0xff, 0x01, 0x01, 0x01, 0xff, 0x19, 0x12, 0x12, 0xff, 0x1e, 0x15, 0x16, 0xff,
  0x1c, 0x14, 0x15, 0xff, 0x1b, 0x12, 0x14, 0xff, 0x14, 0x00, 0x00, 0xff, 0x0a, 0x01, 0x03, 0xff,
  0x35, 0x2b, 0x2f, 0xff, 0x19, 0x14, 0x15, 0xff, 0x49, 0x06, 0x0f, 0xff, 0x1b, 0x00, 0x01, 0xff,
  0x1e, 0x16, 0x17, 0xff, 0x20, 0x1c, 0x1e, 0xff, 0x21, 0x02, 0x03, 0xff, 0x4e, 0x06, 0x0c, 0xff,
  0x7b, 0x08, 0x14, 0xff, 0x7b, 0x09, 0x13, 0xff, 0x74, 0x0b, 0x18, 0xff, 0x3b, 0x0a, 0x10, 0xff,
  0x06, 0x06, 0x05, 0xff, 0x1d, 0x16, 0x17, 0xff, 0x1d, 0x16, 0x16, 0xff, 0x1f, 0x17, 0x16, 0xff,
  0x07, 0x06, 0x05, 0xff, 0x00, 0x00, 0x00, 0xff, 0x1b, 0x12, 0x14, 0xff, 0x1c, 0x14, 0x16, 0xff,
  0x1d, 0x13, 0x13, 0xff, 0x20, 0x12, 0x11, 0xff, 0x4f, 0x12, 0x16, 0xff, 0x32, 0x13, 0x11, 0xff,
  0x2a, 0x14, 0x14, 0xff, 0xb3, 0x2c, 0x35, 0xff, 0x4f, 0x17, 0x1c, 0xff, 0xc6, 0x16, 0x29, 0xff,
  0x1b, 0x12, 0x14, 0xff, 0x1c, 0x13, 0x15, 0xff, 0x1c, 0x14, 0x16, 0xff, 0x1e, 0x15, 0x15, 0xff,
  0x6f, 0x0f, 0x1b, 0xff, 0x8a, 0x08, 0x16, 0xff, 0x8e, 0x0a, 0x18, 0xff, 0x13, 0x0c, 0x08, 0xff,
  0x00, 0x00, 0x00, 0x00, 0x00, 0x00, 0x00, 0x00, 0x00, 0x00, 0x00, 0x00, 0x00, 0x00, 0x00, 0x00,
  0x00, 0x00, 0x00, 0x00, 0x00, 0x00, 0x00, 0x00, 0x00, 0x00, 0x00, 0x00, 0x00, 0x00, 0x00, 0x00,
  0x00, 0x00, 0x00, 0x00, 0x00, 0x00, 0x00, 0x00, 0x00, 0x00, 0x00, 0x00, 0x00, 0x00, 0x00, 0x00,
  0x00, 0x00, 0x00, 0x00, 0x00, 0x00, 0x00, 0x00, 0x00, 0x00, 0x00, 0x00, 0x00, 0x00, 0x00, 0x00,
  0x00, 0x00, 0x00, 0x00, 0x00, 0x00, 0x00, 0x00, 0x00, 0x00, 0x00, 0x00, 0x00, 0x00, 0x00, 0x00,
  0x00, 0x00, 0x00, 0x00, 0x00, 0x00, 0x00, 0x00, 0x00, 0x00, 0x00, 0x00, 0x00, 0x00, 0x00, 0x00,
  0x00, 0x00, 0x00, 0x00, 0x00, 0x00, 0x00, 0x00, 0x00, 0x00, 0x00, 0x00, 0x00, 0x00, 0x00, 0x00,
  0x00, 0x00, 0x00, 0x00, 0x00, 0x00, 0x00, 0x00, 0x00, 0x00, 0x00, 0x00, 0x35, 0x28, 0x27, 0xff,
  0x86, 0x07, 0x17, 0xff, 0x8a, 0x07, 0x16, 0xff, 0x8e, 0x07, 0x17, 0xff, 0x47, 0x04, 0x08, 0xff,
  0x1e, 0x16, 0x19, 0xff, 0x1e, 0x16, 0x19, 0xff, 0x1d, 0x15, 0x18, 0xff, 0x1b, 0x14, 0x15, 0xff,
  0x1d, 0x13, 0x15, 0xff, 0xa4, 0x35, 0x38, 0xff, 0x1e, 0x12, 0x16, 0xff, 0x1e, 0x13, 0x14, 0xff,
  0x1c, 0x13, 0x15, 0xff, 0x1d, 0x14, 0x14, 0xff, 0x1c, 0x15, 0x16, 0xff, 0x00, 0x00, 0x00, 0xff,
  0x1f, 0x17, 0x16, 0xff, 0x1f, 0x18, 0x19, 0xff, 0x1e, 0x16, 0x17, 0xff, 0x1f, 0x17, 0x19, 0xff,
  0x03, 0x03, 0x03, 0xff, 0x52, 0x11, 0x19, 0xff, 0x6b, 0x0c, 0x14, 0xff, 0x78, 0x06, 0x15, 0xff,
  0x77, 0x07, 0x13, 0xff, 0x76, 0x07, 0x12, 0xff, 0x78, 0x05, 0x12, 0xff, 0x76, 0x08, 0x14, 0xff,
  0x58, 0x0a, 0x12, 0xff, 0x74, 0x14, 0x1d, 0xff, 0x2a, 0x1c, 0x1f, 0xff, 0x1f, 0x19, 0x1c, 0xff,
  0x3a, 0x00, 0x05, 0xff, 0x89, 0x05, 0x16, 0xff, 0x02, 0x02, 0x01, 0xff, 0x34, 0x2a, 0x2d, 0xff,
  0x24, 0x01, 0x04, 0xff, 0x22, 0x02, 0x05, 0xff, 0x27, 0x0e, 0x0b, 0xff, 0x1b, 0x12, 0x15, 0xff,
  0x1e, 0x14, 0x16, 0xff, 0x14, 0x0b, 0x0c, 0xff, 0x19, 0x12, 0x13, 0xff, 0x17, 0x12, 0x11, 0xff,
  0x01, 0x01, 0x01, 0xff, 0x1e, 0x16, 0x18, 0xff, 0x1e, 0x16, 0x19, 0xff, 0x1f, 0x17, 0x1b, 0xff,
  0x1c, 0x0f, 0x0f, 0xff, 0x22, 0x0e, 0x0f, 0xff, 0x1e, 0x16, 0x17, 0xff, 0x19, 0x11, 0x11, 0xff,
  0x14, 0x00, 0x00, 0xff, 0x89, 0x28, 0x2e, 0xff, 0x1d, 0x15, 0x16, 0xff, 0x1e, 0x16, 0x17, 0xff,
  0x1f, 0x16, 0x19, 0xff, 0x1d, 0x15, 0x16, 0xff, 0x1f, 0x17, 0x18, 0xff, 0x20, 0x17, 0x19, 0xff,
  0x1d, 0x14, 0x14, 0xff, 0xc3, 0x16, 0x22, 0xff, 0x00, 0x00, 0x00, 0xff, 0x12, 0x09, 0x0a, 0xff,
  0x27, 0x06, 0x05, 0xff, 0x19, 0x14, 0x15, 0xff, 0x44, 0x32, 0x37, 0xff, 0x4c, 0x38, 0x3c, 0xff,
  0x07, 0x04, 0x06, 0xff, 0x0a, 0x06, 0x07, 0xff, 0x13, 0x07, 0x0c, 0xff, 0x11, 0x05, 0x08, 0xff,
  0x1f, 0x0a, 0x09, 0xff, 0x02, 0x00, 0x01, 0xff, 0x18, 0x11, 0x14, 0xff, 0x03, 0x03, 0x01, 0xff,
  0x34, 0x09, 0x09, 0xff, 0x0a, 0x03, 0x01, 0xff, 0x6f, 0x11, 0x1b, 0xff, 0x44, 0x32, 0x32, 0xff,
  0x42, 0x31, 0x30, 0xff, 0x0e, 0x00, 0x01, 0xff, 0x15, 0x05, 0x03, 0xff, 0x18, 0x00, 0x00, 0xff,
  0x39, 0x15, 0x15, 0xff, 0x17, 0x12, 0x11, 0xff, 0x22, 0x12, 0x16, 0xff, 0x49, 0x12, 0x16, 0xff,
  0x0b, 0x07, 0x05, 0xff, 0x13, 0x0a, 0x08, 0xff, 0x02, 0x02, 0x01, 0xff, 0x25, 0x1c, 0x1c, 0xff,
  0x4c, 0x3a, 0x3d, 0xff, 0x44, 0x34, 0x37, 0xff, 0x0f, 0x0c, 0x0e, 0xff, 0x53, 0x12, 0x19, 0xff,
  0x01, 0x00, 0x00, 0xff, 0x06, 0x06, 0x06, 0xff, 0xc0, 0x18, 0x20, 0xff, 0x14, 0x04, 0x05, 0xff,
  0x1e, 0x16, 0x17, 0xff, 0x1f, 0x17, 0x18, 0xff, 0x03, 0x03, 0x02, 0xff, 0x1f, 0x16, 0x17, 0xff,
  0x1f, 0x17, 0x18, 0xff, 0x1f, 0x14, 0x16, 0xff, 0x57, 0x0c, 0x16, 0xff, 0x18, 0x13, 0x15, 0xff,
  0x28, 0x06, 0x07, 0xff, 0x1f, 0x13, 0x16, 0xff, 0x1e, 0x14, 0x14, 0xff, 0x2c, 0x01, 0x05, 0xff,
  0x1e, 0x16, 0x17, 0xff, 0x1f, 0x16, 0x19, 0xff, 0x1e, 0x16, 0x17, 0xff, 0x00, 0x00, 0x00, 0xff,
  0x0e, 0x0a, 0x09, 0xff, 0x19, 0x12, 0x15, 0xff, 0x13, 0x0c, 0x0e, 0xff, 0x1c, 0x13, 0x15, 0xff,
  0x1b, 0x12, 0x12, 0xff, 0x18, 0x12, 0x13, 0xff, 0x09, 0x00, 0x00, 0xff, 0x3e, 0x01, 0x07, 0xff,
  0x38, 0x2b, 0x2f, 0xff, 0x00, 0x00, 0x00, 0xff, 0x8f, 0x04, 0x17, 0xff, 0x61, 0x07, 0x11, 0xff,
  0x0e, 0x0a, 0x0b, 0xff, 0x2c, 0x22, 0x25, 0xff, 0x7c, 0x13, 0x1c, 0xff, 0x6c, 0x0c, 0x12, 0xff,
  0x79, 0x07, 0x13, 0xff, 0x79, 0x06, 0x12, 0xff, 0x7b, 0x07, 0x13, 0xff, 0x78, 0x07, 0x14, 0xff,
  0x7a, 0x07, 0x13, 0xff, 0x7b, 0x07, 0x15, 0xff, 0x1c, 0x00, 0x00, 0xff, 0x0e, 0x0a, 0x08, 0xff,
  0x1f, 0x17, 0x18, 0xff, 0x1f, 0x17, 0x17, 0xff, 0x1e, 0x16, 0x16, 0xff, 0x08, 0x06, 0x06, 0xff,
  0x03, 0x02, 0x02, 0xff, 0x18, 0x10, 0x12, 0xff, 0x24, 0x16, 0x18, 0xff, 0x24, 0x16, 0x19, 0xff,
  0x20, 0x15, 0x15, 0xff, 0x1f, 0x18, 0x1b, 0xff, 0x21, 0x15, 0x16, 0xff, 0x6f, 0x18, 0x1e, 0xff,
  0x1e, 0x13, 0x16, 0xff, 0x1c, 0x14, 0x16, 0xff, 0x1d, 0x14, 0x16, 0xff, 0x1f, 0x16, 0x17, 0xff,
  0x7e, 0x0a, 0x16, 0xff, 0x8d, 0x07, 0x17, 0xff, 0x8d, 0x08, 0x17, 0xff, 0x87, 0x0c, 0x19, 0xff,
  0xb9, 0x8d, 0x89, 0xff, 0x00, 0x00, 0x00, 0x00, 0x00, 0x00, 0x00, 0x00, 0x00, 0x00, 0x00, 0x00,
  0x00, 0x00, 0x00, 0x00, 0x00, 0x00, 0x00, 0x00, 0x00, 0x00, 0x00, 0x00, 0x00, 0x00, 0x00, 0x00,
  0x00, 0x00, 0x00, 0x00, 0x00, 0x00, 0x00, 0x00, 0x00, 0x00, 0x00, 0x00, 0x00, 0x00, 0x00, 0x00,
  0x00, 0x00, 0x00, 0x00, 0x00, 0x00, 0x00, 0x00, 0x00, 0x00, 0x00, 0x00, 0x00, 0x00, 0x00, 0x00,
  0x00, 0x00, 0x00, 0x00, 0x00, 0x00, 0x00, 0x00, 0x00, 0x00, 0x00, 0x00, 0x00, 0x00, 0x00, 0x00,
  0x00, 0x00, 0x00, 0x00, 0x00, 0x00, 0x00, 0x00, 0x00, 0x00, 0x00, 0x00, 0x00, 0x00, 0x00, 0x00,
  0x00, 0x00, 0x00, 0x00, 0x00, 0x00, 0x00, 0x00, 0x00, 0x00, 0x00, 0x00, 0x00, 0x00, 0x00, 0x00,
  0x00, 0x00, 0x00, 0x00, 0x00, 0x00, 0x00, 0x00, 0x00, 0x00, 0x00, 0x00, 0x04, 0x02, 0x00, 0xff,
  0x87, 0x07, 0x16, 0xff, 0x84, 0x0e, 0x1e, 0xff, 0x14, 0x00, 0x00, 0xff, 0x56, 0x0f, 0x16, 0xff,
  0x1e, 0x16, 0x19, 0xff, 0x1d, 0x15, 0x18, 0xff, 0x1c, 0x14, 0x17, 0xff, 0x1e, 0x16, 0x19, 0xff,
  0x1e, 0x15, 0x18, 0xff, 0x1d, 0x14, 0x16, 0xff, 0x1f, 0x16, 0x18, 0xff, 0x07, 0x04, 0x05, 0xff,
  0x05, 0x04, 0x05, 0xff, 0x0a, 0x08, 0x09, 0xff, 0x20, 0x17, 0x1b, 0xff, 0x1e, 0x16, 0x19, 0xff,
  0x1e, 0x16, 0x17, 0xff, 0x0f, 0x06, 0x05, 0xff, 0x28, 0x01, 0x01, 0xff, 0x7d, 0x07, 0x14, 0xff,
  0x7a, 0x07, 0x13, 0xff, 0x79, 0x07, 0x13, 0xff, 0x7b, 0x07, 0x13, 0xff, 0x7b, 0x05, 0x12, 0xff,
  0x76, 0x07, 0x11, 0xff, 0x7b, 0x05, 0x12, 0xff, 0x79, 0x03, 0x10, 0xff, 0xb5, 0x1c, 0x2a, 0xff,
  0x4e, 0x0f, 0x0f, 0xff, 0x06, 0x00, 0x00, 0xff, 0x18, 0x11, 0x13, 0xff, 0x27, 0x1d, 0x20, 0xff,
  0x5e, 0x02, 0x0b, 0xff, 0xbc, 0x2f, 0x39, 0xff, 0x02, 0x02, 0x01, 0xff, 0x37, 0x2b, 0x2d, 0xff,
  0x03, 0x01, 0x00, 0xff, 0x03, 0x02, 0x01, 0xff, 0xa8, 0x1b, 0x21, 0xff, 0x4e, 0x08, 0x0b, 0xff,
  0x1c, 0x12, 0x15, 0xff, 0x39, 0x00, 0x03, 0xff, 0x8a, 0x0f, 0x1e, 0xff, 0x1b, 0x10, 0x13, 0xff,
  0x18, 0x12, 0x12, 0xff, 0x00, 0x00, 0x00, 0xff, 0x1f, 0x16, 0x17, 0xff, 0x1f, 0x16, 0x17, 0xff,
  0x18, 0x0e, 0x0e, 0xff, 0x21, 0x0c, 0x0c, 0xff, 0x1e, 0x16, 0x17, 0xff, 0x1c, 0x0f, 0x0f, 0xff,
  0x20, 0x00, 0x02, 0xff, 0x1e, 0x15, 0x16, 0xff, 0xa6, 0x38, 0x3c, 0xff, 0x1f, 0x16, 0x17, 0xff,
  0x1f, 0x17, 0x18, 0xff, 0x1e, 0x16, 0x17, 0xff, 0x1f, 0x17, 0x18, 0xff, 0x1f, 0x16, 0x19, 0xff,
  0x1d, 0x14, 0x17, 0xff, 0xa9, 0x19, 0x2d, 0xff, 0x32, 0x22, 0x23, 0xff, 0x04, 0x02, 0x01, 0xff,
  0x2b, 0x20, 0x22, 0xff, 0x34, 0x29, 0x2c, 0xff, 0x46, 0x36, 0x3a, 0xff, 0x10, 0x0e, 0x0c, 0xff,
  0x21, 0x19, 0x1d, 0xff, 0x00, 0x01, 0x01, 0xff, 0xbf, 0x21, 0x30, 0xff, 0xde, 0x1c, 0x28, 0xff,
  0xcb, 0x1b, 0x28, 0xff, 0x1b, 0x14, 0x15, 0xff, 0x0e, 0x0a, 0x0b, 0xff, 0x14, 0x10, 0x10, 0xff,
  0x3b, 0x2c, 0x2d, 0xff, 0x10, 0x0a, 0x0e, 0xff, 0x07, 0x02, 0x03, 0xff, 0x42, 0x31, 0x30, 0xff,
  0x44, 0x32, 0x31, 0xff, 0x48, 0x35, 0x34, 0xff, 0x3c, 0x09, 0x0f, 0xff, 0x3a, 0x2b, 0x2e, 0xff,
  0x13, 0x0f, 0x11, 0xff, 0x00, 0x00, 0x00, 0xff, 0x1b, 0x14, 0x16, 0xff, 0x62, 0x12, 0x13, 0xff,
  0xdd, 0x27, 0x36, 0xff, 0xcd, 0x2b, 0x38, 0xff, 0x0b, 0x06, 0x03, 0xff, 0x1f, 0x15, 0x15, 0xff,
  0x10, 0x0f, 0x0f, 0xff, 0x45, 0x36, 0x39, 0xff, 0x37, 0x2b, 0x2f, 0xff, 0x27, 0x20, 0x23, 0xff,
  0x02, 0x01, 0x02, 0xff, 0x52, 0x2f, 0x2f, 0xff, 0xb8, 0x23, 0x35, 0xff, 0x1e, 0x14, 0x16, 0xff,
  0x1e, 0x16, 0x17, 0xff, 0x1f, 0x16, 0x19, 0xff, 0x01, 0x01, 0x01, 0xff, 0x1f, 0x16, 0x18, 0xff,
  0x1e, 0x15, 0x18, 0xff, 0x6c, 0x1f, 0x1f, 0xff, 0x18, 0x13, 0x13, 0xff, 0x1c, 0x12, 0x13, 0xff,
  0x2a, 0x06, 0x05, 0xff, 0x1d, 0x14, 0x16, 0xff, 0x1f, 0x13, 0x16, 0xff, 0x2d, 0x02, 0x02, 0xff,
  0x1f, 0x16, 0x19, 0xff, 0x1e, 0x16, 0x17, 0xff, 0x00, 0x00, 0x00, 0xff, 0x1b, 0x12, 0x15, 0xff,
  0x19, 0x11, 0x15, 0xff, 0x4b, 0x06, 0x08, 0xff, 0x70, 0x11, 0x1c, 0xff, 0x1e, 0x13, 0x14, 0xff,
  0x2b, 0x08, 0x0c, 0xff, 0xb4, 0x1f, 0x29, 0xff, 0x05, 0x02, 0x01, 0xff, 0x03, 0x01, 0x00, 0xff,
  0x3a, 0x2f, 0x32, 0xff, 0x04, 0x02, 0x04, 0xff, 0xab, 0x20, 0x30, 0xff, 0x78, 0x01, 0x0f, 0xff,
  0x0a, 0x06, 0x08, 0xff, 0x29, 0x1f, 0x21, 0xff, 0x02, 0x02, 0x01, 0xff, 0x68, 0x0b, 0x13, 0xff,
  0xb6, 0x20, 0x2c, 0xff, 0x7c, 0x08, 0x12, 0xff, 0x77, 0x07, 0x12, 0xff, 0x7c, 0x06, 0x13, 0xff,
  0x79, 0x05, 0x12, 0xff, 0x7b, 0x06, 0x13, 0xff, 0x7b, 0x07, 0x13, 0xff, 0x7d, 0x09, 0x15, 0xff,
  0x81, 0x07, 0x13, 0xff, 0x3c, 0x06, 0x0c, 0xff, 0x04, 0x02, 0x01, 0xff, 0x1e, 0x16, 0x17, 0xff,
  0x1f, 0x18, 0x16, 0xff, 0x1f, 0x16, 0x16, 0xff, 0x1d, 0x16, 0x15, 0xff, 0x00, 0x00, 0x00, 0xff,
  0x11, 0x0c, 0x0c, 0xff, 0x1f, 0x16, 0x17, 0xff, 0x1d, 0x14, 0x16, 0xff, 0x1d, 0x13, 0x15, 0xff,
  0x1c, 0x15, 0x16, 0xff, 0x1e, 0x16, 0x19, 0xff, 0x1e, 0x16, 0x17, 0xff, 0x1f, 0x16, 0x19, 0xff,
  0x75, 0x0a, 0x16, 0xff, 0x19, 0x00, 0x00, 0xff, 0x86, 0x0b, 0x17, 0xff, 0x8a, 0x0a, 0x17, 0xff,
  0x67, 0x48, 0x45, 0xff, 0x00, 0x00, 0x00, 0x00, 0x00, 0x00, 0x00, 0x00, 0x00, 0x00, 0x00, 0x00,
  0x00, 0x00, 0x00, 0x00, 0x00, 0x00, 0x00, 0x00, 0x00, 0x00, 0x00, 0x00, 0x00, 0x00, 0x00, 0x00,
  0x00, 0x00, 0x00, 0x00, 0x00, 0x00, 0x00, 0x00, 0x00, 0x00, 0x00, 0x00, 0x00, 0x00, 0x00, 0x00,
  0x00, 0x00, 0x00, 0x00, 0x00, 0x00, 0x00, 0x00, 0x00, 0x00, 0x00, 0x00, 0x00, 0x00, 0x00, 0x00,
  0x00, 0x00, 0x00, 0x00, 0x00, 0x00, 0x00, 0x00, 0x00, 0x00, 0x00, 0x00, 0x00, 0x00, 0x00, 0x00,
  0x00, 0x00, 0x00, 0x00, 0x00, 0x00, 0x00, 0x00, 0x00, 0x00, 0x00, 0x00, 0x00, 0x00, 0x00, 0x00,
  0x00, 0x00, 0x00, 0x00, 0x00, 0x00, 0x00, 0x00, 0x00, 0x00, 0x00, 0x00, 0x00, 0x00, 0x00, 0x00,
  0x00, 0x00, 0x00, 0x00, 0x00, 0x00, 0x00, 0x00, 0x00, 0x00, 0x00, 0x00, 0x11, 0x03, 0x04, 0xff,
  0x4e, 0x0f, 0x11, 0xff, 0x89, 0x12, 0x16, 0xff, 0x8d, 0x16, 0x22, 0xff, 0x17, 0x02, 0x03, 0xff,
  0x1f, 0x16, 0x19, 0xff, 0x1e, 0x16, 0x19, 0xff, 0x1f, 0x16, 0x19, 0xff, 0x1e, 0x16, 0x19, 0xff,
  0x00, 0x00, 0x00, 0xff, 0x00, 0x00, 0x00, 0xff, 0x1f, 0x18, 0x18, 0xff, 0x1b, 0x17, 0x18, 0xff,
  0x1c, 0x16, 0x17, 0xff, 0x1c, 0x16, 0x16, 0xff, 0x05, 0x02, 0x01, 0xff, 0x5c, 0x0f, 0x16, 0xff,
  0x74, 0x07, 0x13, 0xff, 0x7e, 0x07, 0x14, 0xff, 0x81, 0x07, 0x15, 0xff, 0x80, 0x07, 0x15, 0xff,
  0x7e, 0x06, 0x14, 0xff, 0x79, 0x07, 0x12, 0xff, 0x79, 0x06, 0x12, 0xff, 0x95, 0x0f, 0x17, 0xff,
  0xb6, 0x19, 0x22, 0xff, 0x5b, 0x0b, 0x0f, 0xff, 0x07, 0x02, 0x01, 0xff, 0x00, 0x00, 0x00, 0x00,
  0x00, 0x00, 0x00, 0x00, 0x0f, 0x08, 0x07, 0xff, 0x05, 0x01, 0x03, 0xff, 0x27, 0x1f, 0x1f, 0xff,
  0x10, 0x06, 0x0a, 0xff, 0x45, 0x32, 0x39, 0xff, 0x00, 0x00, 0x00, 0xff, 0x02, 0x02, 0x02, 0xff,
  0x21, 0x12, 0x13, 0xff, 0x02, 0x01, 0x01, 0xff, 0x00, 0x00, 0x00, 0x00, 0x0e, 0x03, 0x02, 0xff,
  0x81, 0x2a, 0x2d, 0xff, 0x3e, 0x06, 0x07, 0xff, 0x9c, 0x08, 0x17, 0xff, 0x98, 0x0b, 0x17, 0xff,
  0x19, 0x0c, 0x0c, 0xff, 0x15, 0x10, 0x12, 0xff, 0x1f, 0x16, 0x16, 0xff, 0x04, 0x02, 0x02, 0xff,
  0x1d, 0x0f, 0x10, 0xff, 0x20, 0x06, 0x09, 0xff, 0x19, 0x15, 0x15, 0xff, 0x1c, 0x0c, 0x10, 0xff,
  0x27, 0x01, 0x01, 0xff, 0x1f, 0x16, 0x19, 0xff, 0x1f, 0x13, 0x16, 0xff, 0xa2, 0x39, 0x3e, 0xff,
  0x17, 0x13, 0x15, 0xff, 0x1c, 0x15, 0x16, 0xff, 0x1c, 0x14, 0x17, 0xff, 0x1f, 0x16, 0x19, 0xff,
  0x1f, 0x16, 0x19, 0xff, 0x02, 0x01, 0x01, 0xff, 0x1e, 0x18, 0x16, 0xff, 0x2f, 0x25, 0x28, 0xff,
  0x35, 0x29, 0x2d, 0xff, 0x37, 0x2b, 0x2f, 0xff, 0x48, 0x37, 0x3a, 0xff, 0x00, 0x00, 0x00, 0xff,
  0x23, 0x1c, 0x1f, 0xff, 0x01, 0x01, 0x01, 0xff, 0x0f, 0x02, 0x05, 0xff, 0x0e, 0x06, 0x03, 0xff,
  0x04, 0x03, 0x00, 0xff, 0x1c, 0x14, 0x16, 0xff, 0x03, 0x02, 0x03, 0xff, 0x13, 0x0f, 0x12, 0xff,
  0x3b, 0x2c, 0x2d, 0xff, 0x2b, 0x01, 0x05, 0xff, 0x07, 0x04, 0x03, 0xff, 0x45, 0x34, 0x34, 0xff,
  0x46, 0x35, 0x34, 0xff, 0x46, 0x32, 0x32, 0xff, 0x4e, 0x09, 0x0c, 0xff, 0x37, 0x29, 0x2d, 0xff,
  0x10, 0x0e, 0x0c, 0xff, 0x11, 0x0f, 0x0e, 0xff, 0x1b, 0x14, 0x15, 0xff, 0x06, 0x06, 0x05, 0xff,
  0x1f, 0x0b, 0x0e, 0xff, 0x12, 0x03, 0x05, 0xff, 0x0a, 0x02, 0x04, 0xff, 0x1f, 0x14, 0x18, 0xff,
  0x03, 0x02, 0x03, 0xff, 0x45, 0x36, 0x38, 0xff, 0x40, 0x34, 0x38, 0xff, 0x2f, 0x24, 0x29, 0xff,
  0x34, 0x27, 0x2a, 0xff, 0x07, 0x03, 0x04, 0xff, 0x03, 0x02, 0x03, 0xff, 0x1c, 0x14, 0x17, 0xff,
  0x1e, 0x17, 0x19, 0xff, 0x1f, 0x16, 0x19, 0xff, 0x00, 0x00, 0x00, 0xff, 0x20, 0x16, 0x16, 0xff,
  0x6a, 0x1c, 0x1f, 0xff, 0x15, 0x12, 0x13, 0xff, 0x1e, 0x13, 0x16, 0xff, 0x1f, 0x15, 0x17, 0xff,
  0x2b, 0x03, 0x03, 0xff, 0x1b, 0x13, 0x13, 0xff, 0x19, 0x13, 0x13, 0xff, 0x24, 0x02, 0x00, 0xff,
  0x05, 0x04, 0x04, 0xff, 0x17, 0x12, 0x13, 0xff, 0x1d, 0x12, 0x14, 0xff, 0x14, 0x0f, 0x0e, 0xff,
  0x9c, 0x0f, 0x1d, 0xff, 0x9a, 0x0a, 0x17, 0xff, 0x7c, 0x15, 0x1e, 0xff, 0x7a, 0x1b, 0x1f, 0xff,
  0x30, 0x07, 0x09, 0xff, 0x00, 0x00, 0x00, 0x00, 0x03, 0x00, 0x00, 0xff, 0x09, 0x02, 0x04, 0xff,
  0x02, 0x02, 0x02, 0xff, 0x00, 0x01, 0x01, 0xff, 0x48, 0x35, 0x35, 0xff, 0x34, 0x19, 0x1b, 0xff,
  0x06, 0x05, 0x05, 0xff, 0x00, 0x00, 0x00, 0xff, 0x10, 0x09, 0x09, 0xff, 0x01, 0x00, 0x00, 0xff,
  0xc1, 0x92, 0x8d, 0xff, 0x09, 0x01, 0x02, 0xff, 0x19, 0x00, 0x00, 0xff, 0xc4, 0x29, 0x35, 0xff,
  0x7c, 0x0a, 0x10, 0xff, 0x7a, 0x07, 0x13, 0xff, 0x7b, 0x07, 0x13, 0xff, 0x7a, 0x07, 0x13, 0xff,
  0x7a, 0x07, 0x13, 0xff, 0x79, 0x07, 0x12, 0xff, 0x78, 0x06, 0x11, 0xff, 0x7d, 0x06, 0x13, 0xff,
  0x49, 0x0a, 0x12, 0xff, 0x03, 0x00, 0x00, 0xff, 0x0f, 0x0c, 0x0f, 0xff, 0x1f, 0x16, 0x18, 0xff,
  0x1d, 0x16, 0x17, 0xff, 0x1e, 0x16, 0x16, 0xff, 0x00, 0x00, 0x00, 0xff, 0x13, 0x0f, 0x0f, 0xff,
  0x1b, 0x14, 0x15, 0xff, 0x1c, 0x14, 0x17, 0xff, 0x1f, 0x16, 0x19, 0xff, 0x1f, 0x17, 0x19, 0xff,
  0x15, 0x01, 0x01, 0xff, 0x9b, 0x10, 0x1f, 0xff, 0xa2, 0x15, 0x25, 0xff, 0x1f, 0x05, 0x02, 0xff,
  0x07, 0x02, 0x02, 0xff, 0x00, 0x00, 0x00, 0x00, 0x00, 0x00, 0x00, 0x00, 0x00, 0x00, 0x00, 0x00,
  0x00, 0x00, 0x00, 0x00, 0x00, 0x00, 0x00, 0x00, 0x00, 0x00, 0x00, 0x00, 0x00, 0x00, 0x00, 0x00,
  0x00, 0x00, 0x00, 0x00, 0x00, 0x00, 0x00, 0x00, 0x00, 0x00, 0x00, 0x00, 0x00, 0x00, 0x00, 0x00,
  0x00, 0x00, 0x00, 0x00, 0x00, 0x00, 0x00, 0x00, 0x00, 0x00, 0x00, 0x00, 0x00, 0x00, 0x00, 0x00,
  0x00, 0x00, 0x00, 0x00, 0x00, 0x00, 0x00, 0x00, 0x00, 0x00, 0x00, 0x00, 0x00, 0x00, 0x00, 0x00,
  0x00, 0x00, 0x00, 0x00, 0x00, 0x00, 0x00, 0x00, 0x00, 0x00, 0x00, 0x00, 0x00, 0x00, 0x00, 0x00,
  0x00, 0x00, 0x00, 0x00, 0x00, 0x00, 0x00, 0x00, 0x00, 0x00, 0x00, 0x00, 0x00, 0x00, 0x00, 0x00,
  0x00, 0x00, 0x00, 0x00, 0x00, 0x00, 0x00, 0x00, 0x00, 0x00, 0x00, 0x00, 0x7c, 0x13, 0x1d, 0xff,
  0x56, 0x06, 0x0c, 0xff, 0x11, 0x02, 0x00, 0xff, 0x96, 0x1b, 0x24, 0xff, 0x56, 0x0f, 0x15, 0xff,
  0x1f, 0x16, 0x19, 0xff, 0x1c, 0x15, 0x16, 0xff, 0x00, 0x00, 0x00, 0xff, 0x1f, 0x18, 0x18, 0xff,
  0x1f, 0x18, 0x19, 0xff, 0x1f, 0x17, 0x18, 0xff, 0x19, 0x12, 0x13, 0xff, 0x0e, 0x01, 0x00, 0xff,
  0x36, 0x04, 0x05, 0xff, 0x7e, 0x0a, 0x14, 0xff, 0x78, 0x0a, 0x16, 0xff, 0x78, 0x07, 0x13, 0xff,
  0x7e, 0x05, 0x13, 0xff, 0x80, 0x06, 0x14, 0xff, 0x81, 0x03, 0x13, 0xff, 0x7b, 0x07, 0x13, 0xff,
  0xb7, 0x22, 0x2c, 0xff, 0xca, 0x2f, 0x3c, 0xff, 0x0f, 0x00, 0x00, 0xff, 0x01, 0x00, 0x01, 0xff,
  0x32, 0x10, 0x13, 0xff, 0x15, 0x14, 0x15, 0xff, 0x0c, 0x07, 0x09, 0xff, 0x00, 0x00, 0x00, 0x00,
  0x00, 0x00, 0x00, 0x00, 0x0e, 0x07, 0x08, 0xff, 0x07, 0x02, 0x01, 0xff, 0x00, 0x00, 0x00, 0xff,
  0x1f, 0x0f, 0x13, 0xff, 0x3e, 0x2c, 0x2f, 0xff, 0x00, 0x00, 0x00, 0xff, 0x13, 0x0f, 0x11, 0xff,
  0x25, 0x15, 0x16, 0xff, 0x06, 0x03, 0x04, 0xff, 0x00, 0x00, 0x00, 0x00, 0x0f, 0x01, 0x01, 0xff,
  0x13, 0x02, 0x02, 0xff, 0x47, 0x07, 0x0b, 0xff, 0x97, 0x05, 0x16, 0xff, 0x87, 0x12, 0x1c, 0xff,
  0x88, 0x10, 0x19, 0xff, 0x2e, 0x09, 0x09, 0xff, 0x19, 0x12, 0x12, 0xff, 0x1c, 0x14, 0x16, 0xff,
  0x01, 0x01, 0x01, 0xff, 0x5a, 0x16, 0x18, 0xff, 0x34, 0x11, 0x10, 0xff, 0x1e, 0x0e, 0x10, 0xff,
  0x24, 0x01, 0x01, 0xff, 0x1d, 0x16, 0x18, 0xff, 0x1d, 0x16, 0x18, 0xff, 0x21, 0x15, 0x19, 0xff,
  0x9c, 0x37, 0x3e, 0xff, 0x1e, 0x16, 0x17, 0xff, 0x20, 0x18, 0x1c, 0xff, 0x1d, 0x16, 0x19, 0xff,
  0x18, 0x10, 0x0f, 0xff, 0x00, 0x00, 0x00, 0xff, 0x00, 0x00, 0x00, 0xff, 0x02, 0x00, 0x01, 0xff,
  0x11, 0x0b, 0x0c, 0xff, 0x0a, 0x07, 0x08, 0xff, 0x37, 0x2a, 0x2d, 0xff, 0x1f, 0x17, 0x18, 0xff,
  0x1e, 0x16, 0x19, 0xff, 0x41, 0x06, 0x08, 0xff, 0x9a, 0x0c, 0x11, 0xff, 0x5f, 0x06, 0x0f, 0xff,
  0x1b, 0x0f, 0x12, 0xff, 0x1b, 0x13, 0x16, 0xff, 0x11, 0x0f, 0x0f, 0xff, 0x11, 0x0f, 0x10, 0xff,
  0x36, 0x28, 0x29, 0xff, 0x52, 0x0b, 0x0c, 0xff, 0x0c, 0x08, 0x09, 0xff, 0x47, 0x32, 0x35, 0xff,
  0x45, 0x32, 0x31, 0xff, 0x46, 0x32, 0x31, 0xff, 0xc3, 0x22, 0x2e, 0xff, 0x3e, 0x2e, 0x2f, 0xff,
  0x13, 0x0f, 0x11, 0xff, 0x15, 0x11, 0x12, 0xff, 0x17, 0x12, 0x11, 0xff, 0x22, 0x17, 0x18, 0xff,
  0x71, 0x0f, 0x16, 0xff, 0x94, 0x14, 0x14, 0xff, 0xa6, 0x17, 0x22, 0xff, 0x06, 0x06, 0x06, 0xff,
  0x19, 0x13, 0x13, 0xff, 0x21, 0x1b, 0x1e, 0xff, 0x20, 0x19, 0x1c, 0xff, 0x00, 0x00, 0x00, 0xff,
  0x04, 0x02, 0x02, 0xff, 0x02, 0x01, 0x01, 0xff, 0x03, 0x02, 0x01, 0xff, 0x1c, 0x15, 0x17, 0xff,
  0x1b, 0x13, 0x16, 0xff, 0x1e, 0x15, 0x16, 0xff, 0x00, 0x00, 0x00, 0xff, 0x70, 0x21, 0x22, 0xff,
  0x1e, 0x13, 0x14, 0xff, 0x1c, 0x14, 0x15, 0xff, 0x1d, 0x14, 0x16, 0xff, 0x22, 0x16, 0x18, 0xff,
  0x29, 0x02, 0x03, 0xff, 0x1d, 0x12, 0x0f, 0xff, 0xa3, 0x32, 0x3b, 0xff, 0x00, 0x00, 0x00, 0xff,
  0x19, 0x12, 0x15, 0xff, 0x17, 0x12, 0x14, 0xff, 0x19, 0x06, 0x05, 0xff, 0xa3, 0x11, 0x1f, 0xff,
  0x6e, 0x0b, 0x13, 0xff, 0x94, 0x0e, 0x18, 0xff, 0x88, 0x13, 0x1f, 0xff, 0x0a, 0x03, 0x02, 0xff,
  0x25, 0x07, 0x09, 0xff, 0x00, 0x00, 0x00, 0x00, 0x01, 0x00, 0x00, 0xff, 0x0e, 0x06, 0x07, 0xff,
  0x21, 0x17, 0x17, 0xff, 0x00, 0x00, 0x00, 0xff, 0x45, 0x2f, 0x34, 0xff, 0x34, 0x16, 0x18, 0xff,
  0x00, 0x00, 0x00, 0xff, 0x29, 0x1d, 0x1f, 0xff, 0x0f, 0x09, 0x09, 0xff, 0x00, 0x00, 0x00, 0xff,
  0xe1, 0xac, 0xaa, 0xff, 0x14, 0x0f, 0x11, 0xff, 0x15, 0x12, 0x14, 0xff, 0x3a, 0x12, 0x14, 0xff,
  0x03, 0x00, 0x00, 0xff, 0x1f, 0x00, 0x01, 0xff, 0x93, 0x1e, 0x29, 0xff, 0xbc, 0x1f, 0x2a, 0xff,
  0x7e, 0x05, 0x10, 0xff, 0x7c, 0x06, 0x13, 0xff, 0x7b, 0x07, 0x13, 0xff, 0x78, 0x06, 0x11, 0xff,
  0x78, 0x07, 0x15, 0xff, 0x76, 0x07, 0x11, 0xff, 0x77, 0x05, 0x10, 0xff, 0x6a, 0x0b, 0x16, 0xff,
  0x01, 0x01, 0x00, 0xff, 0x20, 0x17, 0x17, 0xff, 0x1f, 0x16, 0x18, 0xff, 0x1f, 0x17, 0x18, 0xff,
  0x0a, 0x08, 0x08, 0xff, 0x00, 0x00, 0x00, 0xff, 0x1e, 0x16, 0x18, 0xff, 0x21, 0x18, 0x1b, 0xff,
  0x6d, 0x0c, 0x14, 0xff, 0x87, 0x16, 0x20, 0xff, 0x10, 0x00, 0x00, 0xff, 0x9a, 0x1b, 0x24, 0xff,
  0x24, 0x00, 0x04, 0xff, 0x00, 0x00, 0x00, 0x00, 0x00, 0x00, 0x00, 0x00, 0x00, 0x00, 0x00, 0x00,
  0x00, 0x00, 0x00, 0x00, 0x00, 0x00, 0x00, 0x00, 0x00, 0x00, 0x00, 0x00, 0x00, 0x00, 0x00, 0x00,
  0x00, 0x00, 0x00, 0x00, 0x00, 0x00, 0x00, 0x00, 0x00, 0x00, 0x00, 0x00, 0x00, 0x00, 0x00, 0x00,
  0x00, 0x00, 0x00, 0x00, 0x00, 0x00, 0x00, 0x00, 0x00, 0x00, 0x00, 0x00, 0x00, 0x00, 0x00, 0x00,
  0x00, 0x00, 0x00, 0x00, 0x00, 0x00, 0x00, 0x00, 0x00, 0x00, 0x00, 0x00, 0x00, 0x00, 0x00, 0x00,
  0x00, 0x00, 0x00, 0x00, 0x00, 0x00, 0x00, 0x00, 0x00, 0x00, 0x00, 0x00, 0x00, 0x00, 0x00, 0x00,
  0x00, 0x00, 0x00, 0x00, 0x00, 0x00, 0x00, 0x00, 0x00, 0x00, 0x00, 0x00, 0x00, 0x00, 0x00, 0x00,
  0x00, 0x00, 0x00, 0x00, 0x00, 0x00, 0x00, 0x00, 0x00, 0x00, 0x00, 0x00, 0x12, 0x00, 0x00, 0xff,
  0x85, 0x16, 0x1d, 0xff, 0xa0, 0x1c, 0x24, 0xff, 0x3e, 0x06, 0x08, 0xff, 0x6b, 0x16, 0x1e, 0xff,
  0x02, 0x02, 0x02, 0xff, 0x1f, 0x17, 0x16, 0xff, 0x1f, 0x19, 0x1b, 0xff, 0x1f, 0x17, 0x19, 0xff,
  0x09, 0x08, 0x0a, 0xff, 0x2a, 0x02, 0x03, 0xff, 0x84, 0x07, 0x14, 0xff, 0x81, 0x0a, 0x17, 0xff,
  0x80, 0x08, 0x15, 0xff, 0x7c, 0x07, 0x13, 0xff, 0x7b, 0x07, 0x13, 0xff, 0x80, 0x02, 0x11, 0xff,
  0x7c, 0x03, 0x12, 0xff, 0x81, 0x04, 0x0f, 0xff, 0xc5, 0x2c, 0x36, 0xff, 0x1b, 0x00, 0x00, 0xff,
  0x05, 0x00, 0x01, 0xff, 0x08, 0x08, 0x08, 0xff, 0x45, 0x10, 0x1b, 0xff, 0x01, 0x01, 0x01, 0xff,
  0x3c, 0x0f, 0x15, 0xff, 0x14, 0x12, 0x16, 0xff, 0x0f, 0x08, 0x09, 0xff, 0x00, 0x00, 0x00, 0x00,
  0x00, 0x00, 0x00, 0x00, 0x0f, 0x06, 0x06, 0xff, 0x15, 0x00, 0x00, 0xff, 0x00, 0x00, 0x00, 0xff,
  0x21, 0x0c, 0x13, 0xff, 0x3e, 0x2f, 0x34, 0xff, 0x00, 0x00, 0x00, 0xff, 0x07, 0x01, 0x00, 0xff,
  0x1c, 0x10, 0x0f, 0xff, 0x0a, 0x06, 0x07, 0xff, 0x00, 0x00, 0x00, 0x00, 0x0f, 0x00, 0x00, 0xff,
  0x21, 0x04, 0x05, 0xff, 0x09, 0x03, 0x00, 0xff, 0x93, 0x08, 0x14, 0xff, 0x1e, 0x02, 0x01, 0xff,
  0x02, 0x02, 0x00, 0xff, 0x83, 0x18, 0x1f, 0xff, 0x45, 0x05, 0x08, 0xff, 0x1d, 0x13, 0x15, 0xff,
  0x1d, 0x15, 0x15, 0xff, 0x1c, 0x15, 0x14, 0xff, 0x11, 0x00, 0x00, 0xff, 0x3c, 0x09, 0x0c, 0xff,
  0x22, 0x02, 0x01, 0xff, 0x1e, 0x16, 0x17, 0xff, 0x1d, 0x16, 0x16, 0xff, 0x1d, 0x14, 0x17, 0xff,
  0x1e, 0x15, 0x16, 0xff, 0x63, 0x1f, 0x21, 0xff, 0x1c, 0x16, 0x17, 0xff, 0x09, 0x02, 0x03, 0xff,
  0x92, 0x18, 0x25, 0xff, 0x1f, 0x14, 0x16, 0xff, 0x2a, 0x1f, 0x1f, 0xff, 0x36, 0x22, 0x21, 0xff,
  0x09, 0x03, 0x04, 0xff, 0x04, 0x03, 0x03, 0xff, 0x02, 0x02, 0x02, 0xff, 0x22, 0x1b, 0x1e, 0xff,
  0x0f, 0x0b, 0x0c, 0xff, 0x0f, 0x03, 0x05, 0xff, 0x17, 0x01, 0x02, 0xff, 0x78, 0x15, 0x1d, 0xff,
  0x1f, 0x15, 0x17, 0xff, 0x19, 0x13, 0x14, 0xff, 0x13, 0x0f, 0x11, 0xff, 0x10, 0x0e, 0x0f, 0xff,
  0x3a, 0x2a, 0x2d, 0xff, 0x78, 0x11, 0x17, 0xff, 0x17, 0x0f, 0x0f, 0xff, 0x45, 0x32, 0x31, 0xff,
  0x43, 0x30, 0x32, 0xff, 0x45, 0x32, 0x31, 0xff, 0xc3, 0x24, 0x2d, 0xff, 0x3a, 0x2b, 0x2f, 0xff,
  0x1b, 0x14, 0x16, 0xff, 0x14, 0x0f, 0x10, 0xff, 0x05, 0x03, 0x04, 0xff, 0x21, 0x16, 0x17, 0xff,
  0x3d, 0x0f, 0x11, 0xff, 0x27, 0x06, 0x03, 0xff, 0x22, 0x12, 0x11, 0xff, 0x04, 0x01, 0x00, 0xff,
  0x20, 0x18, 0x1b, 0xff, 0x02, 0x02, 0x02, 0xff, 0x01, 0x01, 0x00, 0xff, 0x1b, 0x13, 0x14, 0xff,
  0x43, 0x34, 0x34, 0xff, 0x08, 0x04, 0x05, 0xff, 0x1f, 0x12, 0x14, 0xff, 0x3d, 0x0f, 0x0e, 0xff,
  0x15, 0x00, 0x00, 0xff, 0x1b, 0x16, 0x17, 0xff, 0x07, 0x00, 0x00, 0xff, 0x22, 0x10, 0x0f, 0xff,
  0x1f, 0x13, 0x14, 0xff, 0x1d, 0x15, 0x16, 0xff, 0x1f, 0x16, 0x18, 0xff, 0x21, 0x16, 0x19, 0xff,
  0x25, 0x01, 0x01, 0xff, 0x41, 0x07, 0x0a, 0xff, 0x01, 0x01, 0x01, 0xff, 0x19, 0x13, 0x14, 0xff,
  0x18, 0x14, 0x18, 0xff, 0x38, 0x04, 0x07, 0xff, 0x9f, 0x1c, 0x2b, 0xff, 0x0b, 0x01, 0x00, 0xff,
  0x35, 0x08, 0x0f, 0xff, 0x98, 0x12, 0x1c, 0xff, 0x28, 0x03, 0x05, 0xff, 0x1c, 0x05, 0x05, 0xff,
  0x20, 0x04, 0x05, 0xff, 0x00, 0x00, 0x00, 0x00, 0x00, 0x00, 0x00, 0xff, 0x14, 0x06, 0x08, 0xff,
  0x10, 0x00, 0x02, 0xff, 0x00, 0x01, 0x01, 0xff, 0x3e, 0x2b, 0x2f, 0xff, 0x2f, 0x12, 0x14, 0xff,
  0x01, 0x00, 0x00, 0xff, 0x1b, 0x04, 0x07, 0xff, 0x19, 0x0c, 0x0c, 0xff, 0x00, 0x00, 0x00, 0xff,
  0xe3, 0xaf, 0xaa, 0xff, 0x15, 0x15, 0x15, 0xff, 0x13, 0x12, 0x14, 0xff, 0x49, 0x14, 0x19, 0xff,
  0x01, 0x01, 0x00, 0xff, 0x15, 0x0a, 0x0c, 0xff, 0x04, 0x04, 0x04, 0xff, 0x23, 0x06, 0x0b, 0xff,
  0x2d, 0x02, 0x04, 0xff, 0xac, 0x20, 0x25, 0xff, 0x7c, 0x08, 0x0f, 0xff, 0x74, 0x09, 0x12, 0xff,
  0x79, 0x05, 0x11, 0xff, 0x7a, 0x05, 0x11, 0xff, 0x7a, 0x07, 0x13, 0xff, 0x77, 0x07, 0x12, 0xff,
  0x77, 0x09, 0x13, 0xff, 0x78, 0x0b, 0x15, 0xff, 0x6d, 0x0f, 0x18, 0xff, 0x09, 0x06, 0x02, 0xff,
  0x1c, 0x16, 0x16, 0xff, 0x1c, 0x14, 0x17, 0xff, 0x0b, 0x09, 0x08, 0xff, 0x00, 0x00, 0x00, 0xff,
  0x4f, 0x0f, 0x0f, 0xff, 0x79, 0x10, 0x17, 0xff, 0xab, 0x12, 0x1f, 0xff, 0x7a, 0x13, 0x1b, 0xff,
  0x06, 0x02, 0x01, 0xff, 0x00, 0x00, 0x00, 0x00, 0x00, 0x00, 0x00, 0x00, 0x00, 0x00, 0x00, 0x00,
  0x00, 0x00, 0x00, 0x00, 0x00, 0x00, 0x00, 0x00, 0x00, 0x00, 0x00, 0x00, 0x00, 0x00, 0x00, 0x00,
  0x00, 0x00, 0x00, 0x00, 0x00, 0x00, 0x00, 0x00, 0x00, 0x00, 0x00, 0x00, 0x00, 0x00, 0x00, 0x00,
  0x00, 0x00, 0x00, 0x00, 0x00, 0x00, 0x00, 0x00, 0x00, 0x00, 0x00, 0x00, 0x00, 0x00, 0x00, 0x00,
  0x00, 0x00, 0x00, 0x00, 0x00, 0x00, 0x00, 0x00, 0x00, 0x00, 0x00, 0x00, 0x00, 0x00, 0x00, 0x00,
  0x00, 0x00, 0x00, 0x00, 0x00, 0x00, 0x00, 0x00, 0x00, 0x00, 0x00, 0x00, 0x00, 0x00, 0x00, 0x00,
  0x00, 0x00, 0x00, 0x00, 0x00, 0x00, 0x00, 0x00, 0x00, 0x00, 0x00, 0x00, 0x00, 0x00, 0x00, 0x00,
  0x00, 0x00, 0x00, 0x00, 0x00, 0x00, 0x00, 0x00, 0x27, 0x05, 0x03, 0xff, 0xa0, 0x17, 0x20, 0xff,
  0x38, 0x02, 0x06, 0xff, 0x79, 0x0a, 0x14, 0xff, 0x7b, 0x0b, 0x16, 0xff, 0x06, 0x00, 0x00, 0xff,
  0x1f, 0x18, 0x1b, 0xff, 0x1f, 0x16, 0x19, 0xff, 0x24, 0x02, 0x02, 0xff, 0x7b, 0x0e, 0x17, 0xff,
  0x83, 0x08, 0x15, 0xff, 0x83, 0x07, 0x16, 0xff, 0x82, 0x08, 0x16, 0xff, 0x81, 0x08, 0x15, 0xff,
  0x7c, 0x07, 0x13, 0xff, 0x7a, 0x07, 0x13, 0xff, 0x98, 0x1b, 0x23, 0xff, 0x5f, 0x14, 0x18, 0xff,
  0x19, 0x04, 0x03, 0xff, 0x9c, 0x78, 0x73, 0xff, 0x00, 0x00, 0x00, 0x00, 0x08, 0x02, 0x01, 0xff,
  0x14, 0x03, 0x05, 0xff, 0x13, 0x0e, 0x0f, 0xff, 0x31, 0x0c, 0x0f, 0xff, 0x00, 0x00, 0x00, 0xff,
  0x3d, 0x0f, 0x11, 0xff, 0x1d, 0x12, 0x16, 0xff, 0x4e, 0x0e, 0x13, 0xff, 0x00, 0x00, 0x00, 0x00,
  0x00, 0x00, 0x00, 0x00, 0x0c, 0x06, 0x08, 0xff, 0xc3, 0x1d, 0x29, 0xff, 0x02, 0x01, 0x00, 0xff,
  0x23, 0x0c, 0x12, 0xff, 0x40, 0x2c, 0x30, 0xff, 0x01, 0x00, 0x00, 0xff, 0x6d, 0x03, 0x0f, 0xff,
  0x4e, 0x04, 0x0b, 0xff, 0x0b, 0x07, 0x08, 0xff, 0x00, 0x00, 0x00, 0x00, 0x08, 0x00, 0x00, 0xff,
  0x6a, 0x12, 0x19, 0xff, 0x14, 0x07, 0x0c, 0xff, 0x1d, 0x0a, 0x09, 0xff, 0x44, 0x0f, 0x10, 0xff,
  0x6d, 0x07, 0x13, 0xff, 0x24, 0x04, 0x06, 0xff, 0x2c, 0x04, 0x03, 0xff, 0x8d, 0x1b, 0x23, 0xff,
  0x19, 0x10, 0x10, 0xff, 0x1b, 0x13, 0x13, 0xff, 0x19, 0x12, 0x13, 0xff, 0x00, 0x00, 0x00, 0xff,
  0x23, 0x02, 0x03, 0xff, 0x1e, 0x16, 0x17, 0xff, 0x1c, 0x14, 0x17, 0xff, 0x1e, 0x16, 0x19, 0xff,
  0x1e, 0x16, 0x19, 0xff, 0x1e, 0x16, 0x18, 0xff, 0x85, 0x19, 0x1f, 0xff, 0xbc, 0x22, 0x29, 0xff,
  0x25, 0x15, 0x19, 0xff, 0x31, 0x23, 0x25, 0xff, 0x03, 0x02, 0x03, 0xff, 0xc2, 0x27, 0x39, 0xff,
  0x1e, 0x18, 0x17, 0xff, 0x39, 0x15, 0x15, 0xff, 0x07, 0x02, 0x01, 0xff, 0x22, 0x1b, 0x1e, 0xff,
  0x01, 0x00, 0x00, 0xff, 0xc4, 0x19, 0x27, 0xff, 0x8f, 0x19, 0x20, 0xff, 0x05, 0x01, 0x00, 0xff,
  0x1c, 0x15, 0x16, 0xff, 0x00, 0x00, 0x00, 0xff, 0x06, 0x04, 0x07, 0xff, 0x64, 0x11, 0x17, 0xff,
  0x68, 0x0e, 0x12, 0xff, 0xa4, 0x1f, 0x25, 0xff, 0x46, 0x34, 0x2e, 0xff, 0x41, 0x2f, 0x2f, 0xff,
  0x3e, 0x2f, 0x2f, 0xff, 0x41, 0x2f, 0x2f, 0xff, 0x89, 0x1e, 0x22, 0xff, 0x68, 0x0f, 0x14, 0xff,
  0x56, 0x0a, 0x0f, 0xff, 0x0f, 0x07, 0x08, 0xff, 0x00, 0x00, 0x00, 0xff, 0x1d, 0x14, 0x17, 0xff,
  0x02, 0x02, 0x02, 0xff, 0x6a, 0x0f, 0x13, 0xff, 0xc2, 0x20, 0x2a, 0xff, 0x04, 0x01, 0x01, 0xff,
  0x28, 0x1f, 0x1f, 0xff, 0x00, 0x01, 0x01, 0xff, 0x3a, 0x0f, 0x10, 0xff, 0x39, 0x2d, 0x29, 0xff,
  0x8b, 0x22, 0x2c, 0xff, 0x0b, 0x00, 0x01, 0xff, 0x18, 0x10, 0x13, 0xff, 0x5a, 0x17, 0x18, 0xff,
  0x4c, 0x0e, 0x0e, 0xff, 0x79, 0x1c, 0x1f, 0xff, 0x05, 0x01, 0x01, 0xff, 0x1f, 0x17, 0x16, 0xff,
  0x1f, 0x16, 0x17, 0xff, 0x1f, 0x16, 0x19, 0xff, 0x1e, 0x15, 0x16, 0xff, 0x21, 0x15, 0x16, 0xff,
  0x37, 0x05, 0x09, 0xff, 0x1d, 0x13, 0x14, 0xff, 0x17, 0x14, 0x14, 0xff, 0x1d, 0x16, 0x16, 0xff,
  0x95, 0x13, 0x22, 0xff, 0x31, 0x02, 0x05, 0xff, 0x10, 0x02, 0x01, 0xff, 0x7b, 0x11, 0x1b, 0xff,
  0x64, 0x13, 0x16, 0xff, 0x0e, 0x01, 0x01, 0xff, 0x13, 0x0a, 0x0c, 0xff, 0x2c, 0x08, 0x08, 0xff,
  0x0c, 0x00, 0x00, 0xff, 0x00, 0x00, 0x00, 0x00, 0x00, 0x00, 0x00, 0xff, 0x3e, 0x00, 0x01, 0xff,
  0x85, 0x12, 0x19, 0xff, 0x01, 0x01, 0x00, 0xff, 0x42, 0x2c, 0x2f, 0xff, 0x31, 0x0f, 0x11, 0xff,
  0x00, 0x00, 0x00, 0xff, 0xdf, 0x1c, 0x2b, 0xff, 0x15, 0x06, 0x08, 0xff, 0x00, 0x00, 0x00, 0xff,
  0xda, 0xa8, 0xa1, 0xff, 0x37, 0x08, 0x0f, 0xff, 0x15, 0x10, 0x12, 0xff, 0x53, 0x11, 0x16, 0xff,
  0x05, 0x03, 0x01, 0xff, 0x1c, 0x0a, 0x0e, 0xff, 0x01, 0x01, 0x00, 0xff, 0x21, 0x06, 0x07, 0xff,
  0x00, 0x00, 0x00, 0x00, 0x00, 0x00, 0x00, 0x00, 0x1c, 0x14, 0x12, 0xff, 0x09, 0x06, 0x02, 0xff,
  0x5f, 0x1d, 0x1e, 0xff, 0xb3, 0x28, 0x2f, 0xff, 0x84, 0x0b, 0x16, 0xff, 0x76, 0x09, 0x13, 0xff,
  0x77, 0x09, 0x13, 0xff, 0x7b, 0x09, 0x16, 0xff, 0x7d, 0x09, 0x15, 0xff, 0x7b, 0x08, 0x14, 0xff,
  0x82, 0x07, 0x14, 0xff, 0x1f, 0x16, 0x18, 0xff, 0x1e, 0x15, 0x18, 0xff, 0x1d, 0x16, 0x18, 0xff,
  0x27, 0x00, 0x01, 0xff, 0x86, 0x07, 0x14, 0xff, 0x23, 0x00, 0x00, 0xff, 0x64, 0x0b, 0x0f, 0xff,
  0xa8, 0x17, 0x22, 0xff, 0x01, 0x02, 0x02, 0xff, 0x00, 0x00, 0x00, 0x00, 0x00, 0x00, 0x00, 0x00,
  0x00, 0x00, 0x00, 0x00, 0x00, 0x00, 0x00, 0x00, 0x00, 0x00, 0x00, 0x00, 0x00, 0x00, 0x00, 0x00,
  0x00, 0x00, 0x00, 0x00, 0x00, 0x00, 0x00, 0x00, 0x00, 0x00, 0x00, 0x00, 0x00, 0x00, 0x00, 0x00,
  0x00, 0x00, 0x00, 0x00, 0x00, 0x00, 0x00, 0x00, 0x00, 0x00, 0x00, 0x00, 0x00, 0x00, 0x00, 0x00,
  0x00, 0x00, 0x00, 0x00, 0x00, 0x00, 0x00, 0x00, 0x00, 0x00, 0x00, 0x00, 0x00, 0x00, 0x00, 0x00,
  0x00, 0x00, 0x00, 0x00, 0x00, 0x00, 0x00, 0x00, 0x00, 0x00, 0x00, 0x00, 0x00, 0x00, 0x00, 0x00,
  0x00, 0x00, 0x00, 0x00, 0x00, 0x00, 0x00, 0x00, 0x00, 0x00, 0x00, 0x00, 0x00, 0x00, 0x00, 0x00,
  0x00, 0x00, 0x00, 0x00, 0x06, 0x03, 0x02, 0xff, 0x50, 0x0b, 0x10, 0xff, 0x67, 0x0f, 0x15, 0xff,
  0x79, 0x0a, 0x14, 0xff, 0x7b, 0x09, 0x14, 0xff, 0x76, 0x0b, 0x16, 0xff, 0x1e, 0x15, 0x17, 0xff,
  0x1e, 0x16, 0x19, 0xff, 0x1d, 0x15, 0x18, 0xff, 0x7d, 0x0a, 0x16, 0xff, 0x7c, 0x08, 0x14, 0xff,
  0x7d, 0x09, 0x15, 0xff, 0x7c, 0x08, 0x14, 0xff, 0x90, 0x0b, 0x1b, 0xff, 0xba, 0x25, 0x35, 0xff,
  0x1e, 0x00, 0x01, 0xff, 0x19, 0x0b, 0x0a, 0xff, 0x00, 0x00, 0x00, 0x00, 0x00, 0x00, 0x00, 0x00,
  0x00, 0x00, 0x00, 0x00, 0x00, 0x00, 0x00, 0x00, 0x00, 0x00, 0x00, 0x00, 0x49, 0x3b, 0x38, 0xff,
  0x50, 0x08, 0x0f, 0xff, 0x22, 0x12, 0x18, 0xff, 0x08, 0x00, 0x02, 0xff, 0x0b, 0x0a, 0x0b, 0xff,
  0x4f, 0x0a, 0x0f, 0xff, 0x57, 0x0e, 0x17, 0xff, 0x3c, 0x06, 0x0c, 0xff, 0x00, 0x00, 0x00, 0x00,
  0x00, 0x00, 0x00, 0x00, 0x0f, 0x08, 0x09, 0xff, 0x28, 0x0a, 0x0c, 0xff, 0x01, 0x01, 0x00, 0xff,
  0x23, 0x0b, 0x12, 0xff, 0x46, 0x2d, 0x2f, 0xff, 0x01, 0x01, 0x00, 0xff, 0x05, 0x03, 0x04, 0xff,
  0x0e, 0x05, 0x04, 0xff, 0x0b, 0x07, 0x08, 0xff, 0x00, 0x00, 0x00, 0x00, 0x8f, 0x6d, 0x6b, 0xff,
  0x7d, 0x0f, 0x16, 0xff, 0x12, 0x06, 0x0a, 0xff, 0x4c, 0x0b, 0x10, 0xff, 0x3a, 0x2f, 0x2d, 0xff,
  0x03, 0x03, 0x00, 0xff, 0x8f, 0x0f, 0x18, 0xff, 0x55, 0x03, 0x08, 0xff, 0x0b, 0x02, 0x01, 0xff,
  0x9b, 0x19, 0x28, 0xff, 0x0f, 0x02, 0x01, 0xff, 0x19, 0x12, 0x13, 0xff, 0x17, 0x12, 0x11, 0xff,
  0x28, 0x09, 0x0f, 0xff, 0x1d, 0x16, 0x16, 0xff, 0x1e, 0x16, 0x19, 0xff, 0x1e, 0x16, 0x19, 0xff,
  0x1e, 0x16, 0x19, 0xff, 0x1e, 0x15, 0x15, 0xff, 0xcc, 0x2a, 0x37, 0xff, 0x19, 0x0f, 0x0f, 0xff,
  0x22, 0x13, 0x16, 0xff, 0x0f, 0x00, 0x00, 0xff, 0x0e, 0x02, 0x00, 0xff, 0x3e, 0x1e, 0x1b, 0xff,
  0x34, 0x28, 0x28, 0xff, 0xc0, 0x23, 0x2f, 0xff, 0x01, 0x02, 0x01, 0xff, 0x0e, 0x0a, 0x0b, 0xff,
  0x01, 0x00, 0x00, 0xff, 0x12, 0x03, 0x02, 0xff, 0x4c, 0x0f, 0x11, 0xff, 0x10, 0x0e, 0x0b, 0xff,
  0x18, 0x12, 0x13, 0xff, 0x00, 0x00, 0x00, 0xff, 0x08, 0x01, 0x00, 0xff, 0x3b, 0x2a, 0x2c, 0xff,
  0x37, 0x27, 0x29, 0xff, 0xc9, 0x29, 0x30, 0xff, 0x35, 0x23, 0x25, 0xff, 0x3e, 0x2f, 0x2f, 0xff,
  0x3e, 0x2e, 0x2f, 0xff, 0x45, 0x30, 0x30, 0xff, 0xca, 0x22, 0x2a, 0xff, 0x3e, 0x2e, 0x2e, 0xff,
  0x3a, 0x2b, 0x2d, 0xff, 0x09, 0x06, 0x05, 0xff, 0x24, 0x0f, 0x0f, 0xff, 0x1c, 0x13, 0x13, 0xff,
  0x1e, 0x16, 0x16, 0xff, 0x8e, 0x2e, 0x32, 0xff, 0x17, 0x07, 0x07, 0xff, 0x04, 0x02, 0x01, 0xff,
  0x0c, 0x08, 0x0a, 0xff, 0x00, 0x00, 0x00, 0xff, 0xaa, 0x1c, 0x2b, 0xff, 0x04, 0x04, 0x01, 0xff,
  0x12, 0x0a, 0x08, 0xff, 0x85, 0x2f, 0x34, 0xff, 0x04, 0x04, 0x01, 0xff, 0x15, 0x0b, 0x07, 0xff,
  0x1b, 0x13, 0x14, 0xff, 0xbb, 0x20, 0x2c, 0xff, 0x04, 0x02, 0x01, 0xff, 0x1f, 0x18, 0x19, 0xff,
  0x1f, 0x16, 0x19, 0xff, 0x1f, 0x16, 0x18, 0xff, 0x1f, 0x16, 0x19, 0xff, 0x21, 0x16, 0x18, 0xff,
  0x03, 0x02, 0x04, 0xff, 0x18, 0x12, 0x14, 0xff, 0x0b, 0x08, 0x05, 0xff, 0xa9, 0x19, 0x2a, 0xff,
  0x0b, 0x00, 0x00, 0xff, 0x53, 0x04, 0x0c, 0xff, 0x79, 0x0b, 0x12, 0xff, 0x2e, 0x10, 0x0f, 0xff,
  0x00, 0x00, 0x00, 0x00, 0x43, 0x0c, 0x13, 0xff, 0x0f, 0x07, 0x0a, 0xff, 0x57, 0x11, 0x16, 0xff,
  0x06, 0x03, 0x01, 0xff, 0x00, 0x00, 0x00, 0x00, 0x06, 0x03, 0x04, 0xff, 0x0a, 0x02, 0x04, 0xff,
  0x0e, 0x07, 0x09, 0xff, 0x02, 0x02, 0x00, 0xff, 0x3e, 0x25, 0x2b, 0xff, 0x2f, 0x09, 0x0f, 0xff,
  0x03, 0x00, 0x01, 0xff, 0x1c, 0x0f, 0x10, 0xff, 0x0e, 0x08, 0x08, 0xff, 0x01, 0x00, 0x00, 0xff,
  0x00, 0x00, 0x00, 0x00, 0x34, 0x0c, 0x0f, 0xff, 0x14, 0x0b, 0x0c, 0xff, 0x6c, 0x09, 0x15, 0xff,
  0x00, 0x00, 0x00, 0x00, 0x29, 0x0e, 0x11, 0xff, 0x5a, 0x07, 0x0f, 0xff, 0x09, 0x09, 0x07, 0xff,
  0x00, 0x00, 0x00, 0x00, 0x00, 0x00, 0x00, 0x00, 0x00, 0x00, 0x00, 0x00, 0x00, 0x00, 0x00, 0x00,
  0x00, 0x00, 0x00, 0x00, 0xe1, 0xaf, 0xaa, 0xff, 0xad, 0x84, 0x82, 0xff, 0x15, 0x05, 0x01, 0xff,
  0xb3, 0x2c, 0x37, 0xff, 0x86, 0x0e, 0x1b, 0xff, 0x77, 0x0b, 0x14, 0xff, 0x7c, 0x06, 0x13, 0xff,
  0x7b, 0x04, 0x11, 0xff, 0x14, 0x06, 0x05, 0xff, 0x1f, 0x17, 0x17, 0xff, 0x1f, 0x16, 0x17, 0xff,
  0x12, 0x0f, 0x0f, 0xff, 0x88, 0x09, 0x15, 0xff, 0x86, 0x07, 0x16, 0xff, 0x84, 0x07, 0x14, 0xff,
  0x5e, 0x0b, 0x12, 0xff, 0x75, 0x2f, 0x31, 0xff, 0x00, 0x00, 0x00, 0x00, 0x00, 0x00, 0x00, 0x00,
  0x00, 0x00, 0x00, 0x00, 0x00, 0x00, 0x00, 0x00, 0x00, 0x00, 0x00, 0x00, 0x00, 0x00, 0x00, 0x00,
  0x00, 0x00, 0x00, 0x00, 0x00, 0x00, 0x00, 0x00, 0x00, 0x00, 0x00, 0x00, 0x00, 0x00, 0x00, 0x00,
  0x00, 0x00, 0x00, 0x00, 0x00, 0x00, 0x00, 0x00, 0x00, 0x00, 0x00, 0x00, 0x00, 0x00, 0x00, 0x00,
  0x00, 0x00, 0x00, 0x00, 0x00, 0x00, 0x00, 0x00, 0x00, 0x00, 0x00, 0x00, 0x00, 0x00, 0x00, 0x00,
  0x00, 0x00, 0x00, 0x00, 0x00, 0x00, 0x00, 0x00, 0x00, 0x00, 0x00, 0x00, 0x00, 0x00, 0x00, 0x00,
  0x00, 0x00, 0x00, 0x00, 0x00, 0x00, 0x00, 0x00, 0x00, 0x00, 0x00, 0x00, 0x00, 0x00, 0x00, 0x00,
  0x00, 0x00, 0x00, 0x00, 0x68, 0x0e, 0x16, 0xff, 0x7c, 0x09, 0x15, 0xff, 0x79, 0x07, 0x13, 0xff,
  0x7d, 0x09, 0x15, 0xff, 0x80, 0x07, 0x15, 0xff, 0x19, 0x00, 0x00, 0xff, 0x1d, 0x15, 0x18, 0xff,
  0x1f, 0x17, 0x1b, 0xff, 0x14, 0x11, 0x10, 0xff, 0x7e, 0x07, 0x12, 0xff, 0xac, 0x25, 0x2d, 0xff,
  0xc0, 0x3c, 0x42, 0xff, 0x0c, 0x03, 0x03, 0xff, 0x00, 0x00, 0x00, 0x00, 0x00, 0x00, 0x00, 0x00,
  0x00, 0x00, 0x00, 0x00, 0x00, 0x00, 0x00, 0x00, 0x00, 0x00, 0x00, 0x00, 0x00, 0x00, 0x00, 0x00,
  0x00, 0x00, 0x00, 0x00, 0x00, 0x00, 0x00, 0x00, 0x00, 0x00, 0x00, 0x00, 0x00, 0x00, 0x00, 0x00,
  0x23, 0x0a, 0x0c, 0xff, 0x78, 0x0b, 0x11, 0xff, 0x0a, 0x08, 0x08, 0xff, 0x41, 0x35, 0x32, 0xff,
  0x84, 0x0a, 0x16, 0xff, 0x6c, 0x0b, 0x17, 0xff, 0x27, 0x02, 0x08, 0xff, 0x00, 0x00, 0x00, 0x00,
  0x13, 0x0f, 0x10, 0xff, 0x22, 0x19, 0x1d, 0xff, 0x4a, 0x36, 0x39, 0xff, 0x10, 0x08, 0x09, 0xff,
  0x22, 0x0b, 0x10, 0xff, 0x40, 0x27, 0x2c, 0xff, 0x03, 0x00, 0x00, 0xff, 0x08, 0x08, 0x09, 0xff,
  0x2f, 0x27, 0x29, 0xff, 0x21, 0x19, 0x1d, 0xff, 0x00, 0x00, 0x00, 0xff, 0x00, 0x00, 0x00, 0x00,
  0x78, 0x0f, 0x17, 0xff, 0x31, 0x04, 0x0a, 0xff, 0x5d, 0x07, 0x0f, 0xff, 0x55, 0x42, 0x3e, 0xff,
  0x00, 0x00, 0x00, 0x00, 0x15, 0x0f, 0x0f, 0xff, 0xb9, 0x27, 0x35, 0xff, 0x5f, 0x03, 0x0c, 0xff,
  0x12, 0x00, 0x01, 0xff, 0x81, 0x1f, 0x22, 0xff, 0x3d, 0x06, 0x09, 0xff, 0x19, 0x12, 0x14, 0xff,
  0x02, 0x02, 0x01, 0xff, 0x1d, 0x16, 0x18, 0xff, 0x1c, 0x16, 0x18, 0xff, 0x1f, 0x16, 0x19, 0xff,
  0x1f, 0x16, 0x19, 0xff, 0x1f, 0x16, 0x16, 0xff, 0xbf, 0x28, 0x34, 0xff, 0x10, 0x0a, 0x0c, 0xff,
  0x55, 0x0b, 0x12, 0xff, 0x03, 0x02, 0x02, 0xff, 0x44, 0x06, 0x0c, 0xff, 0x08, 0x05, 0x02, 0xff,
  0x0b, 0x00, 0x00, 0xff, 0xa3, 0x2e, 0x34, 0xff, 0x0e, 0x0a, 0x0a, 0xff, 0x02, 0x00, 0x00, 0xff,
  0x05, 0x05, 0x02, 0xff, 0x48, 0x0a, 0x0f, 0xff, 0x95, 0x25, 0x2f, 0xff, 0x19, 0x13, 0x14, 0xff,
  0x1d, 0x16, 0x16, 0xff, 0x17, 0x12, 0x13, 0xff, 0x17, 0x12, 0x15, 0xff, 0x39, 0x28, 0x2c, 0xff,
  0x3d, 0x27, 0x2d, 0xff, 0xdb, 0x2d, 0x2f, 0xff, 0x2d, 0x23, 0x21, 0xff, 0x3d, 0x2e, 0x2f, 0xff,
  0x40, 0x2e, 0x2f, 0xff, 0x44, 0x2f, 0x2f, 0xff, 0xc8, 0x1c, 0x25, 0xff, 0x49, 0x2f, 0x2f, 0xff,
  0x48, 0x37, 0x37, 0xff, 0x1b, 0x13, 0x16, 0xff, 0x19, 0x12, 0x15, 0xff, 0x0c, 0x0a, 0x09, 0xff,
  0x1f, 0x17, 0x19, 0xff, 0x35, 0x02, 0x05, 0xff, 0x81, 0x23, 0x24, 0xff, 0x09, 0x03, 0x05, 0xff,
  0x00, 0x00, 0x00, 0xff, 0x02, 0x02, 0x00, 0xff, 0x2e, 0x04, 0x05, 0xff, 0x6a, 0x1d, 0x22, 0xff,
  0x08, 0x06, 0x07, 0xff, 0x89, 0x24, 0x2b, 0xff, 0x35, 0x28, 0x25, 0xff, 0xa7, 0x1d, 0x27, 0xff,
  0x1e, 0x15, 0x17, 0xff, 0xc2, 0x1f, 0x27, 0xff, 0x03, 0x02, 0x00, 0xff, 0x21, 0x18, 0x1c, 0xff,
  0x21, 0x18, 0x1c, 0xff, 0x1f, 0x16, 0x19, 0xff, 0x1f, 0x16, 0x19, 0xff, 0x01, 0x00, 0x01, 0xff,
  0x1b, 0x13, 0x18, 0xff, 0x62, 0x18, 0x1d, 0xff, 0x8b, 0x20, 0x28, 0xff, 0x09, 0x00, 0x01, 0xff,
  0x64, 0x0a, 0x0e, 0xff, 0xa8, 0x17, 0x20, 0xff, 0x05, 0x02, 0x02, 0xff, 0x00, 0x00, 0x00, 0x00,
  0x00, 0x00, 0x00, 0x00, 0x39, 0x09, 0x0e, 0xff, 0x56, 0x0a, 0x13, 0xff, 0x6a, 0x09, 0x14, 0xff,
  0x00, 0x00, 0x00, 0x00, 0x6c, 0x53, 0x50, 0xff, 0x1f, 0x16, 0x1c, 0xff, 0x10, 0x0a, 0x0c, 0xff,
  0x0c, 0x07, 0x09, 0xff, 0x04, 0x02, 0x01, 0xff, 0x3a, 0x23, 0x27, 0xff, 0x2a, 0x09, 0x0c, 0xff,
  0x01, 0x00, 0x00, 0xff, 0x2e, 0x1f, 0x23, 0xff, 0x23, 0x1b, 0x1e, 0xff, 0x0f, 0x0b, 0x0a, 0xff,
  0x00, 0x00, 0x00, 0x00, 0x36, 0x06, 0x09, 0xff, 0x65, 0x08, 0x11, 0xff, 0x23, 0x03, 0x05, 0xff,
  0x00, 0x00, 0x00, 0x00, 0x5b, 0x0a, 0x14, 0xff, 0x71, 0x0f, 0x19, 0xff, 0x00, 0x00, 0x00, 0x00,
  0x00, 0x00, 0x00, 0x00, 0x00, 0x00, 0x00, 0x00, 0x00, 0x00, 0x00, 0x00, 0x00, 0x00, 0x00, 0x00,
  0x00, 0x00, 0x00, 0x00, 0x00, 0x00, 0x00, 0x00, 0x00, 0x00, 0x00, 0x00, 0x00, 0x00, 0x00, 0x00,
  0x00, 0x00, 0x00, 0x00, 0x9f, 0x7c, 0x76, 0xff, 0x06, 0x06, 0x02, 0xff, 0x8e, 0x1e, 0x25, 0xff,
  0xb4, 0x17, 0x22, 0xff, 0x7e, 0x13, 0x1c, 0xff, 0x1f, 0x15, 0x16, 0xff, 0x1f, 0x17, 0x18, 0xff,
  0x20, 0x14, 0x16, 0xff, 0x73, 0x05, 0x10, 0xff, 0x84, 0x08, 0x17, 0xff, 0x83, 0x07, 0x16, 0xff,
  0x84, 0x09, 0x15, 0xff, 0x89, 0x0b, 0x17, 0xff, 0x07, 0x02, 0x00, 0xff, 0x00, 0x00, 0x00, 0x00,
  0x00, 0x00, 0x00, 0x00, 0x00, 0x00, 0x00, 0x00, 0x00, 0x00, 0x00, 0x00, 0x00, 0x00, 0x00, 0x00,
  0x00, 0x00, 0x00, 0x00, 0x00, 0x00, 0x00, 0x00, 0x00, 0x00, 0x00, 0x00, 0x00, 0x00, 0x00, 0x00,
  0x00, 0x00, 0x00, 0x00, 0x00, 0x00, 0x00, 0x00, 0x00, 0x00, 0x00, 0x00, 0x00, 0x00, 0x00, 0x00,
  0x00, 0x00, 0x00, 0x00, 0x00, 0x00, 0x00, 0x00, 0x00, 0x00, 0x00, 0x00, 0x00, 0x00, 0x00, 0x00,
  0x00, 0x00, 0x00, 0x00, 0x00, 0x00, 0x00, 0x00, 0x00, 0x00, 0x00, 0x00, 0x00, 0x00, 0x00, 0x00,
  0x00, 0x00, 0x00, 0x00, 0x00, 0x00, 0x00, 0x00, 0x00, 0x00, 0x00, 0x00, 0x00, 0x00, 0x00, 0x00,
  0x0c, 0x00, 0x00, 0xff, 0x6e, 0x13, 0x18, 0xff, 0x7d, 0x07, 0x12, 0xff, 0x7e, 0x07, 0x14, 0xff,
  0x81, 0x06, 0x14, 0xff, 0x80, 0x0a, 0x16, 0xff, 0x0e, 0x0a, 0x08, 0xff, 0x1f, 0x16, 0x19, 0xff,
  0x2b, 0x1f, 0x21, 0xff, 0x05, 0x00, 0x00, 0xff, 0x45, 0x32, 0x2f, 0xff, 0xaa, 0x84, 0x7d, 0xff,
  0x00, 0x00, 0x00, 0x00, 0x00, 0x00, 0x00, 0x00, 0x00, 0x00, 0x00, 0x00, 0x00, 0x00, 0x00, 0x00,
  0x00, 0x00, 0x00, 0x00, 0x00, 0x00, 0x00, 0x00, 0x00, 0x00, 0x00, 0x00, 0x00, 0x00, 0x00, 0x00,
  0x00, 0x00, 0x00, 0x00, 0x00, 0x00, 0x00, 0x00, 0x00, 0x00, 0x00, 0x00, 0x00, 0x00, 0x00, 0x00,
  0xc5, 0x9a, 0x94, 0xff, 0x76, 0x0b, 0x14, 0xff, 0x1e, 0x16, 0x19, 0xff, 0x00, 0x00, 0x00, 0x00,
  0x89, 0x06, 0x17, 0xff, 0x6e, 0x0b, 0x14, 0xff, 0x13, 0x01, 0x05, 0xff, 0x00, 0x00, 0x00, 0x00,
  0x14, 0x0f, 0x12, 0xff, 0x11, 0x0f, 0x0f, 0xff, 0xc9, 0x29, 0x37, 0xff, 0x1f, 0x16, 0x14, 0xff,
  0x25, 0x0b, 0x12, 0xff, 0x3a, 0x22, 0x27, 0xff, 0x01, 0x00, 0x00, 0xff, 0x77, 0x0f, 0x19, 0xff,
  0x48, 0x00, 0x07, 0xff, 0x1f, 0x18, 0x19, 0xff, 0x05, 0x04, 0x03, 0xff, 0x00, 0x00, 0x00, 0x00,
  0x05, 0x02, 0x02, 0xff, 0x6c, 0x0c, 0x13, 0xff, 0x3c, 0x07, 0x0f, 0xff, 0x00, 0x00, 0x00, 0x00,
  0x00, 0x00, 0x00, 0x00, 0x00, 0x00, 0x00, 0x00, 0x10, 0x02, 0x02, 0xff, 0x89, 0x1c, 0x21, 0xff,
  0x5b, 0x02, 0x08, 0xff, 0x24, 0x02, 0x05, 0xff, 0x25, 0x05, 0x06, 0xff, 0x7d, 0x13, 0x1e, 0xff,
  0x1b, 0x11, 0x13, 0xff, 0x00, 0x00, 0x00, 0xff, 0x1d, 0x16, 0x16, 0xff, 0x1f, 0x18, 0x19, 0xff,
  0x1f, 0x16, 0x19, 0xff, 0x1c, 0x13, 0x16, 0xff, 0xbc, 0x2c, 0x31, 0xff, 0x0f, 0x09, 0x08, 0xff,
  0xa4, 0x2c, 0x32, 0xff, 0x3e, 0x2c, 0x2a, 0xff, 0xc1, 0x2a, 0x35, 0xff, 0x0f, 0x06, 0x05, 0xff,
  0x9f, 0x1c, 0x23, 0xff, 0x1e, 0x02, 0x02, 0xff, 0x00, 0x00, 0x00, 0xff, 0x00, 0x00, 0x00, 0xff,
  0x20, 0x17, 0x1b, 0xff, 0x1b, 0x14, 0x15, 0xff, 0x00, 0x00, 0x00, 0xff, 0x1d, 0x15, 0x16, 0xff,
  0x00, 0x00, 0x00, 0xff, 0x19, 0x12, 0x15, 0xff, 0x15, 0x12, 0x13, 0xff, 0x35, 0x27, 0x2a, 0xff,
  0x39, 0x07, 0x0b, 0xff, 0x34, 0x01, 0x01, 0xff, 0x3e, 0x2e, 0x2e, 0xff, 0x40, 0x2e, 0x2f, 0xff,
  0x40, 0x2e, 0x2f, 0xff, 0x3e, 0x2d, 0x2f, 0xff, 0x20, 0x04, 0x03, 0xff, 0xc3, 0x24, 0x31, 0xff,
  0x44, 0x30, 0x32, 0xff, 0x14, 0x0f, 0x12, 0xff, 0x1b, 0x13, 0x16, 0xff, 0x00, 0x00, 0x00, 0xff,
  0x1f, 0x16, 0x16, 0xff, 0x00, 0x00, 0x00, 0xff, 0x00, 0x00, 0x00, 0xff, 0x1e, 0x16, 0x17, 0xff,
  0x00, 0x00, 0x00, 0xff, 0x00, 0x00, 0x00, 0xff, 0x07, 0x02, 0x01, 0xff, 0xb8, 0x1c, 0x2a, 0xff,
  0x38, 0x21, 0x20, 0xff, 0x9f, 0x16, 0x27, 0xff, 0x11, 0x0b, 0x08, 0xff, 0x45, 0x0a, 0x0f, 0xff,
  0x1f, 0x12, 0x16, 0xff, 0xc6, 0x22, 0x2d, 0xff, 0x06, 0x04, 0x04, 0xff, 0x20, 0x18, 0x1c, 0xff,
  0x22, 0x19, 0x1d, 0xff, 0x1d, 0x14, 0x16, 0xff, 0x03, 0x02, 0x03, 0xff, 0x17, 0x11, 0x13, 0xff,
  0x8f, 0x1e, 0x28, 0xff, 0x29, 0x00, 0x02, 0xff, 0x2b, 0x06, 0x09, 0xff, 0x93, 0x0f, 0x18, 0xff,
  0xac, 0x28, 0x2e, 0xff, 0x35, 0x0f, 0x14, 0xff, 0x00, 0x00, 0x00, 0x00, 0x00, 0x00, 0x00, 0x00,
  0x00, 0x00, 0x00, 0x00, 0x17, 0x07, 0x07, 0xff, 0x7b, 0x0a, 0x16, 0xff, 0x0c, 0x05, 0x02, 0xff,
  0x00, 0x00, 0x00, 0x00, 0x7e, 0x62, 0x5f, 0xff, 0x25, 0x1c, 0x1f, 0xff, 0x1f, 0x02, 0x03, 0xff,
  0xa7, 0x1c, 0x2c, 0xff, 0x03, 0x03, 0x01, 0xff, 0x3c, 0x22, 0x27, 0xff, 0x2c, 0x0b, 0x0b, 0xff,
  0x01, 0x00, 0x00, 0xff, 0xc1, 0x1d, 0x30, 0xff, 0x10, 0x03, 0x04, 0xff, 0x15, 0x10, 0x10, 0xff,
  0x00, 0x00, 0x00, 0x00, 0x0c, 0x00, 0x01, 0xff, 0x6c, 0x0a, 0x11, 0xff, 0x0c, 0x00, 0x00, 0xff,
  0x00, 0x00, 0x00, 0x00, 0x47, 0x04, 0x0b, 0xff, 0x0e, 0x05, 0x07, 0xff, 0x00, 0x00, 0x00, 0x00,
  0x00, 0x00, 0x00, 0x00, 0x00, 0x00, 0x00, 0x00, 0x00, 0x00, 0x00, 0x00, 0x00, 0x00, 0x00, 0x00,
  0x00, 0x00, 0x00, 0x00, 0x00, 0x00, 0x00, 0x00, 0x00, 0x00, 0x00, 0x00, 0x00, 0x00, 0x00, 0x00,
  0x00, 0x00, 0x00, 0x00, 0x00, 0x00, 0x00, 0x00, 0x00, 0x00, 0x00, 0x00, 0x00, 0x00, 0x00, 0x00,
  0xd4, 0xa3, 0x9c, 0xff, 0x61, 0x47, 0x44, 0xff, 0x1b, 0x10, 0x10, 0xff, 0x22, 0x16, 0x19, 0xff,
  0x21, 0x18, 0x1b, 0xff, 0x0a, 0x04, 0x01, 0xff, 0x86, 0x07, 0x17, 0xff, 0x82, 0x07, 0x15, 0xff,
  0x81, 0x07, 0x13, 0xff, 0x7e, 0x09, 0x15, 0xff, 0xbc, 0x18, 0x29, 0xff, 0xac, 0x7e, 0x7b, 0xff,
  0x00, 0x00, 0x00, 0x00, 0x00, 0x00, 0x00, 0x00, 0x00, 0x00, 0x00, 0x00, 0x00, 0x00, 0x00, 0x00,
  0x00, 0x00, 0x00, 0x00, 0x00, 0x00, 0x00, 0x00, 0x00, 0x00, 0x00, 0x00, 0x00, 0x00, 0x00, 0x00,
  0x00, 0x00, 0x00, 0x00, 0x00, 0x00, 0x00, 0x00, 0x00, 0x00, 0x00, 0x00, 0x00, 0x00, 0x00, 0x00,
  0x00, 0x00, 0x00, 0x00, 0x00, 0x00, 0x00, 0x00, 0x00, 0x00, 0x00, 0x00, 0x00, 0x00, 0x00, 0x00,
  0x00, 0x00, 0x00, 0x00, 0x00, 0x00, 0x00, 0x00, 0x00, 0x00, 0x00, 0x00, 0x00, 0x00, 0x00, 0x00,
  0x00, 0x00, 0x00, 0x00, 0x00, 0x00, 0x00, 0x00, 0x00, 0x00, 0x00, 0x00, 0x00, 0x00, 0x00, 0x00,
  0x92, 0x17, 0x23, 0xff, 0x7b, 0x04, 0x10, 0xff, 0x7d, 0x07, 0x14, 0xff, 0x7e, 0x06, 0x12, 0xff,
  0x7d, 0x06, 0x13, 0xff, 0x67, 0x0f, 0x1b, 0xff, 0x08, 0x03, 0x03, 0xff, 0x0c, 0x09, 0x07, 0xff,
  0x00, 0x00, 0x00, 0x00, 0x00, 0x00, 0x00, 0x00, 0x00, 0x00, 0x00, 0x00, 0x00, 0x00, 0x00, 0x00,
  0x00, 0x00, 0x00, 0x00, 0x00, 0x00, 0x00, 0x00, 0x00, 0x00, 0x00, 0x00, 0x00, 0x00, 0x00, 0x00,
  0x00, 0x00, 0x00, 0x00, 0x00, 0x00, 0x00, 0x00, 0x00, 0x00, 0x00, 0x00, 0x00, 0x00, 0x00, 0x00,
  0x00, 0x00, 0x00, 0x00, 0x00, 0x00, 0x00, 0x00, 0x00, 0x00, 0x00, 0x00, 0x00, 0x00, 0x00, 0x00,
  0x00, 0x00, 0x00, 0x00, 0x14, 0x05, 0x03, 0xff, 0x2e, 0x21, 0x1f, 0xff, 0x00, 0x00, 0x00, 0x00,
  0x11, 0x02, 0x00, 0xff, 0x6e, 0x0b, 0x13, 0xff, 0x37, 0x27, 0x27, 0xff, 0x00, 0x00, 0x00, 0x00,
  0x20, 0x19, 0x16, 0xff, 0x0f, 0x07, 0x08, 0xff, 0xe1, 0x1e, 0x2a, 0xff, 0x01, 0x01, 0x01, 0xff,
  0x2a, 0x0c, 0x15, 0xff, 0x34, 0x1c, 0x20, 0xff, 0x01, 0x00, 0x01, 0xff, 0x74, 0x0f, 0x16, 0xff,
  0x3e, 0x01, 0x05, 0xff, 0x00, 0x00, 0x00, 0xff, 0x00, 0x00, 0x00, 0x00, 0x00, 0x00, 0x00, 0x00,
  0x00, 0x00, 0x00, 0x00, 0x4b, 0x0f, 0x13, 0xff, 0x28, 0x07, 0x06, 0xff, 0x00, 0x00, 0x00, 0x00,
  0x00, 0x00, 0x00, 0x00, 0x00, 0x00, 0x00, 0x00, 0x37, 0x05, 0x08, 0xff, 0x15, 0x0f, 0x0f, 0xff,
  0x2f, 0x02, 0x02, 0xff, 0x87, 0x0f, 0x19, 0xff, 0x48, 0x02, 0x08, 0xff, 0x05, 0x02, 0x01, 0xff,
  0x89, 0x14, 0x1f, 0xff, 0x1f, 0x10, 0x12, 0xff, 0x03, 0x02, 0x02, 0xff, 0x20, 0x19, 0x1b, 0xff,
  0x1f, 0x17, 0x1b, 0xff, 0x1c, 0x13, 0x16, 0xff, 0xc0, 0x2f, 0x32, 0xff, 0x0a, 0x06, 0x08, 0xff,
  0x96, 0x20, 0x2b, 0xff, 0x08, 0x00, 0x00, 0xff, 0x15, 0x0c, 0x0c, 0xff, 0x1e, 0x13, 0x13, 0xff,
  0x51, 0x0a, 0x0f, 0xff, 0x02, 0x01, 0x00, 0xff, 0x0f, 0x0c, 0x0e, 0xff, 0x00, 0x00, 0x00, 0xff,
  0x1d, 0x15, 0x17, 0xff, 0x1f, 0x16, 0x19, 0xff, 0x00, 0x00, 0x00, 0xff, 0x1c, 0x14, 0x15, 0xff,
  0x1b, 0x14, 0x13, 0xff, 0x15, 0x12, 0x13, 0xff, 0x23, 0x1b, 0x1e, 0xff, 0x34, 0x27, 0x29, 0xff,
  0x51, 0x04, 0x08, 0xff, 0x2b, 0x00, 0x00, 0xff, 0x3c, 0x2e, 0x2d, 0xff, 0x3e, 0x2d, 0x2f, 0xff,
  0x3e, 0x2d, 0x2f, 0xff, 0x3e, 0x2c, 0x2e, 0xff, 0x20, 0x06, 0x07, 0xff, 0xd0, 0x1f, 0x2a, 0xff,
  0x3e, 0x2f, 0x2d, 0xff, 0x3e, 0x2d, 0x2f, 0xff, 0x14, 0x11, 0x12, 0xff, 0x19, 0x12, 0x13, 0xff,
  0x1c, 0x14, 0x14, 0xff, 0x1f, 0x17, 0x18, 0xff, 0x1e, 0x16, 0x17, 0xff, 0x1b, 0x14, 0x13, 0xff,
  0x00, 0x01, 0x00, 0xff, 0x17, 0x12, 0x13, 0xff, 0x1e, 0x16, 0x15, 0xff, 0x98, 0x24, 0x30, 0xff,
  0x25, 0x1b, 0x1d, 0xff, 0x08, 0x06, 0x07, 0xff, 0x17, 0x0e, 0x0a, 0xff, 0x18, 0x02, 0x01, 0xff,
  0x1f, 0x13, 0x16, 0xff, 0xc2, 0x29, 0x30, 0xff, 0x03, 0x02, 0x00, 0xff, 0x21, 0x18, 0x1c, 0xff,
  0x1d, 0x14, 0x17, 0xff, 0x13, 0x0f, 0x10, 0xff, 0x17, 0x11, 0x13, 0xff, 0x88, 0x11, 0x1f, 0xff,
  0x07, 0x00, 0x00, 0xff, 0x56, 0x0f, 0x13, 0xff, 0x89, 0x0b, 0x14, 0xff, 0x4e, 0x0f, 0x10, 0xff,
  0x19, 0x0e, 0x11, 0xff, 0x40, 0x07, 0x0f, 0xff, 0x00, 0x00, 0x00, 0x00, 0x00, 0x00, 0x00, 0x00,
  0x00, 0x00, 0x00, 0x00, 0x0e, 0x08, 0x08, 0xff, 0x53, 0x16, 0x1b, 0xff, 0x00, 0x00, 0x00, 0x00,
  0x00, 0x00, 0x00, 0x00, 0x00, 0x00, 0x00, 0x00, 0x00, 0x00, 0x00, 0xff, 0x19, 0x02, 0x01, 0xff,
  0xbd, 0x21, 0x2f, 0xff, 0x00, 0x00, 0x00, 0xff, 0x3e, 0x22, 0x27, 0xff, 0x2b, 0x07, 0x08, 0xff,
  0x02, 0x01, 0x01, 0xff, 0xcc, 0x1c, 0x30, 0xff, 0x0f, 0x05, 0x05, 0xff, 0x05, 0x03, 0x02, 0xff,
  0x00, 0x00, 0x00, 0x00, 0x04, 0x02, 0x01, 0xff, 0x71, 0x09, 0x13, 0xff, 0x63, 0x4e, 0x4e, 0xff,
  0x00, 0x00, 0x00, 0x00, 0x3e, 0x06, 0x0c, 0xff, 0x00, 0x00, 0x00, 0x00, 0x00, 0x00, 0x00, 0x00,
  0x00, 0x00, 0x00, 0x00, 0x00, 0x00, 0x00, 0x00, 0x00, 0x00, 0x00, 0x00, 0x00, 0x00, 0x00, 0x00,
  0x00, 0x00, 0x00, 0x00, 0x00, 0x00, 0x00, 0x00, 0x00, 0x00, 0x00, 0x00, 0x00, 0x00, 0x00, 0x00,
  0x00, 0x00, 0x00, 0x00, 0x00, 0x00, 0x00, 0x00, 0x00, 0x00, 0x00, 0x00, 0x00, 0x00, 0x00, 0x00,
  0x00, 0x00, 0x00, 0x00, 0x00, 0x00, 0x00, 0x00, 0x00, 0x00, 0x00, 0x00, 0x00, 0x00, 0x00, 0x00,
  0x08, 0x06, 0x05, 0xff, 0x10, 0x0a, 0x09, 0xff, 0x82, 0x06, 0x14, 0xff, 0x7e, 0x07, 0x14, 0xff,
  0x83, 0x09, 0x17, 0xff, 0x81, 0x09, 0x16, 0xff, 0x78, 0x0b, 0x14, 0xff, 0x52, 0x09, 0x11, 0xff,
  0x00, 0x00, 0x00, 0x00, 0x00, 0x00, 0x00, 0x00, 0x00, 0x00, 0x00, 0x00, 0x00, 0x00, 0x00, 0x00,
  0x00, 0x00, 0x00, 0x00, 0x00, 0x00, 0x00, 0x00, 0x00, 0x00, 0x00, 0x00, 0x00, 0x00, 0x00, 0x00,
  0x00, 0x00, 0x00, 0x00, 0x00, 0x00, 0x00, 0x00, 0x00, 0x00, 0x00, 0x00, 0x00, 0x00, 0x00, 0x00,
  0x00, 0x00, 0x00, 0x00, 0x00, 0x00, 0x00, 0x00, 0x00, 0x00, 0x00, 0x00, 0x00, 0x00, 0x00, 0x00,
  0x00, 0x00, 0x00, 0x00, 0x00, 0x00, 0x00, 0x00, 0x00, 0x00, 0x00, 0x00, 0x00, 0x00, 0x00, 0x00,
  0x00, 0x00, 0x00, 0x00, 0x00, 0x00, 0x00, 0x00, 0x00, 0x00, 0x00, 0x00, 0x43, 0x04, 0x06, 0xff,
  0x48, 0x0c, 0x09, 0xff, 0x7b, 0x05, 0x12, 0xff, 0x7d, 0x06, 0x13, 0xff, 0x81, 0x05, 0x14, 0xff,
  0x73, 0x0f, 0x13, 0xff, 0x96, 0x74, 0x70, 0xff, 0x00, 0x00, 0x00, 0x00, 0x00, 0x00, 0x00, 0x00,
  0x00, 0x00, 0x00, 0x00, 0x00, 0x00, 0x00, 0x00, 0x00, 0x00, 0x00, 0x00, 0x00, 0x00, 0x00, 0x00,
  0x00, 0x00, 0x00, 0x00, 0x00, 0x00, 0x00, 0x00, 0x00, 0x00, 0x00, 0x00, 0x00, 0x00, 0x00, 0x00,
  0x00, 0x00, 0x00, 0x00, 0x00, 0x00, 0x00, 0x00, 0x00, 0x00, 0x00, 0x00, 0x00, 0x00, 0x00, 0x00,
  0x00, 0x00, 0x00, 0x00, 0x00, 0x00, 0x00, 0x00, 0x00, 0x00, 0x00, 0x00, 0x00, 0x00, 0x00, 0x00,
  0x00, 0x00, 0x00, 0x00, 0x00, 0x00, 0x00, 0x00, 0x35, 0x27, 0x24, 0xff, 0x00, 0x00, 0x00, 0x00,
  0x88, 0x6a, 0x67, 0xff, 0x6b, 0x08, 0x0f, 0xff, 0x00, 0x00, 0x00, 0x00, 0x00, 0x00, 0x00, 0x00,
  0x00, 0x00, 0x00, 0x00, 0x3e, 0x20, 0x21, 0xff, 0x17, 0x06, 0x03, 0xff, 0x00, 0x00, 0x00, 0xff,
  0x17, 0x08, 0x08, 0xff, 0x62, 0x11, 0x1e, 0xff, 0x01, 0x02, 0x01, 0xff, 0x09, 0x00, 0x01, 0xff,
  0x0e, 0x06, 0x05, 0xff, 0x15, 0x0f, 0x0c, 0xff, 0x00, 0x00, 0x00, 0x00, 0x00, 0x00, 0x00, 0x00,
  0x00, 0x00, 0x00, 0x00, 0x00, 0x00, 0x00, 0x00, 0x0f, 0x07, 0x06, 0xff, 0x00, 0x00, 0x00, 0x00,
  0x00, 0x00, 0x00, 0x00, 0x00, 0x00, 0x00, 0x00, 0x3b, 0x08, 0x09, 0xff, 0x15, 0x0f, 0x0f, 0xff,
  0x12, 0x0b, 0x0f, 0xff, 0x09, 0x00, 0x00, 0xff, 0xc7, 0x2d, 0x37, 0xff, 0x57, 0x06, 0x0a, 0xff,
  0x02, 0x00, 0x00, 0xff, 0x8d, 0x21, 0x2d, 0xff, 0x1c, 0x13, 0x15, 0xff, 0x25, 0x1c, 0x1e, 0xff,
  0x15, 0x11, 0x12, 0xff, 0x1f, 0x16, 0x18, 0xff, 0xa7, 0x2a, 0x30, 0xff, 0x4e, 0x1d, 0x1e, 0xff,
  0x1f, 0x06, 0x0a, 0xff, 0x8d, 0x22, 0x27, 0xff, 0x0e, 0x09, 0x08, 0xff, 0x1e, 0x10, 0x13, 0xff,
  0x01, 0x02, 0x01, 0xff, 0x00, 0x00, 0x00, 0xff, 0x22, 0x1c, 0x1e, 0xff, 0x00, 0x00, 0x00, 0xff,
  0x1d, 0x16, 0x16, 0xff, 0x1c, 0x13, 0x15, 0xff, 0x1f, 0x18, 0x19, 0xff, 0x1b, 0x14, 0x13, 0xff,
  0x17, 0x12, 0x13, 0xff, 0x15, 0x10, 0x12, 0xff, 0x34, 0x27, 0x28, 0xff, 0x34, 0x24, 0x27, 0xff,
  0x7d, 0x0f, 0x13, 0xff, 0x24, 0x00, 0x00, 0xff, 0x3e, 0x2e, 0x2f, 0xff, 0x3e, 0x2f, 0x2f, 0xff,
  0x3d, 0x2e, 0x2f, 0xff, 0x40, 0x2e, 0x2f, 0xff, 0x11, 0x02, 0x02, 0xff, 0xd4, 0x18, 0x27, 0xff,
  0x41, 0x2f, 0x30, 0xff, 0x3d, 0x2b, 0x2d, 0xff, 0x15, 0x10, 0x13, 0xff, 0x18, 0x12, 0x14, 0xff,
  0x02, 0x02, 0x01, 0xff, 0x22, 0x19, 0x19, 0xff, 0x1c, 0x15, 0x16, 0xff, 0x1d, 0x16, 0x16, 0xff,
  0x18, 0x12, 0x13, 0xff, 0x19, 0x13, 0x14, 0xff, 0x00, 0x00, 0x00, 0xff, 0x06, 0x01, 0x03, 0xff,
  0x09, 0x0a, 0x0a, 0xff, 0x0c, 0x0a, 0x08, 0xff, 0x12, 0x09, 0x03, 0xff, 0x18, 0x0a, 0x0c, 0xff,
  0x1e, 0x06, 0x05, 0xff, 0x94, 0x2e, 0x31, 0xff, 0x03, 0x02, 0x04, 0xff, 0x1d, 0x16, 0x16, 0xff,
  0x15, 0x12, 0x13, 0xff, 0x18, 0x12, 0x16, 0xff, 0x8b, 0x1d, 0x28, 0xff, 0x01, 0x00, 0x00, 0xff,
  0x49, 0x03, 0x09, 0xff, 0x9e, 0x0f, 0x1d, 0xff, 0x0a, 0x02, 0x00, 0xff, 0x14, 0x0b, 0x10, 0xff,
  0x13, 0x0e, 0x0f, 0xff, 0x40, 0x09, 0x0f, 0xff, 0x00, 0x00, 0x00, 0x00, 0x00, 0x00, 0x00, 0x00,
  0x00, 0x00, 0x00, 0x00, 0x53, 0x3e, 0x3e, 0xff, 0x00, 0x00, 0x00, 0x00, 0x00, 0x00, 0x00, 0x00,
  0x00, 0x00, 0x00, 0x00, 0x00, 0x00, 0x00, 0x00, 0x09, 0x02, 0x02, 0xff, 0x10, 0x05, 0x07, 0xff,
  0x11, 0x02, 0x03, 0xff, 0x00, 0x00, 0x00, 0xff, 0x62, 0x18, 0x25, 0xff, 0x47, 0x0f, 0x15, 0xff,
  0x01, 0x01, 0x01, 0xff, 0x15, 0x01, 0x02, 0xff, 0x0e, 0x08, 0x06, 0xff, 0x7e, 0x60, 0x61, 0xff,
  0x00, 0x00, 0x00, 0x00, 0xac, 0x88, 0x82, 0xff, 0x51, 0x0f, 0x13, 0xff, 0x00, 0x00, 0x00, 0x00,
  0x00, 0x00, 0x00, 0x00, 0x8d, 0x6d, 0x69, 0xff, 0x00, 0x00, 0x00, 0x00, 0x00, 0x00, 0x00, 0x00,
  0x00, 0x00, 0x00, 0x00, 0x00, 0x00, 0x00, 0x00, 0x00, 0x00, 0x00, 0x00, 0x00, 0x00, 0x00, 0x00,
  0x00, 0x00, 0x00, 0x00, 0x00, 0x00, 0x00, 0x00, 0x00, 0x00, 0x00, 0x00, 0x00, 0x00, 0x00, 0x00,
  0x00, 0x00, 0x00, 0x00, 0x00, 0x00, 0x00, 0x00, 0x00, 0x00, 0x00, 0x00, 0x00, 0x00, 0x00, 0x00,
  0x00, 0x00, 0x00, 0x00, 0x00, 0x00, 0x00, 0x00, 0x00, 0x00, 0x00, 0x00, 0x00, 0x00, 0x00, 0x00,
  0x00, 0x00, 0x00, 0x00, 0x00, 0x00, 0x00, 0x00, 0x0f, 0x08, 0x05, 0xff, 0x79, 0x07, 0x13, 0xff,
  0x81, 0x07, 0x15, 0xff, 0x82, 0x09, 0x17, 0xff, 0x81, 0x0b, 0x17, 0xff, 0xc6, 0x20, 0x2f, 0xff,
  0x04, 0x05, 0x04, 0xff, 0x00, 0x00, 0x00, 0x00, 0x00, 0x00, 0x00, 0x00, 0x00, 0x00, 0x00, 0x00,
  0x00, 0x00, 0x00, 0x00, 0x00, 0x00, 0x00, 0x00, 0x00, 0x00, 0x00, 0x00, 0x00, 0x00, 0x00, 0x00,
  0x00, 0x00, 0x00, 0x00, 0x00, 0x00, 0x00, 0x00, 0x00, 0x00, 0x00, 0x00, 0x00, 0x00, 0x00, 0x00,
  0x00, 0x00, 0x00, 0x00, 0x00, 0x00, 0x00, 0x00, 0x00, 0x00, 0x00, 0x00, 0x00, 0x00, 0x00, 0x00,
  0x00, 0x00, 0x00, 0x00, 0x00, 0x00, 0x00, 0x00, 0x00, 0x00, 0x00, 0x00, 0x00, 0x00, 0x00, 0x00,
  0x00, 0x00, 0x00, 0x00, 0x00, 0x00, 0x00, 0x00, 0x00, 0x00, 0x00, 0x00, 0xc3, 0x30, 0x3b, 0xff,
  0x7b, 0x07, 0x12, 0xff, 0x7d, 0x05, 0x13, 0xff, 0x7e, 0x06, 0x14, 0xff, 0x7c, 0x07, 0x13, 0xff,
  0x55, 0x3e, 0x3b, 0xff, 0x00, 0x00, 0x00, 0x00, 0x00, 0x00, 0x00, 0x00, 0x00, 0x00, 0x00, 0x00,
  0x00, 0x00, 0x00, 0x00, 0x00, 0x00, 0x00, 0x00, 0x00, 0x00, 0x00, 0x00, 0x00, 0x00, 0x00, 0x00,
  0x00, 0x00, 0x00, 0x00, 0x00, 0x00, 0x00, 0x00, 0x00, 0x00, 0x00, 0x00, 0x00, 0x00, 0x00, 0x00,
  0x00, 0x00, 0x00, 0x00, 0x00, 0x00, 0x00, 0x00, 0x00, 0x00, 0x00, 0x00, 0x00, 0x00, 0x00, 0x00,
  0x00, 0x00, 0x00, 0x00, 0x00, 0x00, 0x00, 0x00, 0x00, 0x00, 0x00, 0x00, 0x00, 0x00, 0x00, 0x00,
  0x00, 0x00, 0x00, 0x00, 0x00, 0x00, 0x00, 0x00, 0x00, 0x00, 0x00, 0x00, 0x00, 0x00, 0x00, 0x00,
  0x00, 0x00, 0x00, 0x00, 0x18, 0x0e, 0x0c, 0xff, 0x00, 0x00, 0x00, 0x00, 0x00, 0x00, 0x00, 0x00,
  0x00, 0x00, 0x00, 0x00, 0x5b, 0x12, 0x1d, 0xff, 0x1f, 0x11, 0x13, 0xff, 0x12, 0x0c, 0x0c, 0xff,
  0x02, 0x00, 0x00, 0xff, 0x69, 0x0f, 0x16, 0xff, 0x00, 0x00, 0x00, 0x00, 0x00, 0x00, 0x00, 0xff,
  0x2e, 0x0e, 0x11, 0xff, 0x0f, 0x07, 0x07, 0xff, 0x00, 0x00, 0x00, 0x00, 0x00, 0x00, 0x00, 0x00,
  0x00, 0x00, 0x00, 0x00, 0x00, 0x00, 0x00, 0x00, 0x00, 0x00, 0x00, 0x00, 0x00, 0x00, 0x00, 0x00,
  0x00, 0x00, 0x00, 0x00, 0x00, 0x00, 0x00, 0x00, 0x36, 0x0a, 0x0e, 0xff, 0x13, 0x0c, 0x0f, 0xff,
  0x11, 0x0a, 0x0f, 0xff, 0x3b, 0x0c, 0x0c, 0xff, 0x09, 0x01, 0x03, 0xff, 0x92, 0x1d, 0x27, 0xff,
  0x58, 0x02, 0x07, 0xff, 0x0c, 0x00, 0x00, 0xff, 0x54, 0x0f, 0x16, 0xff, 0x20, 0x18, 0x19, 0xff,
  0x1f, 0x17, 0x17, 0xff, 0x00, 0x00, 0x00, 0xff, 0x1c, 0x12, 0x13, 0xff, 0x2a, 0x05, 0x02, 0xff,
  0x34, 0x06, 0x04, 0xff, 0x0c, 0x06, 0x03, 0xff, 0x09, 0x06, 0x05, 0xff, 0x0c, 0x09, 0x07, 0xff,
  0x1c, 0x09, 0x06, 0xff, 0x0e, 0x00, 0x00, 0xff, 0x1f, 0x17, 0x1b, 0xff, 0x19, 0x13, 0x14, 0xff,
  0x1c, 0x15, 0x16, 0xff, 0x0e, 0x0a, 0x0b, 0xff, 0x1b, 0x12, 0x13, 0xff, 0x18, 0x12, 0x12, 0xff,
  0x13, 0x0f, 0x10, 0xff, 0x14, 0x10, 0x11, 0xff, 0x34, 0x25, 0x28, 0xff, 0x37, 0x23, 0x29, 0xff,
  0xd3, 0x12, 0x21, 0xff, 0x0e, 0x01, 0x00, 0xff, 0x02, 0x01, 0x00, 0xff, 0x01, 0x00, 0x00, 0xff,
  0x02, 0x00, 0x01, 0xff, 0x06, 0x02, 0x01, 0xff, 0x06, 0x02, 0x01, 0xff, 0xde, 0x1f, 0x2f, 0xff,
  0x0b, 0x03, 0x04, 0xff, 0x3d, 0x29, 0x2a, 0xff, 0x15, 0x0f, 0x12, 0xff, 0x17, 0x10, 0x12, 0xff,
  0x02, 0x02, 0x02, 0xff, 0x23, 0x16, 0x17, 0xff, 0x00, 0x01, 0x00, 0xff, 0x19, 0x12, 0x13, 0xff,
  0x1d, 0x16, 0x16, 0xff, 0x13, 0x0f, 0x11, 0xff, 0x0a, 0x00, 0x00, 0xff, 0x07, 0x02, 0x01, 0xff,
  0x0a, 0x06, 0x05, 0xff, 0x07, 0x05, 0x02, 0xff, 0x03, 0x03, 0x01, 0xff, 0x6f, 0x19, 0x1f, 0xff,
  0x28, 0x08, 0x05, 0xff, 0x1b, 0x14, 0x15, 0xff, 0x00, 0x00, 0x00, 0xff, 0x1b, 0x13, 0x16, 0xff,
  0x19, 0x12, 0x15, 0xff, 0x82, 0x23, 0x29, 0xff, 0x0f, 0x00, 0x00, 0xff, 0x56, 0x06, 0x0c, 0xff,
  0x8d, 0x19, 0x22, 0xff, 0x02, 0x02, 0x01, 0xff, 0x6d, 0x05, 0x0f, 0xff, 0x0f, 0x09, 0x0a, 0xff,
  0x17, 0x0f, 0x12, 0xff, 0x40, 0x0e, 0x12, 0xff, 0x00, 0x00, 0x00, 0x00, 0x00, 0x00, 0x00, 0x00,
  0x00, 0x00, 0x00, 0x00, 0x00, 0x00, 0x00, 0x00, 0x00, 0x00, 0x00, 0x00, 0x00, 0x00, 0x00, 0x00,
  0x00, 0x00, 0x00, 0x00, 0x00, 0x00, 0x00, 0x00, 0x08, 0x01, 0x01, 0xff, 0x0c, 0x0a, 0x05, 0xff,
  0x10, 0x05, 0x05, 0xff, 0x00, 0x00, 0x00, 0x00, 0x76, 0x13, 0x1f, 0xff, 0x47, 0x04, 0x0e, 0xff,
  0x00, 0x00, 0x00, 0x00, 0x2d, 0x16, 0x1b, 0xff, 0x52, 0x16, 0x1e, 0xff, 0x61, 0x4e, 0x4f, 0xff,
  0x00, 0x00, 0x00, 0x00, 0x00, 0x00, 0x00, 0x00, 0x00, 0x00, 0x00, 0x00, 0x00, 0x00, 0x00, 0x00,
  0x00, 0x00, 0x00, 0x00, 0x00, 0x00, 0x00, 0x00, 0x00, 0x00, 0x00, 0x00, 0x00, 0x00, 0x00, 0x00,
  0x00, 0x00, 0x00, 0x00, 0x00, 0x00, 0x00, 0x00, 0x00, 0x00, 0x00, 0x00, 0x00, 0x00, 0x00, 0x00,
  0x00, 0x00, 0x00, 0x00, 0x00, 0x00, 0x00, 0x00, 0x00, 0x00, 0x00, 0x00, 0x00, 0x00, 0x00, 0x00,
  0x00, 0x00, 0x00, 0x00, 0x00, 0x00, 0x00, 0x00, 0x00, 0x00, 0x00, 0x00, 0x00, 0x00, 0x00, 0x00,
  0x00, 0x00, 0x00, 0x00, 0x00, 0x00, 0x00, 0x00, 0x00, 0x00, 0x00, 0x00, 0x00, 0x00, 0x00, 0x00,
  0x00, 0x00, 0x00, 0x00, 0x00, 0x00, 0x00, 0x00, 0x00, 0x00, 0x00, 0x00, 0x1c, 0x08, 0x03, 0xff,
  0x7d, 0x07, 0x16, 0xff, 0x7d, 0x09, 0x15, 0xff, 0x7c, 0x09, 0x15, 0xff, 0x77, 0x0c, 0x14, 0xff,
  0x90, 0x1f, 0x2c, 0xff, 0x00, 0x00, 0x00, 0x00, 0x00, 0x00, 0x00, 0x00, 0x00, 0x00, 0x00, 0x00,
  0x00, 0x00, 0x00, 0x00, 0x00, 0x00, 0x00, 0x00, 0x00, 0x00, 0x00, 0x00, 0x00, 0x00, 0x00, 0x00,
  0x00, 0x00, 0x00, 0x00, 0x00, 0x00, 0x00, 0x00, 0x00, 0x00, 0x00, 0x00, 0x00, 0x00, 0x00, 0x00,
  0x00, 0x00, 0x00, 0x00, 0x00, 0x00, 0x00, 0x00, 0x00, 0x00, 0x00, 0x00, 0x00, 0x00, 0x00, 0x00,
  0x00, 0x00, 0x00, 0x00, 0x00, 0x00, 0x00, 0x00, 0x00, 0x00, 0x00, 0x00, 0x00, 0x00, 0x00, 0x00,
  0x00, 0x00, 0x00, 0x00, 0x00, 0x00, 0x00, 0x00, 0x00, 0x00, 0x00, 0x00, 0x3e, 0x05, 0x03, 0xff,
  0x80, 0x09, 0x14, 0xff, 0x80, 0x07, 0x14, 0xff, 0x7e, 0x06, 0x14, 0xff, 0x13, 0x03, 0x02, 0xff,
  0x00, 0x00, 0x00, 0x00, 0x00, 0x00, 0x00, 0x00, 0x00, 0x00, 0x00, 0x00, 0x00, 0x00, 0x00, 0x00,
  0x00, 0x00, 0x00, 0x00, 0x00, 0x00, 0x00, 0x00, 0x00, 0x00, 0x00, 0x00, 0x00, 0x00, 0x00, 0x00,
  0x00, 0x00, 0x00, 0x00, 0x00, 0x00, 0x00, 0x00, 0x00, 0x00, 0x00, 0x00, 0x00, 0x00, 0x00, 0x00,
  0x00, 0x00, 0x00, 0x00, 0x00, 0x00, 0x00, 0x00, 0x00, 0x00, 0x00, 0x00, 0x00, 0x00, 0x00, 0x00,
  0x00, 0x00, 0x00, 0x00, 0x00, 0x00, 0x00, 0x00, 0x00, 0x00, 0x00, 0x00, 0x00, 0x00, 0x00, 0x00,
  0x00, 0x00, 0x00, 0x00, 0x00, 0x00, 0x00, 0x00, 0x00, 0x00, 0x00, 0x00, 0x00, 0x00, 0x00, 0x00,
  0x00, 0x00, 0x00, 0x00, 0x00, 0x00, 0x00, 0x00, 0x00, 0x00, 0x00, 0x00, 0x00, 0x00, 0x00, 0x00,
  0x00, 0x00, 0x00, 0x00, 0x65, 0x14, 0x1d, 0xff, 0x3b, 0x0f, 0x13, 0xff, 0xd0, 0x9e, 0x9c, 0xff,
  0x00, 0x00, 0x00, 0xff, 0x5d, 0x0a, 0x0f, 0xff, 0x00, 0x00, 0x00, 0x00, 0x00, 0x00, 0x00, 0xff,
  0x4f, 0x11, 0x13, 0xff, 0x06, 0x02, 0x01, 0xff, 0x00, 0x00, 0x00, 0x00, 0x00, 0x00, 0x00, 0x00,
  0x00, 0x00, 0x00, 0x00, 0x00, 0x00, 0x00, 0x00, 0x00, 0x00, 0x00, 0x00, 0x00, 0x00, 0x00, 0x00,
  0x00, 0x00, 0x00, 0x00, 0x00, 0x00, 0x00, 0x00, 0x6c, 0x4e, 0x4c, 0xff, 0x0f, 0x09, 0x0b, 0xff,
  0x0f, 0x02, 0x02, 0xff, 0x6f, 0x0b, 0x13, 0xff, 0x04, 0x02, 0x01, 0xff, 0x10, 0x0a, 0x09, 0xff,
  0x5e, 0x0c, 0x10, 0xff, 0x5e, 0x05, 0x09, 0xff, 0x08, 0x00, 0x00, 0xff, 0x2d, 0x09, 0x11, 0xff,
  0x1d, 0x14, 0x17, 0xff, 0x1e, 0x16, 0x16, 0xff, 0x02, 0x02, 0x01, 0xff, 0x17, 0x0f, 0x12, 0xff,
  0x18, 0x08, 0x03, 0xff, 0x34, 0x0c, 0x0f, 0xff, 0x0f, 0x06, 0x05, 0xff, 0x17, 0x05, 0x05, 0xff,
  0x05, 0x03, 0x02, 0xff, 0x8f, 0x13, 0x1e, 0xff, 0x11, 0x0c, 0x0f, 0xff, 0x1d, 0x16, 0x16, 0xff,
  0x1b, 0x14, 0x15, 0xff, 0x05, 0x00, 0x00, 0xff, 0x70, 0x09, 0x17, 0xff, 0x03, 0x01, 0x01, 0xff,
  0x1c, 0x13, 0x13, 0xff, 0x00, 0x00, 0x00, 0xff, 0x37, 0x29, 0x2a, 0xff, 0x70, 0x0a, 0x11, 0xff,
  0x42, 0x02, 0x02, 0xff, 0x42, 0x2f, 0x2e, 0xff, 0x42, 0x2f, 0x2f, 0xff, 0x41, 0x2f, 0x2f, 0xff,
  0x41, 0x2f, 0x2f, 0xff, 0x42, 0x2f, 0x32, 0xff, 0x40, 0x2c, 0x2f, 0xff, 0x1f, 0x04, 0x04, 0xff,
  0xab, 0x19, 0x22, 0xff, 0x3d, 0x2b, 0x2e, 0xff, 0x03, 0x02, 0x03, 0xff, 0x1e, 0x14, 0x16, 0xff,
  0x0c, 0x08, 0x08, 0xff, 0x4e, 0x06, 0x09, 0xff, 0x30, 0x02, 0x05, 0xff, 0x1e, 0x12, 0x15, 0xff,
  0x1c, 0x15, 0x16, 0xff, 0x00, 0x00, 0x00, 0xff, 0xa1, 0x1f, 0x2b, 0xff, 0x28, 0x17, 0x19, 0xff,
  0x05, 0x05, 0x03, 0xff, 0x06, 0x06, 0x05, 0xff, 0x45, 0x0c, 0x11, 0xff, 0x17, 0x0f, 0x0b, 0xff,
  0x18, 0x11, 0x15, 0xff, 0x0c, 0x09, 0x0a, 0xff, 0x09, 0x06, 0x09, 0xff, 0x1f, 0x16, 0x19, 0xff,
  0x39, 0x0c, 0x11, 0xff, 0x00, 0x00, 0x00, 0xff, 0x5e, 0x07, 0x0c, 0xff, 0x5d, 0x13, 0x17, 0xff,
  0x13, 0x0a, 0x0c, 0xff, 0x06, 0x00, 0x01, 0xff, 0x68, 0x04, 0x0f, 0xff, 0x48, 0x09, 0x0f, 0xff,
  0x10, 0x0b, 0x0f, 0xff, 0x1c, 0x02, 0x03, 0xff, 0x00, 0x00, 0x00, 0x00, 0x00, 0x00, 0x00, 0x00,
  0x00, 0x00, 0x00, 0x00, 0x00, 0x00, 0x00, 0x00, 0x00, 0x00, 0x00, 0x00, 0x00, 0x00, 0x00, 0x00,
  0x00, 0x00, 0x00, 0x00, 0x00, 0x00, 0x00, 0x00, 0x05, 0x03, 0x04, 0xff, 0x69, 0x10, 0x19, 0xff,
  0x0c, 0x02, 0x02, 0xff, 0x00, 0x00, 0x00, 0x00, 0x6d, 0x12, 0x1b, 0xff, 0x3d, 0x03, 0x08, 0xff,
  0x00, 0x00, 0x00, 0x00, 0x0f, 0x06, 0x08, 0xff, 0x52, 0x10, 0x15, 0xff, 0x62, 0x4c, 0x48, 0xff,
  0x00, 0x00, 0x00, 0x00, 0x00, 0x00, 0x00, 0x00, 0x00, 0x00, 0x00, 0x00, 0x00, 0x00, 0x00, 0x00,
  0x00, 0x00, 0x00, 0x00, 0x00, 0x00, 0x00, 0x00, 0x00, 0x00, 0x00, 0x00, 0x00, 0x00, 0x00, 0x00,
  0x00, 0x00, 0x00, 0x00, 0x00, 0x00, 0x00, 0x00, 0x00, 0x00, 0x00, 0x00, 0x00, 0x00, 0x00, 0x00,
  0x00, 0x00, 0x00, 0x00, 0x00, 0x00, 0x00, 0x00, 0x00, 0x00, 0x00, 0x00, 0x00, 0x00, 0x00, 0x00,
  0x00, 0x00, 0x00, 0x00, 0x00, 0x00, 0x00, 0x00, 0x00, 0x00, 0x00, 0x00, 0x00, 0x00, 0x00, 0x00,
  0x00, 0x00, 0x00, 0x00, 0x00, 0x00, 0x00, 0x00, 0x00, 0x00, 0x00, 0x00, 0x00, 0x00, 0x00, 0x00,
  0x00, 0x00, 0x00, 0x00, 0x00, 0x00, 0x00, 0x00, 0x00, 0x00, 0x00, 0x00, 0x00, 0x00, 0x00, 0x00,
  0x31, 0x03, 0x05, 0xff, 0x7b, 0x09, 0x17, 0xff, 0x7b, 0x08, 0x14, 0xff, 0x77, 0x09, 0x13, 0xff,
  0xaa, 0x2a, 0x35, 0xff, 0x00, 0x00, 0x00, 0x00, 0x00, 0x00, 0x00, 0x00, 0x00, 0x00, 0x00, 0x00,
  0x00, 0x00, 0x00, 0x00, 0x00, 0x00, 0x00, 0x00, 0x00, 0x00, 0x00, 0x00, 0x00, 0x00, 0x00, 0x00,
  0x00, 0x00, 0x00, 0x00, 0x00, 0x00, 0x00, 0x00, 0x00, 0x00, 0x00, 0x00, 0x00, 0x00, 0x00, 0x00,
  0x00, 0x00, 0x00, 0x00, 0x00, 0x00, 0x00, 0x00, 0x00, 0x00, 0x00, 0x00, 0x00, 0x00, 0x00, 0x00,
  0x00, 0x00, 0x00, 0x00, 0x00, 0x00, 0x00, 0x00, 0x00, 0x00, 0x00, 0x00, 0x00, 0x00, 0x00, 0x00,
  0x00, 0x00, 0x00, 0x00, 0x00, 0x00, 0x00, 0x00, 0x00, 0x00, 0x00, 0x00, 0x57, 0x08, 0x0c, 0xff,
  0x82, 0x07, 0x14, 0xff, 0x82, 0x07, 0x15, 0xff, 0x1d, 0x01, 0x00, 0xff, 0x00, 0x00, 0x00, 0x00,
  0x00, 0x00, 0x00, 0x00, 0x00, 0x00, 0x00, 0x00, 0x00, 0x00, 0x00, 0x00, 0x00, 0x00, 0x00, 0x00,
  0x00, 0x00, 0x00, 0x00, 0x00, 0x00, 0x00, 0x00, 0x00, 0x00, 0x00, 0x00, 0x00, 0x00, 0x00, 0x00,
  0x00, 0x00, 0x00, 0x00, 0x00, 0x00, 0x00, 0x00, 0x00, 0x00, 0x00, 0x00, 0x00, 0x00, 0x00, 0x00,
  0x00, 0x00, 0x00, 0x00, 0x00, 0x00, 0x00, 0x00, 0x00, 0x00, 0x00, 0x00, 0x00, 0x00, 0x00, 0x00,
  0x00, 0x00, 0x00, 0x00, 0x00, 0x00, 0x00, 0x00, 0x00, 0x00, 0x00, 0x00, 0x00, 0x00, 0x00, 0x00,
  0x00, 0x00, 0x00, 0x00, 0x00, 0x00, 0x00, 0x00, 0x00, 0x00, 0x00, 0x00, 0x00, 0x00, 0x00, 0x00,
  0x00, 0x00, 0x00, 0x00, 0x00, 0x00, 0x00, 0x00, 0x00, 0x00, 0x00, 0x00, 0x00, 0x00, 0x00, 0x00,
  0x00, 0x00, 0x00, 0x00, 0x12, 0x0e, 0x0b, 0xff, 0x4b, 0x0a, 0x10, 0xff, 0x00, 0x00, 0x00, 0x00,
  0xd3, 0xa6, 0xa0, 0xff, 0x53, 0x0b, 0x13, 0xff, 0x00, 0x00, 0x00, 0x00, 0x01, 0x02, 0x01, 0xff,
  0x54, 0x0f, 0x13, 0xff, 0x00, 0x00, 0x00, 0x00, 0x00, 0x00, 0x00, 0x00, 0x00, 0x00, 0x00, 0x00,
  0x00, 0x00, 0x00, 0x00, 0x00, 0x00, 0x00, 0x00, 0x00, 0x00, 0x00, 0x00, 0x00, 0x00, 0x00, 0x00,
  0x00, 0x00, 0x00, 0x00, 0x00, 0x00, 0x00, 0x00, 0x63, 0x4b, 0x49, 0xff, 0x28, 0x0c, 0x0f, 0xff,
  0x5d, 0x0a, 0x11, 0xff, 0x73, 0x05, 0x0f, 0xff, 0x0a, 0x03, 0x05, 0xff, 0x11, 0x0a, 0x0e, 0xff,
  0x11, 0x0a, 0x0b, 0xff, 0x22, 0x01, 0x01, 0xff, 0x82, 0x0b, 0x13, 0xff, 0x11, 0x00, 0x00, 0xff,
  0x21, 0x16, 0x18, 0xff, 0x22, 0x19, 0x1b, 0xff, 0x17, 0x12, 0x10, 0xff, 0x17, 0x12, 0x13, 0xff,
  0x14, 0x10, 0x11, 0xff, 0x15, 0x01, 0x00, 0xff, 0x31, 0x06, 0x0c, 0xff, 0x20, 0x15, 0x17, 0xff,
  0x1e, 0x16, 0x17, 0xff, 0x5c, 0x0e, 0x0f, 0xff, 0x03, 0x03, 0x02, 0xff, 0x1e, 0x15, 0x18, 0xff,
  0x1e, 0x16, 0x16, 0xff, 0x50, 0x0b, 0x12, 0xff, 0x94, 0x0e, 0x14, 0xff, 0x9c, 0x0a, 0x14, 0xff,
  0x42, 0x04, 0x0a, 0xff, 0x07, 0x05, 0x06, 0xff, 0x12, 0x0f, 0x0f, 0xff, 0x78, 0x22, 0x25, 0xff,
  0x4f, 0x34, 0x37, 0xff, 0x47, 0x35, 0x34, 0xff, 0x47, 0x36, 0x37, 0xff, 0x46, 0x34, 0x35, 0xff,
  0x48, 0x34, 0x37, 0xff, 0x45, 0x34, 0x36, 0xff, 0x46, 0x32, 0x35, 0xff, 0x45, 0x32, 0x37, 0xff,
  0x3e, 0x0a, 0x0e, 0xff, 0x00, 0x00, 0x00, 0xff, 0x1c, 0x13, 0x15, 0xff, 0x19, 0x06, 0x08, 0xff,
  0x9c, 0x0e, 0x17, 0xff, 0xa7, 0x0a, 0x17, 0xff, 0x67, 0x08, 0x0f, 0xff, 0x1c, 0x16, 0x15, 0xff,
  0x1c, 0x13, 0x15, 0xff, 0x07, 0x06, 0x07, 0xff, 0x8d, 0x1e, 0x29, 0xff, 0x20, 0x16, 0x19, 0xff,
  0x20, 0x19, 0x1d, 0xff, 0x51, 0x0a, 0x11, 0xff, 0x13, 0x03, 0x05, 0xff, 0x17, 0x10, 0x13, 0xff,
  0x17, 0x11, 0x14, 0xff, 0x10, 0x0f, 0x0f, 0xff, 0x0b, 0x09, 0x0a, 0xff, 0x1e, 0x16, 0x1b, 0xff,
  0x03, 0x00, 0x00, 0xff, 0x6d, 0x08, 0x0f, 0xff, 0x23, 0x09, 0x08, 0xff, 0x07, 0x04, 0x04, 0xff,
  0x15, 0x0f, 0x11, 0xff, 0x0f, 0x06, 0x08, 0xff, 0x6c, 0x04, 0x0f, 0xff, 0x6d, 0x03, 0x0f, 0xff,
  0x12, 0x07, 0x0b, 0xff, 0x07, 0x00, 0x00, 0xff, 0x00, 0x00, 0x00, 0x00, 0x00, 0x00, 0x00, 0x00,
  0x00, 0x00, 0x00, 0x00, 0x00, 0x00, 0x00, 0x00, 0x00, 0x00, 0x00, 0x00, 0x00, 0x00, 0x00, 0x00,
  0x00, 0x00, 0x00, 0x00, 0x00, 0x00, 0x00, 0x00, 0x00, 0x00, 0x00, 0x00, 0x1e, 0x07, 0x08, 0xff,
  0x23, 0x05, 0x09, 0xff, 0x00, 0x00, 0x00, 0x00, 0x1e, 0x06, 0x05, 0xff, 0x17, 0x06, 0x05, 0xff,
  0x00, 0x00, 0x00, 0x00, 0x21, 0x06, 0x06, 0xff, 0x32, 0x0f, 0x12, 0xff, 0x00, 0x00, 0x00, 0x00,
  0x00, 0x00, 0x00, 0x00, 0x00, 0x00, 0x00, 0x00, 0x00, 0x00, 0x00, 0x00, 0x00, 0x00, 0x00, 0x00,
  0x00, 0x00, 0x00, 0x00, 0x00, 0x00, 0x00, 0x00, 0x00, 0x00, 0x00, 0x00, 0x00, 0x00, 0x00, 0x00,
  0x00, 0x00, 0x00, 0x00, 0x00, 0x00, 0x00, 0x00, 0x00, 0x00, 0x00, 0x00, 0x00, 0x00, 0x00, 0x00,
  0x00, 0x00, 0x00, 0x00, 0x00, 0x00, 0x00, 0x00, 0x00, 0x00, 0x00, 0x00, 0x00, 0x00, 0x00, 0x00,
  0x00, 0x00, 0x00, 0x00, 0x00, 0x00, 0x00, 0x00, 0x00, 0x00, 0x00, 0x00, 0x00, 0x00, 0x00, 0x00,
  0x00, 0x00, 0x00, 0x00, 0x00, 0x00, 0x00, 0x00, 0x00, 0x00, 0x00, 0x00, 0x00, 0x00, 0x00, 0x00,
  0x00, 0x00, 0x00, 0x00, 0x00, 0x00, 0x00, 0x00, 0x00, 0x00, 0x00, 0x00, 0x00, 0x00, 0x00, 0x00,
  0x00, 0x00, 0x00, 0x00, 0x57, 0x0b, 0x11, 0xff, 0x7a, 0x07, 0x13, 0xff, 0x78, 0x09, 0x15, 0xff,
  0xb9, 0x1e, 0x2b, 0xff, 0xcb, 0x9b, 0x97, 0xff, 0x00, 0x00, 0x00, 0x00, 0x00, 0x00, 0x00, 0x00,
  0x00, 0x00, 0x00, 0x00, 0x00, 0x00, 0x00, 0x00, 0x00, 0x00, 0x00, 0x00, 0x00, 0x00, 0x00, 0x00,
  0x00, 0x00, 0x00, 0x00, 0x00, 0x00, 0x00, 0x00, 0x00, 0x00, 0x00, 0x00, 0x00, 0x00, 0x00, 0x00,
  0x00, 0x00, 0x00, 0x00, 0x00, 0x00, 0x00, 0x00, 0x00, 0x00, 0x00, 0x00, 0x00, 0x00, 0x00, 0x00,
  0x00, 0x00, 0x00, 0x00, 0x00, 0x00, 0x00, 0x00, 0x00, 0x00, 0x00, 0x00, 0x00, 0x00, 0x00, 0x00,
  0x00, 0x00, 0x00, 0x00, 0x00, 0x00, 0x00, 0x00, 0xea, 0xaf, 0xab, 0xff, 0x76, 0x0b, 0x14, 0xff,
  0x80, 0x07, 0x14, 0xff, 0x4b, 0x0b, 0x0f, 0xff, 0x00, 0x00, 0x00, 0x00, 0x00, 0x00, 0x00, 0x00,
  0x00, 0x00, 0x00, 0x00, 0x00, 0x00, 0x00, 0x00, 0x00, 0x00, 0x00, 0x00, 0x00, 0x00, 0x00, 0x00,
  0x00, 0x00, 0x00, 0x00, 0x00, 0x00, 0x00, 0x00, 0x00, 0x00, 0x00, 0x00, 0x00, 0x00, 0x00, 0x00,
  0x00, 0x00, 0x00, 0x00, 0x00, 0x00, 0x00, 0x00, 0x00, 0x00, 0x00, 0x00, 0x00, 0x00, 0x00, 0x00,
  0x00, 0x00, 0x00, 0x00, 0x00, 0x00, 0x00, 0x00, 0x00, 0x00, 0x00, 0x00, 0x00, 0x00, 0x00, 0x00,
  0x00, 0x00, 0x00, 0x00, 0x00, 0x00, 0x00, 0x00, 0x00, 0x00, 0x00, 0x00, 0x00, 0x00, 0x00, 0x00,
  0x00, 0x00, 0x00, 0x00, 0x00, 0x00, 0x00, 0x00, 0x00, 0x00, 0x00, 0x00, 0x00, 0x00, 0x00, 0x00,
  0x00, 0x00, 0x00, 0x00, 0x00, 0x00, 0x00, 0x00, 0x00, 0x00, 0x00, 0x00, 0x00, 0x00, 0x00, 0x00,
  0x00, 0x00, 0x00, 0x00, 0x47, 0x32, 0x35, 0xff, 0x4b, 0x03, 0x0c, 0xff, 0x00, 0x00, 0x00, 0x00,
  0xd4, 0xa4, 0xa0, 0xff, 0x2d, 0x07, 0x0b, 0xff, 0x00, 0x00, 0x00, 0x00, 0x00, 0x00, 0x00, 0xff,
  0x4f, 0x0f, 0x15, 0xff, 0x00, 0x00, 0x00, 0x00, 0x00, 0x00, 0x00, 0x00, 0x00, 0x00, 0x00, 0x00,
  0x00, 0x00, 0x00, 0x00, 0x00, 0x00, 0x00, 0x00, 0x00, 0x00, 0x00, 0x00, 0x00, 0x00, 0x00, 0x00,
  0x00, 0x00, 0x00, 0x00, 0x00, 0x00, 0x00, 0x00, 0x00, 0x00, 0x00, 0x00, 0x4f, 0x0f, 0x13, 0xff,
  0x50, 0x0a, 0x10, 0xff, 0x3b, 0x08, 0x0b, 0xff, 0x08, 0x01, 0x00, 0xff, 0x13, 0x0c, 0x10, 0xff,
  0x10, 0x0a, 0x0c, 0xff, 0x13, 0x01, 0x02, 0xff, 0xad, 0x88, 0x83, 0xff, 0x69, 0x06, 0x11, 0xff,
  0x18, 0x00, 0x01, 0xff, 0x22, 0x19, 0x19, 0xff, 0x12, 0x0f, 0x0f, 0xff, 0x18, 0x12, 0x12, 0xff,
  0x15, 0x11, 0x12, 0xff, 0x15, 0x0f, 0x12, 0xff, 0x0b, 0x02, 0x00, 0xff, 0x5f, 0x14, 0x19, 0xff,
  0x17, 0x12, 0x0f, 0xff, 0x0f, 0x03, 0x01, 0xff, 0x06, 0x03, 0x01, 0xff, 0x1d, 0x16, 0x16, 0xff,
  0x1f, 0x16, 0x16, 0xff, 0x67, 0x06, 0x0e, 0xff, 0xc7, 0x12, 0x1f, 0xff, 0xc3, 0x13, 0x1f, 0xff,
  0x1b, 0x04, 0x04, 0xff, 0x35, 0x27, 0x29, 0xff, 0x36, 0x28, 0x29, 0xff, 0x28, 0x1f, 0x1f, 0xff,
  0x2a, 0x1f, 0x20, 0xff, 0x2b, 0x1d, 0x1f, 0xff, 0x23, 0x1c, 0x1d, 0xff, 0x1f, 0x18, 0x19, 0xff,
  0x20, 0x17, 0x19, 0xff, 0x1f, 0x18, 0x19, 0xff, 0x23, 0x1b, 0x18, 0xff, 0x2d, 0x22, 0x21, 0xff,
  0x2e, 0x22, 0x21, 0xff, 0x3e, 0x2d, 0x2d, 0xff, 0x38, 0x27, 0x29, 0xff, 0x04, 0x03, 0x01, 0xff,
  0xc6, 0x0e, 0x1f, 0xff, 0xc2, 0x0f, 0x1d, 0xff, 0x75, 0x06, 0x0f, 0xff, 0x02, 0x02, 0x02, 0xff,
  0x1d, 0x14, 0x16, 0xff, 0x1e, 0x13, 0x16, 0xff, 0x60, 0x10, 0x16, 0xff, 0x21, 0x13, 0x19, 0xff,
  0x86, 0x1f, 0x23, 0xff, 0x04, 0x02, 0x01, 0xff, 0x14, 0x10, 0x12, 0xff, 0x17, 0x11, 0x13, 0xff,
  0x19, 0x13, 0x15, 0xff, 0x11, 0x0f, 0x0f, 0xff, 0x11, 0x0e, 0x0f, 0xff, 0x0a, 0x00, 0x00, 0xff,
  0x5d, 0x06, 0x0e, 0xff, 0x6a, 0x50, 0x4e, 0xff, 0x04, 0x00, 0x02, 0xff, 0x0b, 0x03, 0x04, 0xff,
  0x11, 0x0b, 0x0f, 0xff, 0x4b, 0x0c, 0x16, 0xff, 0x11, 0x03, 0x01, 0xff, 0x6b, 0x06, 0x0f, 0xff,
  0x23, 0x04, 0x05, 0xff, 0xd4, 0xa4, 0xa0, 0xff, 0x00, 0x00, 0x00, 0x00, 0x00, 0x00, 0x00, 0x00,
  0x00, 0x00, 0x00, 0x00, 0x00, 0x00, 0x00, 0x00, 0x00, 0x00, 0x00, 0x00, 0x00, 0x00, 0x00, 0x00,
  0x00, 0x00, 0x00, 0x00, 0x00, 0x00, 0x00, 0x00, 0x00, 0x00, 0x00, 0x00, 0x06, 0x06, 0x04, 0xff,
  0x41, 0x0f, 0x13, 0xff, 0x00, 0x00, 0x00, 0x00, 0x0e, 0x04, 0x04, 0xff, 0x09, 0x02, 0x01, 0xff,
  0x00, 0x00, 0x00, 0x00, 0x45, 0x0a, 0x0f, 0xff, 0x04, 0x03, 0x01, 0xff, 0x00, 0x00, 0x00, 0x00,
  0x00, 0x00, 0x00, 0x00, 0x00, 0x00, 0x00, 0x00, 0x00, 0x00, 0x00, 0x00, 0x00, 0x00, 0x00, 0x00,
  0x00, 0x00, 0x00, 0x00, 0x00, 0x00, 0x00, 0x00, 0x00, 0x00, 0x00, 0x00, 0x00, 0x00, 0x00, 0x00,
  0x00, 0x00, 0x00, 0x00, 0x00, 0x00, 0x00, 0x00, 0x00, 0x00, 0x00, 0x00, 0x00, 0x00, 0x00, 0x00,
  0x00, 0x00, 0x00, 0x00, 0x00, 0x00, 0x00, 0x00, 0x00, 0x00, 0x00, 0x00, 0x00, 0x00, 0x00, 0x00,
  0x00, 0x00, 0x00, 0x00, 0x00, 0x00, 0x00, 0x00, 0x00, 0x00, 0x00, 0x00, 0x00, 0x00, 0x00, 0x00,
  0x00, 0x00, 0x00, 0x00, 0x00, 0x00, 0x00, 0x00, 0x00, 0x00, 0x00, 0x00, 0x00, 0x00, 0x00, 0x00,
  0x00, 0x00, 0x00, 0x00, 0x00, 0x00, 0x00, 0x00, 0x00, 0x00, 0x00, 0x00, 0x00, 0x00, 0x00, 0x00,
  0x00, 0x00, 0x00, 0x00, 0x6a, 0x50, 0x4b, 0xff, 0x77, 0x0f, 0x19, 0xff, 0x77, 0x07, 0x13, 0xff,
  0xb4, 0x1d, 0x2b, 0xff, 0xc9, 0x98, 0x95, 0xff, 0x00, 0x00, 0x00, 0x00, 0x00, 0x00, 0x00, 0x00,
  0x00, 0x00, 0x00, 0x00, 0x00, 0x00, 0x00, 0x00, 0x00, 0x00, 0x00, 0x00, 0x00, 0x00, 0x00, 0x00,
  0x00, 0x00, 0x00, 0x00, 0x00, 0x00, 0x00, 0x00, 0x00, 0x00, 0x00, 0x00, 0x00, 0x00, 0x00, 0x00,
  0x00, 0x00, 0x00, 0x00, 0x00, 0x00, 0x00, 0x00, 0x00, 0x00, 0x00, 0x00, 0x00, 0x00, 0x00, 0x00,
  0x00, 0x00, 0x00, 0x00, 0x00, 0x00, 0x00, 0x00, 0x00, 0x00, 0x00, 0x00, 0x00, 0x00, 0x00, 0x00,
  0x00, 0x00, 0x00, 0x00, 0x00, 0x00, 0x00, 0x00, 0x0c, 0x00, 0x00, 0xff, 0x85, 0x0b, 0x19, 0xff,
  0x79, 0x0f, 0x18, 0xff, 0x00, 0x00, 0x00, 0x00, 0x00, 0x00, 0x00, 0x00, 0x00, 0x00, 0x00, 0x00,
  0x00, 0x00, 0x00, 0x00, 0x00, 0x00, 0x00, 0x00, 0x00, 0x00, 0x00, 0x00, 0x00, 0x00, 0x00, 0x00,
  0x00, 0x00, 0x00, 0x00, 0x00, 0x00, 0x00, 0x00, 0x00, 0x00, 0x00, 0x00, 0x00, 0x00, 0x00, 0x00,
  0x00, 0x00, 0x00, 0x00, 0x00, 0x00, 0x00, 0x00, 0x00, 0x00, 0x00, 0x00, 0x00, 0x00, 0x00, 0x00,
  0x00, 0x00, 0x00, 0x00, 0x00, 0x00, 0x00, 0x00, 0x00, 0x00, 0x00, 0x00, 0x00, 0x00, 0x00, 0x00,
  0x00, 0x00, 0x00, 0x00, 0x00, 0x00, 0x00, 0x00, 0x00, 0x00, 0x00, 0x00, 0x00, 0x00, 0x00, 0x00,
  0x00, 0x00, 0x00, 0x00, 0x00, 0x00, 0x00, 0x00, 0x00, 0x00, 0x00, 0x00, 0x00, 0x00, 0x00, 0x00,
  0x00, 0x00, 0x00, 0x00, 0x00, 0x00, 0x00, 0x00, 0x00, 0x00, 0x00, 0x00, 0x00, 0x00, 0x00, 0x00,
  0x00, 0x00, 0x00, 0x00, 0x00, 0x00, 0x00, 0x00, 0x10, 0x03, 0x00, 0xff, 0xd2, 0x9d, 0x9c, 0xff,
  0x00, 0x00, 0x00, 0x00, 0x00, 0x00, 0x00, 0x00, 0x00, 0x00, 0x00, 0x00, 0x00, 0x00, 0x00, 0xff,
  0x08, 0x06, 0x04, 0xff, 0x00, 0x00, 0x00, 0x00, 0x00, 0x00, 0x00, 0x00, 0x00, 0x00, 0x00, 0x00,
  0x00, 0x00, 0x00, 0x00, 0x00, 0x00, 0x00, 0x00, 0x00, 0x00, 0x00, 0x00, 0x00, 0x00, 0x00, 0x00,
  0x00, 0x00, 0x00, 0x00, 0x00, 0x00, 0x00, 0x00, 0x00, 0x00, 0x00, 0x00, 0x8b, 0x19, 0x24, 0xff,
  0x43, 0x06, 0x0a, 0xff, 0x29, 0x06, 0x08, 0xff, 0x00, 0x00, 0x00, 0xff, 0x45, 0x0e, 0x14, 0xff,
  0x44, 0x13, 0x17, 0xff, 0x07, 0x00, 0x00, 0xff, 0x00, 0x00, 0x00, 0x00, 0xdb, 0xaa, 0xa4, 0xff,
  0x4b, 0x0f, 0x10, 0xff, 0x04, 0x00, 0x00, 0xff, 0x11, 0x0f, 0x0f, 0xff, 0x18, 0x12, 0x13, 0xff,
  0x14, 0x0f, 0x12, 0xff, 0x15, 0x10, 0x12, 0xff, 0x12, 0x11, 0x10, 0xff, 0x09, 0x03, 0x04, 0xff,
  0x91, 0x22, 0x2a, 0xff, 0x0c, 0x0b, 0x0c, 0xff, 0x06, 0x02, 0x02, 0xff, 0x1f, 0x16, 0x17, 0xff,
  0x0c, 0x07, 0x08, 0xff, 0x6b, 0x02, 0x06, 0xff, 0xc8, 0x14, 0x1f, 0xff, 0x87, 0x17, 0x1d, 0xff,
  0x2f, 0x22, 0x22, 0xff, 0x34, 0x27, 0x2a, 0xff, 0x00, 0x00, 0x00, 0xff, 0x08, 0x00, 0x00, 0xff,
  0x0b, 0x03, 0x03, 0xff, 0x2a, 0x02, 0x04, 0xff, 0x71, 0x05, 0x0e, 0xff, 0x6f, 0x03, 0x09, 0xff,
  0x6e, 0x03, 0x0c, 0xff, 0x6e, 0x04, 0x0e, 0xff, 0x5e, 0x07, 0x12, 0xff, 0x10, 0x0e, 0x0c, 0xff,
  0x0c, 0x04, 0x02, 0xff, 0x03, 0x02, 0x01, 0xff, 0x39, 0x28, 0x29, 0xff, 0x2f, 0x20, 0x21, 0xff,
  0x28, 0x03, 0x01, 0xff, 0xc7, 0x10, 0x1f, 0xff, 0xcf, 0x10, 0x22, 0xff, 0x02, 0x00, 0x00, 0xff,
  0x1d, 0x13, 0x16, 0xff, 0x1e, 0x13, 0x16, 0xff, 0x3e, 0x0b, 0x0e, 0xff, 0x98, 0x27, 0x2a, 0xff,
  0x06, 0x05, 0x02, 0xff, 0x17, 0x11, 0x14, 0xff, 0x15, 0x10, 0x12, 0xff, 0x17, 0x12, 0x14, 0xff,
  0x19, 0x13, 0x14, 0xff, 0x10, 0x0f, 0x0f, 0xff, 0x00, 0x00, 0x00, 0xff, 0x4c, 0x0b, 0x0e, 0xff,
  0x00, 0x00, 0x00, 0x00, 0x00, 0x00, 0x00, 0x00, 0x02, 0x00, 0x00, 0xff, 0x71, 0x1b, 0x21, 0xff,
  0x28, 0x04, 0x09, 0xff, 0x1f, 0x01, 0x04, 0xff, 0x06, 0x00, 0x00, 0xff, 0x69, 0x06, 0x0e, 0xff,
  0x68, 0x17, 0x1b, 0xff, 0xdc, 0xaa, 0xa2, 0xff, 0x00, 0x00, 0x00, 0x00, 0x00, 0x00, 0x00, 0x00,
  0x00, 0x00, 0x00, 0x00, 0x00, 0x00, 0x00, 0x00, 0x00, 0x00, 0x00, 0x00, 0x00, 0x00, 0x00, 0x00,
  0x00, 0x00, 0x00, 0x00, 0x00, 0x00, 0x00, 0x00, 0x00, 0x00, 0x00, 0x00, 0x81, 0x63, 0x5e, 0xff,
  0x5a, 0x10, 0x17, 0xff, 0x00, 0x00, 0x00, 0x00, 0x00, 0x00, 0x00, 0x00, 0x00, 0x00, 0x00, 0x00,
  0x00, 0x00, 0x00, 0x00, 0x4c, 0x06, 0x0f, 0xff, 0x00, 0x00, 0x00, 0x00, 0x00, 0x00, 0x00, 0x00,
  0x00, 0x00, 0x00, 0x00, 0x00, 0x00, 0x00, 0x00, 0x00, 0x00, 0x00, 0x00, 0x00, 0x00, 0x00, 0x00,
  0x00, 0x00, 0x00, 0x00, 0x00, 0x00, 0x00, 0x00, 0x00, 0x00, 0x00, 0x00, 0x00, 0x00, 0x00, 0x00,
  0x00, 0x00, 0x00, 0x00, 0x00, 0x00, 0x00, 0x00, 0x00, 0x00, 0x00, 0x00, 0x00, 0x00, 0x00, 0x00,
  0x00, 0x00, 0x00, 0x00, 0x00, 0x00, 0x00, 0x00, 0x00, 0x00, 0x00, 0x00, 0x00, 0x00, 0x00, 0x00,
  0x00, 0x00, 0x00, 0x00, 0x00, 0x00, 0x00, 0x00, 0x00, 0x00, 0x00, 0x00, 0x00, 0x00, 0x00, 0x00,
  0x00, 0x00, 0x00, 0x00, 0x00, 0x00, 0x00, 0x00, 0x00, 0x00, 0x00, 0x00, 0x00, 0x00, 0x00, 0x00,
  0x00, 0x00, 0x00, 0x00, 0x00, 0x00, 0x00, 0x00, 0x00, 0x00, 0x00, 0x00, 0x00, 0x00, 0x00, 0x00,
  0x00, 0x00, 0x00, 0x00, 0x00, 0x00, 0x00, 0x00, 0x5d, 0x47, 0x44, 0xff, 0x6b, 0x12, 0x17, 0xff,
  0xb4, 0x1b, 0x28, 0xff, 0x18, 0x00, 0x01, 0xff, 0x00, 0x00, 0x00, 0x00, 0x00, 0x00, 0x00, 0x00,
  0x00, 0x00, 0x00, 0x00, 0x00, 0x00, 0x00, 0x00, 0x00, 0x00, 0x00, 0x00, 0x00, 0x00, 0x00, 0x00,
  0x00, 0x00, 0x00, 0x00, 0x00, 0x00, 0x00, 0x00, 0x00, 0x00, 0x00, 0x00, 0x00, 0x00, 0x00, 0x00,
  0x00, 0x00, 0x00, 0x00, 0x00, 0x00, 0x00, 0x00, 0x00, 0x00, 0x00, 0x00, 0x00, 0x00, 0x00, 0x00,
  0x00, 0x00, 0x00, 0x00, 0x00, 0x00, 0x00, 0x00, 0x00, 0x00, 0x00, 0x00, 0x00, 0x00, 0x00, 0x00,
  0x00, 0x00, 0x00, 0x00, 0x00, 0x00, 0x00, 0x00, 0x1d, 0x00, 0x01, 0xff, 0x8a, 0x08, 0x18, 0xff,
  0xa4, 0x7e, 0x7a, 0xff, 0x00, 0x00, 0x00, 0x00, 0x00, 0x00, 0x00, 0x00, 0x00, 0x00, 0x00, 0x00,
  0x00, 0x00, 0x00, 0x00, 0x00, 0x00, 0x00, 0x00, 0x00, 0x00, 0x00, 0x00, 0x00, 0x00, 0x00, 0x00,
  0x00, 0x00, 0x00, 0x00, 0x00, 0x00, 0x00, 0x00, 0x00, 0x00, 0x00, 0x00, 0x00, 0x00, 0x00, 0x00,
  0x00, 0x00, 0x00, 0x00, 0x00, 0x00, 0x00, 0x00, 0x00, 0x00, 0x00, 0x00, 0x00, 0x00, 0x00, 0x00,
  0x00, 0x00, 0x00, 0x00, 0x00, 0x00, 0x00, 0x00, 0x00, 0x00, 0x00, 0x00, 0x00, 0x00, 0x00, 0x00,
  0x00, 0x00, 0x00, 0x00, 0x00, 0x00, 0x00, 0x00, 0x00, 0x00, 0x00, 0x00, 0x00, 0x00, 0x00, 0x00,
  0x00, 0x00, 0x00, 0x00, 0x00, 0x00, 0x00, 0x00, 0x00, 0x00, 0x00, 0x00, 0x00, 0x00, 0x00, 0x00,
  0x00, 0x00, 0x00, 0x00, 0x00, 0x00, 0x00, 0x00, 0x00, 0x00, 0x00, 0x00, 0x00, 0x00, 0x00, 0x00,
  0x00, 0x00, 0x00, 0x00, 0x00, 0x00, 0x00, 0x00, 0x00, 0x00, 0x00, 0x00, 0x76, 0x57, 0x54, 0xff,
  0x00, 0x00, 0x00, 0x00, 0x00, 0x00, 0x00, 0x00, 0x00, 0x00, 0x00, 0x00, 0x02, 0x01, 0x00, 0xff,
  0x00, 0x00, 0x00, 0x00, 0x00, 0x00, 0x00, 0x00, 0x00, 0x00, 0x00, 0x00, 0x00, 0x00, 0x00, 0x00,
  0x00, 0x00, 0x00, 0x00, 0x00, 0x00, 0x00, 0x00, 0x00, 0x00, 0x00, 0x00, 0x00, 0x00, 0x00, 0x00,
  0x00, 0x00, 0x00, 0x00, 0x00, 0x00, 0x00, 0x00, 0x00, 0x00, 0x00, 0x00, 0x06, 0x01, 0x00, 0xff,
  0x2a, 0x06, 0x07, 0xff, 0x2c, 0x08, 0x0b, 0xff, 0x00, 0x00, 0x00, 0x00, 0x6d, 0x0c, 0x16, 0xff,
  0x58, 0x11, 0x16, 0xff, 0x02, 0x00, 0x00, 0xff, 0x00, 0x00, 0x00, 0x00, 0x00, 0x00, 0x00, 0x00,
  0x00, 0x00, 0x00, 0x00, 0x02, 0x01, 0x00, 0xff, 0x0b, 0x09, 0x0a, 0xff, 0x02, 0x02, 0x01, 0xff,
  0x15, 0x11, 0x12, 0xff, 0x15, 0x10, 0x12, 0xff, 0x10, 0x10, 0x10, 0xff, 0x11, 0x05, 0x06, 0xff,
  0x0f, 0x09, 0x0b, 0xff, 0xb8, 0x23, 0x2f, 0xff, 0x04, 0x01, 0x01, 0xff, 0x1e, 0x14, 0x17, 0xff,
  0x0c, 0x02, 0x00, 0xff, 0xc8, 0x16, 0x25, 0xff, 0xcd, 0x12, 0x20, 0xff, 0x0a, 0x03, 0x03, 0xff,
  0x35, 0x28, 0x2c, 0xff, 0x2a, 0x20, 0x21, 0xff, 0x04, 0x02, 0x01, 0xff, 0x56, 0x07, 0x0e, 0xff,
  0x39, 0x09, 0x0c, 0xff, 0x14, 0x04, 0x01, 0xff, 0xa1, 0x03, 0x12, 0xff, 0x9b, 0x02, 0x10, 0xff,
  0x9c, 0x02, 0x11, 0xff, 0x9a, 0x03, 0x13, 0xff, 0x27, 0x06, 0x05, 0xff, 0x15, 0x02, 0x00, 0xff,
  0x5d, 0x07, 0x0e, 0xff, 0x0b, 0x04, 0x05, 0xff, 0x03, 0x01, 0x01, 0xff, 0x34, 0x23, 0x22, 0xff,
  0x11, 0x0a, 0x09, 0xff, 0xbb, 0x15, 0x22, 0xff, 0xd2, 0x11, 0x20, 0xff, 0x2e, 0x00, 0x02, 0xff,
  0x1d, 0x14, 0x16, 0xff, 0x18, 0x14, 0x13, 0xff, 0xaa, 0x29, 0x2f, 0xff, 0x02, 0x03, 0x02, 0xff,
  0x0b, 0x05, 0x05, 0xff, 0x11, 0x0e, 0x0f, 0xff, 0x19, 0x12, 0x15, 0xff, 0x18, 0x13, 0x15, 0xff,
  0x02, 0x02, 0x01, 0xff, 0x0c, 0x0a, 0x0b, 0xff, 0x07, 0x03, 0x04, 0xff, 0xe4, 0xaf, 0xab, 0xff,
  0x00, 0x00, 0x00, 0x00, 0x00, 0x00, 0x00, 0x00, 0x00, 0x00, 0x00, 0x00, 0x81, 0x13, 0x1c, 0xff,
  0x5a, 0x12, 0x16, 0xff, 0x00, 0x00, 0x00, 0xff, 0x02, 0x00, 0x00, 0xff, 0x64, 0x07, 0x0c, 0xff,
  0x74, 0x1b, 0x20, 0xff, 0x00, 0x00, 0x00, 0x00, 0x00, 0x00, 0x00, 0x00, 0x00, 0x00, 0x00, 0x00,
  0x00, 0x00, 0x00, 0x00, 0x00, 0x00, 0x00, 0x00, 0x00, 0x00, 0x00, 0x00, 0x00, 0x00, 0x00, 0x00,
  0x00, 0x00, 0x00, 0x00, 0x00, 0x00, 0x00, 0x00, 0x00, 0x00, 0x00, 0x00, 0x00, 0x00, 0x00, 0x00,
  0x3b, 0x27, 0x27, 0xff, 0x00, 0x00, 0x00, 0x00, 0x00, 0x00, 0x00, 0x00, 0x00, 0x00, 0x00, 0x00,
  0x00, 0x00, 0x00, 0x00, 0x50, 0x39, 0x36, 0xff, 0x00, 0x00, 0x00, 0x00, 0x00, 0x00, 0x00, 0x00,
  0x00, 0x00, 0x00, 0x00, 0x00, 0x00, 0x00, 0x00, 0x00, 0x00, 0x00, 0x00, 0x00, 0x00, 0x00, 0x00,
  0x00, 0x00, 0x00, 0x00, 0x00, 0x00, 0x00, 0x00, 0x00, 0x00, 0x00, 0x00, 0x00, 0x00, 0x00, 0x00,
  0x00, 0x00, 0x00, 0x00, 0x00, 0x00, 0x00, 0x00, 0x00, 0x00, 0x00, 0x00, 0x00, 0x00, 0x00, 0x00,
  0x00, 0x00, 0x00, 0x00, 0x00, 0x00, 0x00, 0x00, 0x00, 0x00, 0x00, 0x00, 0x00, 0x00, 0x00, 0x00,
  0x00, 0x00, 0x00, 0x00, 0x00, 0x00, 0x00, 0x00, 0x00, 0x00, 0x00, 0x00, 0x00, 0x00, 0x00, 0x00,
  0x00, 0x00, 0x00, 0x00, 0x00, 0x00, 0x00, 0x00, 0x00, 0x00, 0x00, 0x00, 0x00, 0x00, 0x00, 0x00,
  0x00, 0x00, 0x00, 0x00, 0x00, 0x00, 0x00, 0x00, 0x00, 0x00, 0x00, 0x00, 0x00, 0x00, 0x00, 0x00,
  0x00, 0x00, 0x00, 0x00, 0x00, 0x00, 0x00, 0x00, 0x00, 0x00, 0x00, 0x00, 0x6f, 0x56, 0x52, 0xff,
  0x91, 0x17, 0x21, 0xff, 0x1c, 0x01, 0x04, 0xff, 0x00, 0x00, 0x00, 0x00, 0x00, 0x00, 0x00, 0x00,
  0x00, 0x00, 0x00, 0x00, 0x00, 0x00, 0x00, 0x00, 0x00, 0x00, 0x00, 0x00, 0x00, 0x00, 0x00, 0x00,
  0x00, 0x00, 0x00, 0x00, 0x00, 0x00, 0x00, 0x00, 0x00, 0x00, 0x00, 0x00, 0x00, 0x00, 0x00, 0x00,
  0x00, 0x00, 0x00, 0x00, 0x00, 0x00, 0x00, 0x00, 0x00, 0x00, 0x00, 0x00, 0x00, 0x00, 0x00, 0x00,
  0x00, 0x00, 0x00, 0x00, 0x00, 0x00, 0x00, 0x00, 0x00, 0x00, 0x00, 0x00, 0x00, 0x00, 0x00, 0x00,
  0x00, 0x00, 0x00, 0x00, 0x00, 0x00, 0x00, 0x00, 0x12, 0x00, 0x00, 0xff, 0x0f, 0x04, 0x04, 0xff,
  0x00, 0x00, 0x00, 0x00, 0x00, 0x00, 0x00, 0x00, 0x00, 0x00, 0x00, 0x00, 0x00, 0x00, 0x00, 0x00,
  0x00, 0x00, 0x00, 0x00, 0x00, 0x00, 0x00, 0x00, 0x00, 0x00, 0x00, 0x00, 0x00, 0x00, 0x00, 0x00,
  0x00, 0x00, 0x00, 0x00, 0x00, 0x00, 0x00, 0x00, 0x00, 0x00, 0x00, 0x00, 0x00, 0x00, 0x00, 0x00,
  0x00, 0x00, 0x00, 0x00, 0x00, 0x00, 0x00, 0x00, 0x00, 0x00, 0x00, 0x00, 0x00, 0x00, 0x00, 0x00,
  0x00, 0x00, 0x00, 0x00, 0x00, 0x00, 0x00, 0x00, 0x00, 0x00, 0x00, 0x00, 0x00, 0x00, 0x00, 0x00,
  0x00, 0x00, 0x00, 0x00, 0x00, 0x00, 0x00, 0x00, 0x00, 0x00, 0x00, 0x00, 0x00, 0x00, 0x00, 0x00,
  0x00, 0x00, 0x00, 0x00, 0x00, 0x00, 0x00, 0x00, 0x00, 0x00, 0x00, 0x00, 0x00, 0x00, 0x00, 0x00,
  0x00, 0x00, 0x00, 0x00, 0x00, 0x00, 0x00, 0x00, 0x00, 0x00, 0x00, 0x00, 0x00, 0x00, 0x00, 0x00,
  0x00, 0x00, 0x00, 0x00, 0x00, 0x00, 0x00, 0x00, 0x00, 0x00, 0x00, 0x00, 0x00, 0x00, 0x00, 0x00,
  0x00, 0x00, 0x00, 0x00, 0x00, 0x00, 0x00, 0x00, 0x00, 0x00, 0x00, 0x00, 0x00, 0x00, 0x00, 0x00,
  0x00, 0x00, 0x00, 0x00, 0x00, 0x00, 0x00, 0x00, 0x00, 0x00, 0x00, 0x00, 0x00, 0x00, 0x00, 0x00,
  0x00, 0x00, 0x00, 0x00, 0x00, 0x00, 0x00, 0x00, 0x00, 0x00, 0x00, 0x00, 0x00, 0x00, 0x00, 0x00,
  0x00, 0x00, 0x00, 0x00, 0x00, 0x00, 0x00, 0x00, 0x00, 0x00, 0x00, 0x00, 0x0c, 0x09, 0x07, 0xff,
  0x44, 0x08, 0x0a, 0xff, 0x2d, 0x09, 0x0c, 0xff, 0x00, 0x00, 0x00, 0x00, 0x56, 0x10, 0x14, 0xff,
  0x78, 0x1c, 0x1f, 0xff, 0x00, 0x00, 0x00, 0xff, 0x00, 0x00, 0x00, 0x00, 0x00, 0x00, 0x00, 0x00,
  0x00, 0x00, 0x00, 0x00, 0xa8, 0x80, 0x7d, 0xff, 0x06, 0x06, 0x05, 0xff, 0x00, 0x00, 0x00, 0xff,
  0x15, 0x11, 0x10, 0xff, 0x17, 0x11, 0x13, 0xff, 0x17, 0x11, 0x13, 0xff, 0x9e, 0x23, 0x2f, 0xff,
  0x0f, 0x02, 0x05, 0xff, 0x11, 0x07, 0x09, 0xff, 0x00, 0x00, 0x00, 0xff, 0x21, 0x17, 0x1b, 0xff,
  0x40, 0x07, 0x0f, 0xff, 0xce, 0x13, 0x22, 0xff, 0x57, 0x03, 0x08, 0xff, 0x32, 0x24, 0x27, 0xff,
  0x35, 0x27, 0x29, 0xff, 0x13, 0x0b, 0x0c, 0xff, 0x71, 0x2b, 0x2f, 0xff, 0x4a, 0x00, 0x09, 0xff,
  0x4e, 0x02, 0x0c, 0xff, 0x41, 0x1b, 0x1b, 0xff, 0xeb, 0x24, 0x2e, 0xff, 0xc6, 0x01, 0x13, 0xff,
  0xcc, 0x02, 0x16, 0xff, 0xdc, 0x1d, 0x27, 0xff, 0x25, 0x0c, 0x0c, 0xff, 0x65, 0x10, 0x1b, 0xff,
  0x4c, 0x00, 0x06, 0xff, 0x88, 0x28, 0x2f, 0xff, 0x1b, 0x14, 0x15, 0xff, 0x34, 0x27, 0x25, 0xff,
  0x2f, 0x20, 0x22, 0xff, 0x03, 0x01, 0x01, 0xff, 0xcd, 0x0c, 0x1e, 0xff, 0x7b, 0x08, 0x11, 0xff,
  0x1e, 0x15, 0x15, 0xff, 0x09, 0x08, 0x08, 0xff, 0x07, 0x06, 0x07, 0xff, 0x0e, 0x02, 0x01, 0xff,
  0x93, 0x23, 0x2a, 0xff, 0x17, 0x12, 0x14, 0xff, 0x1b, 0x13, 0x16, 0xff, 0x18, 0x12, 0x13, 0xff,
  0x00, 0x00, 0x00, 0xff, 0x0e, 0x0a, 0x0a, 0xff, 0x08, 0x06, 0x06, 0xff, 0x00, 0x00, 0x00, 0x00,
  0x00, 0x00, 0x00, 0x00, 0x00, 0x00, 0x00, 0x00, 0x00, 0x00, 0x00, 0x00, 0x7e, 0x0c, 0x18, 0xff,
  0x67, 0x17, 0x19, 0xff, 0x00, 0x00, 0x00, 0x00, 0x03, 0x00, 0x01, 0xff, 0x70, 0x08, 0x12, 0xff,
  0x0f, 0x0a, 0x0a, 0xff, 0x00, 0x00, 0x00, 0x00, 0x00, 0x00, 0x00, 0x00, 0x00, 0x00, 0x00, 0x00,
  0x00, 0x00, 0x00, 0x00, 0x00, 0x00, 0x00, 0x00, 0x00, 0x00, 0x00, 0x00, 0x00, 0x00, 0x00, 0x00,
  0x00, 0x00, 0x00, 0x00, 0x00, 0x00, 0x00, 0x00, 0x00, 0x00, 0x00, 0x00, 0x00, 0x00, 0x00, 0x00,
  0x00, 0x00, 0x00, 0x00, 0x00, 0x00, 0x00, 0x00, 0x00, 0x00, 0x00, 0x00, 0x00, 0x00, 0x00, 0x00,
  0x00, 0x00, 0x00, 0x00, 0x00, 0x00, 0x00, 0x00, 0x00, 0x00, 0x00, 0x00, 0x00, 0x00, 0x00, 0x00,
  0x00, 0x00, 0x00, 0x00, 0x00, 0x00, 0x00, 0x00, 0x00, 0x00, 0x00, 0x00, 0x00, 0x00, 0x00, 0x00,
  0x00, 0x00, 0x00, 0x00, 0x00, 0x00, 0x00, 0x00, 0x00, 0x00, 0x00, 0x00, 0x00, 0x00, 0x00, 0x00,
  0x00, 0x00, 0x00, 0x00, 0x00, 0x00, 0x00, 0x00, 0x00, 0x00, 0x00, 0x00, 0x00, 0x00, 0x00, 0x00,
  0x00, 0x00, 0x00, 0x00, 0x00, 0x00, 0x00, 0x00, 0x00, 0x00, 0x00, 0x00, 0x00, 0x00, 0x00, 0x00,
  0x00, 0x00, 0x00, 0x00, 0x00, 0x00, 0x00, 0x00, 0x00, 0x00, 0x00, 0x00, 0x00, 0x00, 0x00, 0x00,
  0x00, 0x00, 0x00, 0x00, 0x00, 0x00, 0x00, 0x00, 0x00, 0x00, 0x00, 0x00, 0x00, 0x00, 0x00, 0x00,
  0x00, 0x00, 0x00, 0x00, 0x00, 0x00, 0x00, 0x00, 0x00, 0x00, 0x00, 0x00, 0x00, 0x00, 0x00, 0x00,
  0x00, 0x00, 0x00, 0x00, 0x00, 0x00, 0x00, 0x00, 0x00, 0x00, 0x00, 0x00, 0x00, 0x00, 0x00, 0x00,
  0x13, 0x0f, 0x09, 0xff, 0x1d, 0x01, 0x02, 0xff, 0x00, 0x00, 0x00, 0x00, 0x00, 0x00, 0x00, 0x00,
  0x00, 0x00, 0x00, 0x00, 0x00, 0x00, 0x00, 0x00, 0x00, 0x00, 0x00, 0x00, 0x00, 0x00, 0x00, 0x00,
  0x00, 0x00, 0x00, 0x00, 0x00, 0x00, 0x00, 0x00, 0x00, 0x00, 0x00, 0x00, 0x00, 0x00, 0x00, 0x00,
  0x00, 0x00, 0x00, 0x00, 0x00, 0x00, 0x00, 0x00, 0x00, 0x00, 0x00, 0x00, 0x00, 0x00, 0x00, 0x00,
  0x00, 0x00, 0x00, 0x00, 0x00, 0x00, 0x00, 0x00, 0x00, 0x00, 0x00, 0x00, 0x00, 0x00, 0x00, 0x00,
  0x00, 0x00, 0x00, 0x00, 0x00, 0x00, 0x00, 0x00, 0x01, 0x00, 0x00, 0xff, 0x00, 0x00, 0x00, 0x00,
  0x00, 0x00, 0x00, 0x00, 0x00, 0x00, 0x00, 0x00, 0x00, 0x00, 0x00, 0x00, 0x00, 0x00, 0x00, 0x00,
  0x00, 0x00, 0x00, 0x00, 0x00, 0x00, 0x00, 0x00, 0x00, 0x00, 0x00, 0x00, 0x00, 0x00, 0x00, 0x00,
  0x00, 0x00, 0x00, 0x00, 0x00, 0x00, 0x00, 0x00, 0x00, 0x00, 0x00, 0x00, 0x00, 0x00, 0x00, 0x00,
  0x00, 0x00, 0x00, 0x00, 0x00, 0x00, 0x00, 0x00, 0x00, 0x00, 0x00, 0x00, 0x00, 0x00, 0x00, 0x00,
  0x00, 0x00, 0x00, 0x00, 0x00, 0x00, 0x00, 0x00, 0x00, 0x00, 0x00, 0x00, 0x00, 0x00, 0x00, 0x00,
  0x00, 0x00, 0x00, 0x00, 0x00, 0x00, 0x00, 0x00, 0x00, 0x00, 0x00, 0x00, 0x00, 0x00, 0x00, 0x00,
  0x00, 0x00, 0x00, 0x00, 0x00, 0x00, 0x00, 0x00, 0x00, 0x00, 0x00, 0x00, 0x00, 0x00, 0x00, 0x00,
  0x00, 0x00, 0x00, 0x00, 0x00, 0x00, 0x00, 0x00, 0x00, 0x00, 0x00, 0x00, 0x00, 0x00, 0x00, 0x00,
  0x00, 0x00, 0x00, 0x00, 0x00, 0x00, 0x00, 0x00, 0x00, 0x00, 0x00, 0x00, 0x00, 0x00, 0x00, 0x00,
  0x00, 0x00, 0x00, 0x00, 0x00, 0x00, 0x00, 0x00, 0x00, 0x00, 0x00, 0x00, 0x00, 0x00, 0x00, 0x00,
  0x00, 0x00, 0x00, 0x00, 0x00, 0x00, 0x00, 0x00, 0x00, 0x00, 0x00, 0x00, 0x00, 0x00, 0x00, 0x00,
  0x00, 0x00, 0x00, 0x00, 0x00, 0x00, 0x00, 0x00, 0x00, 0x00, 0x00, 0x00, 0x00, 0x00, 0x00, 0x00,
  0x00, 0x00, 0x00, 0x00, 0x00, 0x00, 0x00, 0x00, 0x00, 0x00, 0x00, 0x00, 0x00, 0x00, 0x00, 0x00,
  0x6e, 0x0b, 0x13, 0xff, 0x21, 0x08, 0x09, 0xff, 0x00, 0x00, 0x00, 0x00, 0x2e, 0x22, 0x21, 0xff,
  0x83, 0x0b, 0x16, 0xff, 0x00, 0x00, 0x00, 0x00, 0x00, 0x00, 0x00, 0x00, 0x00, 0x00, 0x00, 0x00,
  0x00, 0x00, 0x00, 0x00, 0x00, 0x00, 0x00, 0x00, 0x00, 0x00, 0x00, 0xff, 0x0f, 0x0a, 0x0b, 0xff,
  0x19, 0x12, 0x13, 0xff, 0x18, 0x12, 0x13, 0xff, 0x19, 0x12, 0x13, 0xff, 0x02, 0x03, 0x02, 0xff,
  0x45, 0x0a, 0x0b, 0xff, 0x35, 0x06, 0x06, 0xff, 0x04, 0x02, 0x01, 0xff, 0x05, 0x03, 0x03, 0xff,
  0x75, 0x07, 0x13, 0xff, 0xc2, 0x12, 0x1f, 0xff, 0x03, 0x01, 0x01, 0xff, 0x2f, 0x25, 0x28, 0xff,
  0x00, 0x00, 0x00, 0xff, 0x10, 0x01, 0x02, 0xff, 0x46, 0x02, 0x06, 0xff, 0x4b, 0x02, 0x09, 0xff,
  0x58, 0x03, 0x09, 0xff, 0x44, 0x1b, 0x15, 0xff, 0xef, 0x2f, 0x39, 0xff, 0xef, 0x37, 0x39, 0xff,
  0xef, 0x35, 0x39, 0xff, 0xef, 0x39, 0x3b, 0xff, 0x56, 0x2c, 0x2e, 0xff, 0x8f, 0x08, 0x19, 0xff,
  0x53, 0x00, 0x08, 0xff, 0x4a, 0x01, 0x08, 0xff, 0x2a, 0x07, 0x09, 0xff, 0x04, 0x02, 0x01, 0xff,
  0x36, 0x25, 0x29, 0xff, 0x2a, 0x1b, 0x1b, 0xff, 0xa6, 0x14, 0x20, 0xff, 0xa2, 0x0f, 0x1c, 0xff,
  0x00, 0x00, 0x00, 0xff, 0x00, 0x00, 0x00, 0xff, 0x2a, 0x06, 0x05, 0xff, 0x56, 0x0f, 0x14, 0xff,
  0x10, 0x0b, 0x0c, 0xff, 0x19, 0x13, 0x14, 0xff, 0x1b, 0x14, 0x16, 0xff, 0x19, 0x12, 0x15, 0xff,
  0x01, 0x01, 0x01, 0xff, 0x0a, 0x06, 0x07, 0xff, 0x00, 0x00, 0x00, 0x00, 0x00, 0x00, 0x00, 0x00,
  0x00, 0x00, 0x00, 0x00, 0x00, 0x00, 0x00, 0x00, 0x00, 0x00, 0x00, 0x00, 0x6f, 0x0f, 0x16, 0xff,
  0x18, 0x07, 0x07, 0xff, 0x00, 0x00, 0x00, 0x00, 0x03, 0x00, 0x00, 0xff, 0x6b, 0x0b, 0x10, 0xff,
  0x68, 0x4b, 0x4b, 0xff, 0x00, 0x00, 0x00, 0x00, 0x00, 0x00, 0x00, 0x00, 0x00, 0x00, 0x00, 0x00,
  0x00, 0x00, 0x00, 0x00, 0x00, 0x00, 0x00, 0x00, 0x00, 0x00, 0x00, 0x00, 0x00, 0x00, 0x00, 0x00,
  0x00, 0x00, 0x00, 0x00, 0x00, 0x00, 0x00, 0x00, 0x00, 0x00, 0x00, 0x00, 0x00, 0x00, 0x00, 0x00,
  0x00, 0x00, 0x00, 0x00, 0x00, 0x00, 0x00, 0x00, 0x00, 0x00, 0x00, 0x00, 0x00, 0x00, 0x00, 0x00,
  0x00, 0x00, 0x00, 0x00, 0x00, 0x00, 0x00, 0x00, 0x00, 0x00, 0x00, 0x00, 0x00, 0x00, 0x00, 0x00,
  0x00, 0x00, 0x00, 0x00, 0x00, 0x00, 0x00, 0x00, 0x00, 0x00, 0x00, 0x00, 0x00, 0x00, 0x00, 0x00,
  0x00, 0x00, 0x00, 0x00, 0x00, 0x00, 0x00, 0x00, 0x00, 0x00, 0x00, 0x00, 0x00, 0x00, 0x00, 0x00,
  0x00, 0x00, 0x00, 0x00, 0x00, 0x00, 0x00, 0x00, 0x00, 0x00, 0x00, 0x00, 0x00, 0x00, 0x00, 0x00,
  0x00, 0x00, 0x00, 0x00, 0x00, 0x00, 0x00, 0x00, 0x00, 0x00, 0x00, 0x00, 0x00, 0x00, 0x00, 0x00,
  0x00, 0x00, 0x00, 0x00, 0x00, 0x00, 0x00, 0x00, 0x00, 0x00, 0x00, 0x00, 0x00, 0x00, 0x00, 0x00,
  0x00, 0x00, 0x00, 0x00, 0x00, 0x00, 0x00, 0x00, 0x00, 0x00, 0x00, 0x00, 0x00, 0x00, 0x00, 0x00,
  0x00, 0x00, 0x00, 0x00, 0x00, 0x00, 0x00, 0x00, 0x00, 0x00, 0x00, 0x00, 0x00, 0x00, 0x00, 0x00,
  0x00, 0x00, 0x00, 0x00, 0x00, 0x00, 0x00, 0x00, 0x00, 0x00, 0x00, 0x00, 0x00, 0x00, 0x00, 0x00,
  0x00, 0x00, 0x00, 0x00, 0x12, 0x0a, 0x09, 0xff, 0x00, 0x00, 0x00, 0x00, 0x00, 0x00, 0x00, 0x00,
  0x00, 0x00, 0x00, 0x00, 0x00, 0x00, 0x00, 0x00, 0x00, 0x00, 0x00, 0x00, 0x00, 0x00, 0x00, 0x00,
  0x00, 0x00, 0x00, 0x00, 0x00, 0x00, 0x00, 0x00, 0x00, 0x00, 0x00, 0x00, 0x00, 0x00, 0x00, 0x00,
  0x00, 0x00, 0x00, 0x00, 0x00, 0x00, 0x00, 0x00, 0x00, 0x00, 0x00, 0x00, 0x00, 0x00, 0x00, 0x00,
  0x00, 0x00, 0x00, 0x00, 0x00, 0x00, 0x00, 0x00, 0x00, 0x00, 0x00, 0x00, 0x00, 0x00, 0x00, 0x00,
  0x00, 0x00, 0x00, 0x00, 0x00, 0x00, 0x00, 0x00, 0x00, 0x00, 0x00, 0x00, 0x00, 0x00, 0x00, 0x00,
  0x00, 0x00, 0x00, 0x00, 0x00, 0x00, 0x00, 0x00, 0x00, 0x00, 0x00, 0x00, 0x00, 0x00, 0x00, 0x00,
  0x00, 0x00, 0x00, 0x00, 0x00, 0x00, 0x00, 0x00, 0x00, 0x00, 0x00, 0x00, 0x00, 0x00, 0x00, 0x00,
  0x00, 0x00, 0x00, 0x00, 0x00, 0x00, 0x00, 0x00, 0x00, 0x00, 0x00, 0x00, 0x00, 0x00, 0x00, 0x00,
  0x00, 0x00, 0x00, 0x00, 0x00, 0x00, 0x00, 0x00, 0x00, 0x00, 0x00, 0x00, 0x00, 0x00, 0x00, 0x00,
  0x00, 0x00, 0x00, 0x00, 0x00, 0x00, 0x00, 0x00, 0x00, 0x00, 0x00, 0x00, 0x00, 0x00, 0x00, 0x00,
  0x00, 0x00, 0x00, 0x00, 0x00, 0x00, 0x00, 0x00, 0x00, 0x00, 0x00, 0x00, 0x00, 0x00, 0x00, 0x00,
  0x00, 0x00, 0x00, 0x00, 0x00, 0x00, 0x00, 0x00, 0x00, 0x00, 0x00, 0x00, 0x00, 0x00, 0x00, 0x00,
  0x00, 0x00, 0x00, 0x00, 0x00, 0x00, 0x00, 0x00, 0x00, 0x00, 0x00, 0x00, 0x00, 0x00, 0x00, 0x00,
  0x00, 0x00, 0x00, 0x00, 0x00, 0x00, 0x00, 0x00, 0x00, 0x00, 0x00, 0x00, 0x00, 0x00, 0x00, 0x00,
  0x00, 0x00, 0x00, 0x00, 0x00, 0x00, 0x00, 0x00, 0x00, 0x00, 0x00, 0x00, 0x00, 0x00, 0x00, 0x00,
  0x00, 0x00, 0x00, 0x00, 0x00, 0x00, 0x00, 0x00, 0x00, 0x00, 0x00, 0x00, 0x00, 0x00, 0x00, 0x00,
  0x00, 0x00, 0x00, 0x00, 0x00, 0x00, 0x00, 0x00, 0x00, 0x00, 0x00, 0x00, 0x00, 0x00, 0x00, 0x00,
  0x00, 0x00, 0x00, 0x00, 0x00, 0x00, 0x00, 0x00, 0x00, 0x00, 0x00, 0x00, 0x00, 0x00, 0x00, 0x00,
  0x25, 0x04, 0x04, 0xff, 0x32, 0x0f, 0x10, 0xff, 0x00, 0x00, 0x00, 0x00, 0x00, 0x00, 0x00, 0x00,
  0x81, 0x0f, 0x15, 0xff, 0x00, 0x00, 0x00, 0x00, 0x00, 0x00, 0x00, 0x00, 0x00, 0x00, 0x00, 0x00,
  0x00, 0x00, 0x00, 0x00, 0x00, 0x00, 0x00, 0x00, 0x81, 0x63, 0x60, 0xff, 0x19, 0x11, 0x11, 0xff,
  0x1e, 0x02, 0x05, 0xff, 0x1c, 0x12, 0x14, 0xff, 0x1c, 0x13, 0x15, 0xff, 0x00, 0x00, 0x00, 0xff,
  0x1c, 0x12, 0x13, 0xff, 0x12, 0x06, 0x03, 0xff, 0x01, 0x01, 0x01, 0xff, 0x13, 0x10, 0x0f, 0xff,
  0x60, 0x09, 0x0f, 0xff, 0x4e, 0x07, 0x0c, 0xff, 0x36, 0x2a, 0x2b, 0xff, 0x23, 0x1c, 0x1c, 0xff,
  0x03, 0x01, 0x01, 0xff, 0x43, 0x00, 0x06, 0xff, 0x48, 0x00, 0x08, 0xff, 0x54, 0x00, 0x06, 0xff,
  0xa8, 0x01, 0x13, 0xff, 0x2e, 0x08, 0x08, 0xff, 0x6b, 0x0a, 0x0e, 0xff, 0xef, 0x2d, 0x31, 0xff,
  0xef, 0x2e, 0x31, 0xff, 0xcf, 0x2d, 0x2e, 0xff, 0x17, 0x08, 0x05, 0xff, 0xba, 0x07, 0x19, 0xff,
  0x71, 0x00, 0x0b, 0xff, 0x4e, 0x00, 0x06, 0xff, 0x46, 0x02, 0x06, 0xff, 0x07, 0x03, 0x04, 0xff,
  0x0f, 0x0b, 0x0c, 0xff, 0x35, 0x25, 0x29, 0xff, 0x08, 0x02, 0x00, 0xff, 0xac, 0x15, 0x1d, 0xff,
  0x1c, 0x13, 0x16, 0xff, 0x00, 0x00, 0x00, 0xff, 0x19, 0x06, 0x05, 0xff, 0x15, 0x13, 0x13, 0xff,
  0x03, 0x02, 0x02, 0xff, 0x1d, 0x14, 0x17, 0xff, 0x18, 0x13, 0x15, 0xff, 0x11, 0x00, 0x01, 0xff,
  0x02, 0x02, 0x02, 0xff, 0x6f, 0x54, 0x53, 0xff, 0x00, 0x00, 0x00, 0x00, 0x00, 0x00, 0x00, 0x00,
  0x00, 0x00, 0x00, 0x00, 0x00, 0x00, 0x00, 0x00, 0x00, 0x00, 0x00, 0x00, 0x64, 0x0f, 0x17, 0xff,
  0xca, 0xa0, 0x9c, 0xff, 0x00, 0x00, 0x00, 0x00, 0x03, 0x01, 0x00, 0xff, 0x85, 0x18, 0x22, 0xff,
  0x00, 0x00, 0x00, 0x00, 0x00, 0x00, 0x00, 0x00, 0x00, 0x00, 0x00, 0x00, 0x00, 0x00, 0x00, 0x00,
  0x00, 0x00, 0x00, 0x00, 0x00, 0x00, 0x00, 0x00, 0x00, 0x00, 0x00, 0x00, 0x00, 0x00, 0x00, 0x00,
  0x00, 0x00, 0x00, 0x00, 0x00, 0x00, 0x00, 0x00, 0x00, 0x00, 0x00, 0x00, 0x00, 0x00, 0x00, 0x00,
  0x00, 0x00, 0x00, 0x00, 0x00, 0x00, 0x00, 0x00, 0x00, 0x00, 0x00, 0x00, 0x00, 0x00, 0x00, 0x00,
  0x00, 0x00, 0x00, 0x00, 0x00, 0x00, 0x00, 0x00, 0x00, 0x00, 0x00, 0x00, 0x00, 0x00, 0x00, 0x00,
  0x00, 0x00, 0x00, 0x00, 0x00, 0x00, 0x00, 0x00, 0x00, 0x00, 0x00, 0x00, 0x00, 0x00, 0x00, 0x00,
  0x00, 0x00, 0x00, 0x00, 0x00, 0x00, 0x00, 0x00, 0x00, 0x00, 0x00, 0x00, 0x00, 0x00, 0x00, 0x00,
  0x00, 0x00, 0x00, 0x00, 0x00, 0x00, 0x00, 0x00, 0x00, 0x00, 0x00, 0x00, 0x00, 0x00, 0x00, 0x00,
  0x00, 0x00, 0x00, 0x00, 0x00, 0x00, 0x00, 0x00, 0x00, 0x00, 0x00, 0x00, 0x00, 0x00, 0x00, 0x00,
  0x00, 0x00, 0x00, 0x00, 0x00, 0x00, 0x00, 0x00, 0x00, 0x00, 0x00, 0x00, 0x00, 0x00, 0x00, 0x00,
  0x00, 0x00, 0x00, 0x00, 0x00, 0x00, 0x00, 0x00, 0x00, 0x00, 0x00, 0x00, 0x00, 0x00, 0x00, 0x00,
  0x00, 0x00, 0x00, 0x00, 0x00, 0x00, 0x00, 0x00, 0x00, 0x00, 0x00, 0x00, 0x00, 0x00, 0x00, 0x00,
  0x00, 0x00, 0x00, 0x00, 0x00, 0x00, 0x00, 0x00, 0x00, 0x00, 0x00, 0x00, 0x00, 0x00, 0x00, 0x00,
  0x00, 0x00, 0x00, 0x00, 0x00, 0x00, 0x00, 0x00, 0x00, 0x00, 0x00, 0x00, 0x00, 0x00, 0x00, 0x00,
  0x00, 0x00, 0x00, 0x00, 0x00, 0x00, 0x00, 0x00, 0x00, 0x00, 0x00, 0x00, 0x00, 0x00, 0x00, 0x00,
  0x00, 0x00, 0x00, 0x00, 0x00, 0x00, 0x00, 0x00, 0x00, 0x00, 0x00, 0x00, 0x00, 0x00, 0x00, 0x00,
  0x00, 0x00, 0x00, 0x00, 0x00, 0x00, 0x00, 0x00, 0x00, 0x00, 0x00, 0x00, 0x00, 0x00, 0x00, 0x00,
  0x00, 0x00, 0x00, 0x00, 0x00, 0x00, 0x00, 0x00, 0x00, 0x00, 0x00, 0x00, 0x00, 0x00, 0x00, 0x00,
  0x00, 0x00, 0x00, 0x00, 0x00, 0x00, 0x00, 0x00, 0x00, 0x00, 0x00, 0x00, 0x00, 0x00, 0x00, 0x00,
  0x00, 0x00, 0x00, 0x00, 0x00, 0x00, 0x00, 0x00, 0x00, 0x00, 0x00, 0x00, 0x00, 0x00, 0x00, 0x00,
  0x00, 0x00, 0x00, 0x00, 0x00, 0x00, 0x00, 0x00, 0x00, 0x00, 0x00, 0x00, 0x00, 0x00, 0x00, 0x00,
  0x00, 0x00, 0x00, 0x00, 0x00, 0x00, 0x00, 0x00, 0x00, 0x00, 0x00, 0x00, 0x00, 0x00, 0x00, 0x00,
  0x00, 0x00, 0x00, 0x00, 0x00, 0x00, 0x00, 0x00, 0x00, 0x00, 0x00, 0x00, 0x00, 0x00, 0x00, 0x00,
  0x00, 0x00, 0x00, 0x00, 0x00, 0x00, 0x00, 0x00, 0x00, 0x00, 0x00, 0x00, 0x00, 0x00, 0x00, 0x00,
  0x00, 0x00, 0x00, 0x00, 0x00, 0x00, 0x00, 0x00, 0x00, 0x00, 0x00, 0x00, 0x00, 0x00, 0x00, 0x00,
  0x00, 0x00, 0x00, 0x00, 0x00, 0x00, 0x00, 0x00, 0x00, 0x00, 0x00, 0x00, 0x00, 0x00, 0x00, 0x00,
  0x00, 0x00, 0x00, 0x00, 0x00, 0x00, 0x00, 0x00, 0x00, 0x00, 0x00, 0x00, 0x00, 0x00, 0x00, 0x00,
  0x00, 0x00, 0x00, 0x00, 0x00, 0x00, 0x00, 0x00, 0x00, 0x00, 0x00, 0x00, 0x00, 0x00, 0x00, 0x00,
  0x00, 0x00, 0x00, 0x00, 0x00, 0x00, 0x00, 0x00, 0x00, 0x00, 0x00, 0x00, 0x00, 0x00, 0x00, 0x00,
  0x00, 0x00, 0x00, 0x00, 0x00, 0x00, 0x00, 0x00, 0x00, 0x00, 0x00, 0x00, 0x00, 0x00, 0x00, 0x00,
  0x00, 0x00, 0x00, 0x00, 0x00, 0x00, 0x00, 0x00, 0x00, 0x00, 0x00, 0x00, 0x00, 0x00, 0x00, 0x00,
  0x00, 0x00, 0x00, 0x00, 0x00, 0x00, 0x00, 0x00, 0x00, 0x00, 0x00, 0x00, 0x00, 0x00, 0x00, 0x00,
  0x00, 0x00, 0x00, 0x00, 0x44, 0x0e, 0x0f, 0xff, 0x00, 0x00, 0x00, 0x00, 0x00, 0x00, 0x00, 0x00,
  0x30, 0x0b, 0x0c, 0xff, 0x00, 0x00, 0x00, 0x00, 0x00, 0x00, 0x00, 0x00, 0x00, 0x00, 0x00, 0x00,
  0x00, 0x00, 0x00, 0x00, 0x00, 0x00, 0x00, 0x00, 0x4c, 0x3b, 0x39, 0xff, 0x18, 0x11, 0x11, 0xff,
  0x5d, 0x08, 0x15, 0xff, 0x20, 0x06, 0x08, 0xff, 0x19, 0x12, 0x13, 0xff, 0x01, 0x01, 0x01, 0xff,
  0x19, 0x12, 0x13, 0xff, 0x19, 0x13, 0x15, 0xff, 0x14, 0x10, 0x11, 0xff, 0x19, 0x12, 0x15, 0xff,
  0x10, 0x02, 0x00, 0xff, 0x21, 0x16, 0x18, 0xff, 0x38, 0x2b, 0x2d, 0xff, 0x18, 0x11, 0x11, 0xff,
  0x6d, 0x27, 0x2c, 0xff, 0x47, 0x00, 0x09, 0xff, 0x50, 0x03, 0x0b, 0xff, 0x9f, 0x02, 0x13, 0xff,
  0xac, 0x07, 0x17, 0xff, 0xea, 0x3b, 0x3e, 0xff, 0x30, 0x0c, 0x08, 0xff, 0xef, 0x2f, 0x31, 0xff,
  0xef, 0x2e, 0x34, 0xff, 0x39, 0x08, 0x07, 0xff, 0x8e, 0x21, 0x22, 0xff, 0xc0, 0x05, 0x19, 0xff,
  0xb8, 0x07, 0x1b, 0xff, 0x5a, 0x01, 0x09, 0xff, 0x4e, 0x00, 0x08, 0xff, 0x53, 0x09, 0x10, 0xff,
  0x15, 0x12, 0x10, 0xff, 0x3d, 0x2e, 0x2f, 0xff, 0x34, 0x21, 0x23, 0xff, 0x69, 0x0b, 0x13, 0xff,
  0x1c, 0x15, 0x16, 0xff, 0x1d, 0x14, 0x15, 0xff, 0x18, 0x10, 0x13, 0xff, 0x1b, 0x13, 0x14, 0xff,
  0x00, 0x00, 0x00, 0xff, 0x1c, 0x16, 0x16, 0xff, 0x08, 0x02, 0x00, 0xff, 0x46, 0x0a, 0x0f, 0xff,
  0x04, 0x03, 0x04, 0xff, 0x76, 0x5c, 0x57, 0xff, 0x00, 0x00, 0x00, 0x00, 0x00, 0x00, 0x00, 0x00,
  0x00, 0x00, 0x00, 0x00, 0x00, 0x00, 0x00, 0x00, 0x00, 0x00, 0x00, 0x00, 0x49, 0x19, 0x1f, 0xff,
  0x00, 0x00, 0x00, 0x00, 0x00, 0x00, 0x00, 0x00, 0x05, 0x00, 0x03, 0xff, 0x0e, 0x0b, 0x0b, 0xff,
  0x00, 0x00, 0x00, 0x00, 0x00, 0x00, 0x00, 0x00, 0x00, 0x00, 0x00, 0x00, 0x00, 0x00, 0x00, 0x00,
  0x00, 0x00, 0x00, 0x00, 0x00, 0x00, 0x00, 0x00, 0x00, 0x00, 0x00, 0x00, 0x00, 0x00, 0x00, 0x00,
  0x00, 0x00, 0x00, 0x00, 0x00, 0x00, 0x00, 0x00, 0x00, 0x00, 0x00, 0x00, 0x00, 0x00, 0x00, 0x00,
  0x00, 0x00, 0x00, 0x00, 0x00, 0x00, 0x00, 0x00, 0x00, 0x00, 0x00, 0x00, 0x00, 0x00, 0x00, 0x00,
  0x00, 0x00, 0x00, 0x00, 0x00, 0x00, 0x00, 0x00, 0x00, 0x00, 0x00, 0x00, 0x00, 0x00, 0x00, 0x00,
  0x00, 0x00, 0x00, 0x00, 0x00, 0x00, 0x00, 0x00, 0x00, 0x00, 0x00, 0x00, 0x00, 0x00, 0x00, 0x00,
  0x00, 0x00, 0x00, 0x00, 0x00, 0x00, 0x00, 0x00, 0x00, 0x00, 0x00, 0x00, 0x00, 0x00, 0x00, 0x00,
  0x00, 0x00, 0x00, 0x00, 0x00, 0x00, 0x00, 0x00, 0x00, 0x00, 0x00, 0x00, 0x00, 0x00, 0x00, 0x00,
  0x00, 0x00, 0x00, 0x00, 0x00, 0x00, 0x00, 0x00, 0x00, 0x00, 0x00, 0x00, 0x00, 0x00, 0x00, 0x00,
  0x00, 0x00, 0x00, 0x00, 0x00, 0x00, 0x00, 0x00, 0x00, 0x00, 0x00, 0x00, 0x00, 0x00, 0x00, 0x00,
  0x00, 0x00, 0x00, 0x00, 0x00, 0x00, 0x00, 0x00, 0x00, 0x00, 0x00, 0x00, 0x00, 0x00, 0x00, 0x00,
  0x00, 0x00, 0x00, 0x00, 0x00, 0x00, 0x00, 0x00, 0x00, 0x00, 0x00, 0x00, 0x00, 0x00, 0x00, 0x00,
  0x00, 0x00, 0x00, 0x00, 0x00, 0x00, 0x00, 0x00, 0x00, 0x00, 0x00, 0x00, 0x00, 0x00, 0x00, 0x00,
  0x00, 0x00, 0x00, 0x00, 0x00, 0x00, 0x00, 0x00, 0x00, 0x00, 0x00, 0x00, 0x00, 0x00, 0x00, 0x00,
  0x00, 0x00, 0x00, 0x00, 0x00, 0x00, 0x00, 0x00, 0x00, 0x00, 0x00, 0x00, 0x00, 0x00, 0x00, 0x00,
  0x00, 0x00, 0x00, 0x00, 0x00, 0x00, 0x00, 0x00, 0x00, 0x00, 0x00, 0x00, 0x00, 0x00, 0x00, 0x00,
  0x00, 0x00, 0x00, 0x00, 0x00, 0x00, 0x00, 0x00, 0x00, 0x00, 0x00, 0x00, 0x00, 0x00, 0x00, 0x00,
  0x00, 0x00, 0x00, 0x00, 0x00, 0x00, 0x00, 0x00, 0x00, 0x00, 0x00, 0x00, 0x00, 0x00, 0x00, 0x00,
  0x00, 0x00, 0x00, 0x00, 0x00, 0x00, 0x00, 0x00, 0x00, 0x00, 0x00, 0x00, 0x00, 0x00, 0x00, 0x00,
  0x00, 0x00, 0x00, 0x00, 0x00, 0x00, 0x00, 0x00, 0x00, 0x00, 0x00, 0x00, 0x00, 0x00, 0x00, 0x00,
  0x00, 0x00, 0x00, 0x00, 0x00, 0x00, 0x00, 0x00, 0x00, 0x00, 0x00, 0x00, 0x00, 0x00, 0x00, 0x00,
  0x00, 0x00, 0x00, 0x00, 0x00, 0x00, 0x00, 0x00, 0x00, 0x00, 0x00, 0x00, 0x00, 0x00, 0x00, 0x00,
  0x00, 0x00, 0x00, 0x00, 0x00, 0x00, 0x00, 0x00, 0x00, 0x00, 0x00, 0x00, 0x00, 0x00, 0x00, 0x00,
  0x00, 0x00, 0x00, 0x00, 0x00, 0x00, 0x00, 0x00, 0x00, 0x00, 0x00, 0x00, 0x00, 0x00, 0x00, 0x00,
  0x00, 0x00, 0x00, 0x00, 0x00, 0x00, 0x00, 0x00, 0x00, 0x00, 0x00, 0x00, 0x00, 0x00, 0x00, 0x00,
  0x00, 0x00, 0x00, 0x00, 0x00, 0x00, 0x00, 0x00, 0x00, 0x00, 0x00, 0x00, 0x00, 0x00, 0x00, 0x00,
  0x00, 0x00, 0x00, 0x00, 0x00, 0x00, 0x00, 0x00, 0x00, 0x00, 0x00, 0x00, 0x00, 0x00, 0x00, 0x00,
  0x00, 0x00, 0x00, 0x00, 0x00, 0x00, 0x00, 0x00, 0x00, 0x00, 0x00, 0x00, 0x00, 0x00, 0x00, 0x00,
  0x00, 0x00, 0x00, 0x00, 0x00, 0x00, 0x00, 0x00, 0x00, 0x00, 0x00, 0x00, 0x00, 0x00, 0x00, 0x00,
  0x00, 0x00, 0x00, 0x00, 0x00, 0x00, 0x00, 0x00, 0x00, 0x00, 0x00, 0x00, 0x00, 0x00, 0x00, 0x00,
  0x00, 0x00, 0x00, 0x00, 0x00, 0x00, 0x00, 0x00, 0x00, 0x00, 0x00, 0x00, 0x00, 0x00, 0x00, 0x00,
  0x00, 0x00, 0x00, 0x00, 0x00, 0x00, 0x00, 0x00, 0x00, 0x00, 0x00, 0x00, 0x00, 0x00, 0x00, 0x00,
  0x00, 0x00, 0x00, 0x00, 0x3a, 0x12, 0x15, 0xff, 0x00, 0x00, 0x00, 0x00, 0x00, 0x00, 0x00, 0x00,
  0x00, 0x00, 0x00, 0x00, 0xed, 0xb5, 0xae, 0xff, 0x00, 0x00, 0x00, 0x00, 0x00, 0x00, 0x00, 0x00,
  0x00, 0x00, 0x00, 0x00, 0x00, 0x00, 0x00, 0x00, 0x00, 0x00, 0x00, 0x00, 0x04, 0x03, 0x03, 0xff,
  0x62, 0x0c, 0x15, 0xff, 0xc3, 0x1b, 0x2e, 0xff, 0x07, 0x05, 0x03, 0xff, 0x09, 0x08, 0x08, 0xff,
  0x19, 0x12, 0x13, 0xff, 0x1c, 0x14, 0x17, 0xff, 0x1c, 0x13, 0x15, 0xff, 0x13, 0x0f, 0x11, 0xff,
  0x15, 0x10, 0x12, 0xff, 0x34, 0x27, 0x2a, 0xff, 0x04, 0x02, 0x04, 0xff, 0x0a, 0x02, 0x01, 0xff,
  0x40, 0x04, 0x07, 0xff, 0x4e, 0x01, 0x0a, 0xff, 0x89, 0x08, 0x14, 0xff, 0xa1, 0x04, 0x13, 0xff,
  0xae, 0x04, 0x14, 0xff, 0xef, 0x35, 0x36, 0xff, 0x67, 0x30, 0x2b, 0xff, 0xef, 0x2f, 0x3a, 0xff,
  0xef, 0x41, 0x42, 0xff, 0x32, 0x10, 0x12, 0xff, 0xef, 0x47, 0x4c, 0xff, 0xc2, 0x06, 0x17, 0xff,
  0xb9, 0x05, 0x16, 0xff, 0xab, 0x04, 0x15, 0xff, 0x55, 0x01, 0x08, 0xff, 0x4a, 0x00, 0x08, 0xff,
  0x12, 0x02, 0x01, 0xff, 0x00, 0x00, 0x00, 0xff, 0x32, 0x25, 0x29, 0xff, 0x0c, 0x08, 0x09, 0xff,
  0x18, 0x12, 0x13, 0xff, 0x19, 0x13, 0x14, 0xff, 0x1b, 0x14, 0x15, 0xff, 0x1c, 0x14, 0x17, 0xff,
  0x01, 0x00, 0x00, 0xff, 0x01, 0x00, 0x00, 0xff, 0xc5, 0x19, 0x25, 0xff, 0x52, 0x09, 0x10, 0xff,
  0x0a, 0x08, 0x06, 0xff, 0x00, 0x00, 0x00, 0x00, 0x00, 0x00, 0x00, 0x00, 0x00, 0x00, 0x00, 0x00,
  0x00, 0x00, 0x00, 0x00, 0x00, 0x00, 0x00, 0x00, 0x00, 0x00, 0x00, 0x00, 0x00, 0x00, 0x00, 0x00,
  0x00, 0x00, 0x00, 0x00, 0x00, 0x00, 0x00, 0x00, 0x02, 0x01, 0x00, 0xff, 0x00, 0x00, 0x00, 0x00,
  0x00, 0x00, 0x00, 0x00, 0x00, 0x00, 0x00, 0x00, 0x00, 0x00, 0x00, 0x00, 0x00, 0x00, 0x00, 0x00,
  0x00, 0x00, 0x00, 0x00, 0x00, 0x00, 0x00, 0x00, 0x00, 0x00, 0x00, 0x00, 0x00, 0x00, 0x00, 0x00,
  0x00, 0x00, 0x00, 0x00, 0x00, 0x00, 0x00, 0x00, 0x00, 0x00, 0x00, 0x00, 0x00, 0x00, 0x00, 0x00,
  0x00, 0x00, 0x00, 0x00, 0x00, 0x00, 0x00, 0x00, 0x00, 0x00, 0x00, 0x00, 0x00, 0x00, 0x00, 0x00,
  0x00, 0x00, 0x00, 0x00, 0x00, 0x00, 0x00, 0x00, 0x00, 0x00, 0x00, 0x00, 0x00, 0x00, 0x00, 0x00,
  0x00, 0x00, 0x00, 0x00, 0x00, 0x00, 0x00, 0x00, 0x00, 0x00, 0x00, 0x00, 0x00, 0x00, 0x00, 0x00,
  0x00, 0x00, 0x00, 0x00, 0x00, 0x00, 0x00, 0x00, 0x00, 0x00, 0x00, 0x00, 0x00, 0x00, 0x00, 0x00,
  0x00, 0x00, 0x00, 0x00, 0x00, 0x00, 0x00, 0x00, 0x00, 0x00, 0x00, 0x00, 0x00, 0x00, 0x00, 0x00,
  0x00, 0x00, 0x00, 0x00, 0x00, 0x00, 0x00, 0x00, 0x00, 0x00, 0x00, 0x00, 0x00, 0x00, 0x00, 0x00,
  0x00, 0x00, 0x00, 0x00, 0x00, 0x00, 0x00, 0x00, 0x00, 0x00, 0x00, 0x00, 0x00, 0x00, 0x00, 0x00,
  0x00, 0x00, 0x00, 0x00, 0x00, 0x00, 0x00, 0x00, 0x00, 0x00, 0x00, 0x00, 0x00, 0x00, 0x00, 0x00,
  0x00, 0x00, 0x00, 0x00, 0x00, 0x00, 0x00, 0x00, 0x00, 0x00, 0x00, 0x00, 0x00, 0x00, 0x00, 0x00,
  0x00, 0x00, 0x00, 0x00, 0x00, 0x00, 0x00, 0x00, 0x00, 0x00, 0x00, 0x00, 0x00, 0x00, 0x00, 0x00,
  0x00, 0x00, 0x00, 0x00, 0x00, 0x00, 0x00, 0x00, 0x00, 0x00, 0x00, 0x00, 0x00, 0x00, 0x00, 0x00,
  0x00, 0x00, 0x00, 0x00, 0x00, 0x00, 0x00, 0x00, 0x00, 0x00, 0x00, 0x00, 0x00, 0x00, 0x00, 0x00,
  0x00, 0x00, 0x00, 0x00, 0x00, 0x00, 0x00, 0x00, 0x00, 0x00, 0x00, 0x00, 0x00, 0x00, 0x00, 0x00,
  0x00, 0x00, 0x00, 0x00, 0x00, 0x00, 0x00, 0x00, 0x00, 0x00, 0x00, 0x00, 0x00, 0x00, 0x00, 0x00,
  0x00, 0x00, 0x00, 0x00, 0x00, 0x00, 0x00, 0x00, 0x00, 0x00, 0x00, 0x00, 0x00, 0x00, 0x00, 0x00,
  0x00, 0x00, 0x00, 0x00, 0x00, 0x00, 0x00, 0x00, 0x00, 0x00, 0x00, 0x00, 0x00, 0x00, 0x00, 0x00,
  0x00, 0x00, 0x00, 0x00, 0x00, 0x00, 0x00, 0x00, 0x00, 0x00, 0x00, 0x00, 0x00, 0x00, 0x00, 0x00,
  0x00, 0x00, 0x00, 0x00, 0x00, 0x00, 0x00, 0x00, 0x00, 0x00, 0x00, 0x00, 0x00, 0x00, 0x00, 0x00,
  0x00, 0x00, 0x00, 0x00, 0x00, 0x00, 0x00, 0x00, 0x00, 0x00, 0x00, 0x00, 0x00, 0x00, 0x00, 0x00,
  0x00, 0x00, 0x00, 0x00, 0x00, 0x00, 0x00, 0x00, 0x00, 0x00, 0x00, 0x00, 0x00, 0x00, 0x00, 0x00,
  0x00, 0x00, 0x00, 0x00, 0x00, 0x00, 0x00, 0x00, 0x00, 0x00, 0x00, 0x00, 0x00, 0x00, 0x00, 0x00,
  0x00, 0x00, 0x00, 0x00, 0x00, 0x00, 0x00, 0x00, 0x00, 0x00, 0x00, 0x00, 0x00, 0x00, 0x00, 0x00,
  0x00, 0x00, 0x00, 0x00, 0x00, 0x00, 0x00, 0x00, 0x00, 0x00, 0x00, 0x00, 0x00, 0x00, 0x00, 0x00,
  0x00, 0x00, 0x00, 0x00, 0x00, 0x00, 0x00, 0x00, 0x00, 0x00, 0x00, 0x00, 0x00, 0x00, 0x00, 0x00,
  0x00, 0x00, 0x00, 0x00, 0x00, 0x00, 0x00, 0x00, 0x00, 0x00, 0x00, 0x00, 0x00, 0x00, 0x00, 0x00,
  0x00, 0x00, 0x00, 0x00, 0x00, 0x00, 0x00, 0x00, 0x00, 0x00, 0x00, 0x00, 0x00, 0x00, 0x00, 0x00,
  0x00, 0x00, 0x00, 0x00, 0x00, 0x00, 0x00, 0x00, 0x00, 0x00, 0x00, 0x00, 0x00, 0x00, 0x00, 0x00,
  0x00, 0x00, 0x00, 0x00, 0x00, 0x00, 0x00, 0x00, 0x00, 0x00, 0x00, 0x00, 0x00, 0x00, 0x00, 0x00,
  0x00, 0x00, 0x00, 0x00, 0x00, 0x00, 0x00, 0x00, 0x00, 0x00, 0x00, 0x00, 0x00, 0x00, 0x00, 0x00,
  0x00, 0x00, 0x00, 0x00, 0x0f, 0x09, 0x09, 0xff, 0x00, 0x00, 0x00, 0x00, 0x00, 0x00, 0x00, 0x00,
  0x00, 0x00, 0x00, 0x00, 0x00, 0x00, 0x00, 0x00, 0x00, 0x00, 0x00, 0x00, 0x00, 0x00, 0x00, 0x00,
  0x00, 0x00, 0x00, 0x00, 0x00, 0x00, 0x00, 0x00, 0xba, 0x90, 0x8d, 0xff, 0x0e, 0x0a, 0x0a, 0xff,
  0x5e, 0x0e, 0x15, 0xff, 0xba, 0x24, 0x32, 0xff, 0x9a, 0x06, 0x15, 0xff, 0x01, 0x00, 0x00, 0xff,
  0x1b, 0x14, 0x15, 0xff, 0x19, 0x12, 0x15, 0xff, 0x1b, 0x13, 0x16, 0xff, 0x13, 0x0f, 0x10, 0xff,
  0x15, 0x0f, 0x12, 0xff, 0x28, 0x1f, 0x20, 0xff, 0x21, 0x18, 0x17, 0xff, 0x14, 0x10, 0x10, 0xff,
  0x82, 0x1e, 0x1e, 0xff, 0x58, 0x05, 0x09, 0xff, 0x98, 0x02, 0x10, 0xff, 0xa8, 0x06, 0x14, 0xff,
  0xbc, 0x05, 0x15, 0xff, 0xef, 0x25, 0x32, 0xff, 0x57, 0x27, 0x29, 0xff, 0x57, 0x2d, 0x2f, 0xff,
  0x50, 0x2d, 0x2d, 0xff, 0x54, 0x2b, 0x2e, 0xff, 0xef, 0x4c, 0x50, 0xff, 0xc3, 0x05, 0x17, 0xff,
  0xba, 0x04, 0x17, 0xff, 0xae, 0x04, 0x13, 0xff, 0x67, 0x01, 0x09, 0xff, 0xb3, 0x2d, 0x32, 0xff,
  0x0c, 0x0c, 0x0c, 0xff, 0x1e, 0x16, 0x16, 0xff, 0x14, 0x12, 0x11, 0xff, 0x12, 0x0f, 0x0f, 0xff,
  0x15, 0x11, 0x12, 0xff, 0x1c, 0x15, 0x16, 0xff, 0x1b, 0x14, 0x15, 0xff, 0x1d, 0x12, 0x14, 0xff,
  0x00, 0x00, 0x00, 0xff, 0xae, 0x10, 0x1c, 0xff, 0xc3, 0x2a, 0x30, 0xff, 0x5a, 0x09, 0x0f, 0xff,
  0x0b, 0x09, 0x07, 0xff, 0xb1, 0x8a, 0x85, 0xff, 0x00, 0x00, 0x00, 0x00, 0x00, 0x00, 0x00, 0x00,
  0x00, 0x00, 0x00, 0x00, 0x00, 0x00, 0x00, 0x00, 0x00, 0x00, 0x00, 0x00, 0x00, 0x00, 0x00, 0x00,
  0x00, 0x00, 0x00, 0x00, 0x00, 0x00, 0x00, 0x00, 0x05, 0x03, 0x01, 0xff, 0x00, 0x00, 0x00, 0x00,
  0x00, 0x00, 0x00, 0x00, 0x00, 0x00, 0x00, 0x00, 0x00, 0x00, 0x00, 0x00, 0x00, 0x00, 0x00, 0x00,
  0x00, 0x00, 0x00, 0x00, 0x00, 0x00, 0x00, 0x00, 0x00, 0x00, 0x00, 0x00, 0x00, 0x00, 0x00, 0x00,
  0x00, 0x00, 0x00, 0x00, 0x00, 0x00, 0x00, 0x00, 0x00, 0x00, 0x00, 0x00, 0x00, 0x00, 0x00, 0x00,
  0x00, 0x00, 0x00, 0x00, 0x00, 0x00, 0x00, 0x00, 0x00, 0x00, 0x00, 0x00, 0x00, 0x00, 0x00, 0x00,
  0x00, 0x00, 0x00, 0x00, 0x00, 0x00, 0x00, 0x00, 0x00, 0x00, 0x00, 0x00, 0x00, 0x00, 0x00, 0x00,
  0x00, 0x00, 0x00, 0x00, 0x00, 0x00, 0x00, 0x00, 0x00, 0x00, 0x00, 0x00, 0x00, 0x00, 0x00, 0x00,
  0x00, 0x00, 0x00, 0x00, 0x00, 0x00, 0x00, 0x00, 0x00, 0x00, 0x00, 0x00, 0x00, 0x00, 0x00, 0x00,
  0x00, 0x00, 0x00, 0x00, 0x00, 0x00, 0x00, 0x00, 0x00, 0x00, 0x00, 0x00, 0x00, 0x00, 0x00, 0x00,
  0x00, 0x00, 0x00, 0x00, 0x00, 0x00, 0x00, 0x00, 0x00, 0x00, 0x00, 0x00, 0x00, 0x00, 0x00, 0x00,
  0x00, 0x00, 0x00, 0x00, 0x00, 0x00, 0x00, 0x00, 0x00, 0x00, 0x00, 0x00, 0x00, 0x00, 0x00, 0x00,
  0x00, 0x00, 0x00, 0x00, 0x00, 0x00, 0x00, 0x00, 0x00, 0x00, 0x00, 0x00, 0x00, 0x00, 0x00, 0x00,
  0x00, 0x00, 0x00, 0x00, 0x00, 0x00, 0x00, 0x00, 0x00, 0x00, 0x00, 0x00, 0x00, 0x00, 0x00, 0x00,
  0x00, 0x00, 0x00, 0x00, 0x00, 0x00, 0x00, 0x00, 0x00, 0x00, 0x00, 0x00, 0x00, 0x00, 0x00, 0x00,
  0x00, 0x00, 0x00, 0x00, 0x00, 0x00, 0x00, 0x00, 0x00, 0x00, 0x00, 0x00, 0x00, 0x00, 0x00, 0x00,
  0x00, 0x00, 0x00, 0x00, 0x00, 0x00, 0x00, 0x00, 0x00, 0x00, 0x00, 0x00, 0x00, 0x00, 0x00, 0x00,
  0x00, 0x00, 0x00, 0x00, 0x00, 0x00, 0x00, 0x00, 0x00, 0x00, 0x00, 0x00, 0x00, 0x00, 0x00, 0x00,
  0x00, 0x00, 0x00, 0x00, 0x00, 0x00, 0x00, 0x00, 0x00, 0x00, 0x00, 0x00, 0x00, 0x00, 0x00, 0x00,
  0x00, 0x00, 0x00, 0x00, 0x00, 0x00, 0x00, 0x00, 0x00, 0x00, 0x00, 0x00, 0x00, 0x00, 0x00, 0x00,
  0x00, 0x00, 0x00, 0x00, 0x00, 0x00, 0x00, 0x00, 0x00, 0x00, 0x00, 0x00, 0x00, 0x00, 0x00, 0x00,
  0x00, 0x00, 0x00, 0x00, 0x00, 0x00, 0x00, 0x00, 0x00, 0x00, 0x00, 0x00, 0x00, 0x00, 0x00, 0x00,
  0x00, 0x00, 0x00, 0x00, 0x00, 0x00, 0x00, 0x00, 0x00, 0x00, 0x00, 0x00, 0x00, 0x00, 0x00, 0x00,
  0x00, 0x00, 0x00, 0x00, 0x00, 0x00, 0x00, 0x00, 0x00, 0x00, 0x00, 0x00, 0x00, 0x00, 0x00, 0x00,
  0x00, 0x00, 0x00, 0x00, 0x00, 0x00, 0x00, 0x00, 0x00, 0x00, 0x00, 0x00, 0x00, 0x00, 0x00, 0x00,
  0x00, 0x00, 0x00, 0x00, 0x00, 0x00, 0x00, 0x00, 0x00, 0x00, 0x00, 0x00, 0x00, 0x00, 0x00, 0x00,
  0x00, 0x00, 0x00, 0x00, 0x00, 0x00, 0x00, 0x00, 0x00, 0x00, 0x00, 0x00, 0x00, 0x00, 0x00, 0x00,
  0x00, 0x00, 0x00, 0x00, 0x00, 0x00, 0x00, 0x00, 0x00, 0x00, 0x00, 0x00, 0x00, 0x00, 0x00, 0x00,
  0x00, 0x00, 0x00, 0x00, 0x00, 0x00, 0x00, 0x00, 0x00, 0x00, 0x00, 0x00, 0x00, 0x00, 0x00, 0x00,
  0x00, 0x00, 0x00, 0x00, 0x00, 0x00, 0x00, 0x00, 0x00, 0x00, 0x00, 0x00, 0x00, 0x00, 0x00, 0x00,
  0x00, 0x00, 0x00, 0x00, 0x00, 0x00, 0x00, 0x00, 0x00, 0x00, 0x00, 0x00, 0x00, 0x00, 0x00, 0x00,
  0x00, 0x00, 0x00, 0x00, 0x00, 0x00, 0x00, 0x00, 0x00, 0x00, 0x00, 0x00, 0x00, 0x00, 0x00, 0x00,
  0x00, 0x00, 0x00, 0x00, 0x00, 0x00, 0x00, 0x00, 0x00, 0x00, 0x00, 0x00, 0x00, 0x00, 0x00, 0x00,
  0x00, 0x00, 0x00, 0x00, 0x00, 0x00, 0x00, 0x00, 0x00, 0x00, 0x00, 0x00, 0x00, 0x00, 0x00, 0x00,
  0x00, 0x00, 0x00, 0x00, 0x00, 0x00, 0x00, 0x00, 0x00, 0x00, 0x00, 0x00, 0x00, 0x00, 0x00, 0x00,
  0x00, 0x00, 0x00, 0x00, 0x00, 0x00, 0x00, 0x00, 0x00, 0x00, 0x00, 0x00, 0x00, 0x00, 0x00, 0x00,
  0x00, 0x00, 0x00, 0x00, 0x00, 0x00, 0x00, 0x00, 0x04, 0x03, 0x03, 0xff, 0x12, 0x0f, 0x10, 0xff,
  0x5e, 0x0f, 0x16, 0xff, 0x36, 0x02, 0x01, 0xff, 0x9c, 0x0b, 0x17, 0xff, 0x25, 0x02, 0x04, 0xff,
  0x19, 0x10, 0x13, 0xff, 0x1b, 0x12, 0x15, 0xff, 0x19, 0x13, 0x14, 0xff, 0x15, 0x10, 0x12, 0xff,
  0x19, 0x11, 0x12, 0xff, 0x8e, 0x21, 0x2b, 0xff, 0x23, 0x1b, 0x1e, 0xff, 0x0e, 0x01, 0x01, 0xff,
  0x25, 0x1e, 0x1e, 0xff, 0x8f, 0x15, 0x1f, 0xff, 0xa6, 0x04, 0x14, 0xff, 0xb7, 0x04, 0x14, 0xff,
  0xea, 0x21, 0x31, 0xff, 0x34, 0x16, 0x17, 0xff, 0x3e, 0x02, 0x02, 0xff, 0xdd, 0x3d, 0x46, 0xff,
  0xe1, 0x3e, 0x43, 0xff, 0x5b, 0x01, 0x05, 0xff, 0x45, 0x20, 0x21, 0xff, 0xdf, 0x2f, 0x3b, 0xff,
  0xc1, 0x04, 0x17, 0xff, 0xad, 0x04, 0x11, 0xff, 0xb8, 0x22, 0x2a, 0xff, 0x27, 0x1b, 0x19, 0xff,
  0x0a, 0x00, 0x00, 0xff, 0x20, 0x16, 0x1b, 0xff, 0x35, 0x0b, 0x0e, 0xff, 0x14, 0x0f, 0x11, 0xff,
  0x15, 0x11, 0x12, 0xff, 0x1b, 0x14, 0x15, 0xff, 0x1b, 0x12, 0x15, 0xff, 0x1c, 0x13, 0x15, 0xff,
  0x21, 0x17, 0x16, 0xff, 0xae, 0x10, 0x1d, 0xff, 0x95, 0x1b, 0x22, 0xff, 0x5a, 0x07, 0x0f, 0xff,
  0x12, 0x0f, 0x0f, 0xff, 0x07, 0x04, 0x05, 0xff, 0x00, 0x00, 0x00, 0x00, 0x00, 0x00, 0x00, 0x00,
  0x00, 0x00, 0x00, 0x00, 0x00, 0x00, 0x00, 0x00, 0x00, 0x00, 0x00, 0x00, 0x00, 0x00, 0x00, 0x00,
  0x00, 0x00, 0x00, 0x00, 0x00, 0x00, 0x00, 0x00, 0x00, 0x00, 0x00, 0x00, 0x00, 0x00, 0x00, 0x00,
  0x00, 0x00, 0x00, 0x00, 0x00, 0x00, 0x00, 0x00, 0x00, 0x00, 0x00, 0x00, 0x00, 0x00, 0x00, 0x00,
  0x00, 0x00, 0x00, 0x00, 0x00, 0x00, 0x00, 0x00, 0x00, 0x00, 0x00, 0x00, 0x00, 0x00, 0x00, 0x00,
  0x00, 0x00, 0x00, 0x00, 0x00, 0x00, 0x00, 0x00, 0x00, 0x00, 0x00, 0x00, 0x00, 0x00, 0x00, 0x00,
  0x00, 0x00, 0x00, 0x00, 0x00, 0x00, 0x00, 0x00, 0x00, 0x00, 0x00, 0x00, 0x00, 0x00, 0x00, 0x00,
  0x00, 0x00, 0x00, 0x00, 0x00, 0x00, 0x00, 0x00, 0x00, 0x00, 0x00, 0x00, 0x00, 0x00, 0x00, 0x00,
  0x00, 0x00, 0x00, 0x00, 0x00, 0x00, 0x00, 0x00, 0x00, 0x00, 0x00, 0x00, 0x00, 0x00, 0x00, 0x00,
  0x00, 0x00, 0x00, 0x00, 0x00, 0x00, 0x00, 0x00, 0x00, 0x00, 0x00, 0x00, 0x00, 0x00, 0x00, 0x00,
  0x00, 0x00, 0x00, 0x00, 0x00, 0x00, 0x00, 0x00, 0x00, 0x00, 0x00, 0x00, 0x00, 0x00, 0x00, 0x00,
  0x00, 0x00, 0x00, 0x00, 0x00, 0x00, 0x00, 0x00, 0x00, 0x00, 0x00, 0x00, 0x00, 0x00, 0x00, 0x00,
  0x00, 0x00, 0x00, 0x00, 0x00, 0x00, 0x00, 0x00, 0x00, 0x00, 0x00, 0x00, 0x00, 0x00, 0x00, 0x00,
  0x00, 0x00, 0x00, 0x00, 0x00, 0x00, 0x00, 0x00, 0x00, 0x00, 0x00, 0x00, 0x00, 0x00, 0x00, 0x00,
  0x00, 0x00, 0x00, 0x00, 0x00, 0x00, 0x00, 0x00, 0x00, 0x00, 0x00, 0x00, 0x00, 0x00, 0x00, 0x00,
  0x00, 0x00, 0x00, 0x00, 0x00, 0x00, 0x00, 0x00, 0x00, 0x00, 0x00, 0x00, 0x00, 0x00, 0x00, 0x00,
  0x00, 0x00, 0x00, 0x00, 0x00, 0x00, 0x00, 0x00, 0x00, 0x00, 0x00, 0x00, 0x00, 0x00, 0x00, 0x00,
  0x00, 0x00, 0x00, 0x00, 0x00, 0x00, 0x00, 0x00, 0x00, 0x00, 0x00, 0x00, 0x00, 0x00, 0x00, 0x00,
  0x00, 0x00, 0x00, 0x00, 0x00, 0x00, 0x00, 0x00, 0x00, 0x00, 0x00, 0x00, 0x00, 0x00, 0x00, 0x00,
  0x00, 0x00, 0x00, 0x00, 0x00, 0x00, 0x00, 0x00, 0x00, 0x00, 0x00, 0x00, 0x00, 0x00, 0x00, 0x00,
  0x00, 0x00, 0x00, 0x00, 0x00, 0x00, 0x00, 0x00, 0x00, 0x00, 0x00, 0x00, 0x00, 0x00, 0x00, 0x00,
  0x00, 0x00, 0x00, 0x00, 0x00, 0x00, 0x00, 0x00, 0x00, 0x00, 0x00, 0x00, 0x00, 0x00, 0x00, 0x00,
  0x00, 0x00, 0x00, 0x00, 0x00, 0x00, 0x00, 0x00, 0x00, 0x00, 0x00, 0x00, 0x00, 0x00, 0x00, 0x00,
  0x00, 0x00, 0x00, 0x00, 0x00, 0x00, 0x00, 0x00, 0x00, 0x00, 0x00, 0x00, 0x00, 0x00, 0x00, 0x00,
  0x00, 0x00, 0x00, 0x00, 0x00, 0x00, 0x00, 0x00, 0x00, 0x00, 0x00, 0x00, 0x00, 0x00, 0x00, 0x00,
  0x00, 0x00, 0x00, 0x00, 0x00, 0x00, 0x00, 0x00, 0x00, 0x00, 0x00, 0x00, 0x00, 0x00, 0x00, 0x00,
  0x00, 0x00, 0x00, 0x00, 0x00, 0x00, 0x00, 0x00, 0x00, 0x00, 0x00, 0x00, 0x00, 0x00, 0x00, 0x00,
  0x00, 0x00, 0x00, 0x00, 0x00, 0x00, 0x00, 0x00, 0x00, 0x00, 0x00, 0x00, 0x00, 0x00, 0x00, 0x00,
  0x00, 0x00, 0x00, 0x00, 0x00, 0x00, 0x00, 0x00, 0x00, 0x00, 0x00, 0x00, 0x00, 0x00, 0x00, 0x00,
  0x00, 0x00, 0x00, 0x00, 0x00, 0x00, 0x00, 0x00, 0x00, 0x00, 0x00, 0x00, 0x00, 0x00, 0x00, 0x00,
  0x00, 0x00, 0x00, 0x00, 0x00, 0x00, 0x00, 0x00, 0x00, 0x00, 0x00, 0x00, 0x00, 0x00, 0x00, 0x00,
  0x00, 0x00, 0x00, 0x00, 0x00, 0x00, 0x00, 0x00, 0x00, 0x00, 0x00, 0x00, 0x00, 0x00, 0x00, 0x00,
  0x00, 0x00, 0x00, 0x00, 0x00, 0x00, 0x00, 0x00, 0x00, 0x00, 0x00, 0x00, 0x00, 0x00, 0x00, 0x00,
  0x00, 0x00, 0x00, 0x00, 0x00, 0x00, 0x00, 0x00, 0x00, 0x00, 0x00, 0x00, 0x00, 0x00, 0x00, 0x00,
  0x00, 0x00, 0x00, 0x00, 0x00, 0x00, 0x00, 0x00, 0x00, 0x00, 0x00, 0x00, 0x00, 0x00, 0x00, 0x00,
  0x00, 0x00, 0x00, 0x00, 0x00, 0x00, 0x00, 0x00, 0x00, 0x00, 0x00, 0x00, 0x00, 0x00, 0x00, 0x00,
  0x00, 0x00, 0x00, 0x00, 0x00, 0x00, 0x00, 0x00, 0x00, 0x00, 0x00, 0x00, 0x00, 0x00, 0x00, 0x00,
  0x03, 0x00, 0x00, 0xff, 0x06, 0x03, 0x04, 0xff, 0x17, 0x10, 0x12, 0xff, 0x12, 0x0f, 0x0f, 0xff,
  0x48, 0x12, 0x16, 0xff, 0x4c, 0x04, 0x0a, 0xff, 0xb4, 0x14, 0x1f, 0xff, 0x8d, 0x0e, 0x1e, 0xff,
  0x1b, 0x10, 0x13, 0xff, 0x19, 0x12, 0x15, 0xff, 0x18, 0x11, 0x13, 0xff, 0x15, 0x11, 0x12, 0xff,
  0x19, 0x0f, 0x12, 0xff, 0xa9, 0x1b, 0x22, 0xff, 0x20, 0x16, 0x19, 0xff, 0x6d, 0x13, 0x19, 0xff,
  0x2e, 0x05, 0x07, 0xff, 0x32, 0x22, 0x21, 0xff, 0xc5, 0x3e, 0x40, 0xff, 0xef, 0x2b, 0x37, 0xff,
  0x2f, 0x14, 0x13, 0xff, 0x49, 0x06, 0x0a, 0xff, 0xdb, 0x08, 0x11, 0xff, 0xef, 0x21, 0x2b, 0xff,
  0xef, 0x20, 0x2d, 0xff, 0xef, 0x08, 0x15, 0xff, 0x58, 0x01, 0x05, 0xff, 0x3e, 0x18, 0x16, 0xff,
  0xef, 0x52, 0x55, 0xff, 0xd0, 0x1d, 0x2a, 0xff, 0x37, 0x24, 0x24, 0xff, 0x19, 0x00, 0x00, 0xff,
  0x8f, 0x16, 0x21, 0xff, 0x21, 0x18, 0x18, 0xff, 0x5f, 0x11, 0x16, 0xff, 0x17, 0x11, 0x12, 0xff,
  0x1b, 0x12, 0x14, 0xff, 0x19, 0x13, 0x14, 0xff, 0x1c, 0x13, 0x16, 0xff, 0x15, 0x12, 0x13, 0xff,
  0x87, 0x11, 0x19, 0xff, 0xa6, 0x0e, 0x18, 0xff, 0x57, 0x06, 0x0c, 0xff, 0x50, 0x0a, 0x12, 0xff,
  0x15, 0x11, 0x12, 0xff, 0x18, 0x12, 0x13, 0xff, 0x04, 0x00, 0x01, 0xff, 0x05, 0x00, 0x00, 0xff,
  0x00, 0x00, 0x00, 0x00, 0x00, 0x00, 0x00, 0x00, 0x00, 0x00, 0x00, 0x00, 0x00, 0x00, 0x00, 0x00,
  0x00, 0x00, 0x00, 0x00, 0x00, 0x00, 0x00, 0x00, 0x00, 0x00, 0x00, 0x00, 0x00, 0x00, 0x00, 0x00,
  0x00, 0x00, 0x00, 0x00, 0x00, 0x00, 0x00, 0x00, 0x00, 0x00, 0x00, 0x00, 0x00, 0x00, 0x00, 0x00,
  0x00, 0x00, 0x00, 0x00, 0x00, 0x00, 0x00, 0x00, 0x00, 0x00, 0x00, 0x00, 0x00, 0x00, 0x00, 0x00,
  0x00, 0x00, 0x00, 0x00, 0x00, 0x00, 0x00, 0x00, 0x00, 0x00, 0x00, 0x00, 0x00, 0x00, 0x00, 0x00,
  0x00, 0x00, 0x00, 0x00, 0x00, 0x00, 0x00, 0x00, 0x00, 0x00, 0x00, 0x00, 0x00, 0x00, 0x00, 0x00,
  0x00, 0x00, 0x00, 0x00, 0x00, 0x00, 0x00, 0x00, 0x00, 0x00, 0x00, 0x00, 0x00, 0x00, 0x00, 0x00,
  0x00, 0x00, 0x00, 0x00, 0x00, 0x00, 0x00, 0x00, 0x00, 0x00, 0x00, 0x00, 0x00, 0x00, 0x00, 0x00,
  0x00, 0x00, 0x00, 0x00, 0x00, 0x00, 0x00, 0x00, 0x00, 0x00, 0x00, 0x00, 0x00, 0x00, 0x00, 0x00,
  0x00, 0x00, 0x00, 0x00, 0x00, 0x00, 0x00, 0x00, 0x00, 0x00, 0x00, 0x00, 0x00, 0x00, 0x00, 0x00,
  0x00, 0x00, 0x00, 0x00, 0x00, 0x00, 0x00, 0x00, 0x00, 0x00, 0x00, 0x00, 0x00, 0x00, 0x00, 0x00,
  0x00, 0x00, 0x00, 0x00, 0x00, 0x00, 0x00, 0x00, 0x00, 0x00, 0x00, 0x00, 0x00, 0x00, 0x00, 0x00,
  0x00, 0x00, 0x00, 0x00, 0x00, 0x00, 0x00, 0x00, 0x00, 0x00, 0x00, 0x00, 0x00, 0x00, 0x00, 0x00,
  0x00, 0x00, 0x00, 0x00, 0x00, 0x00, 0x00, 0x00, 0x00, 0x00, 0x00, 0x00, 0x00, 0x00, 0x00, 0x00,
  0x00, 0x00, 0x00, 0x00, 0x00, 0x00, 0x00, 0x00, 0x00, 0x00, 0x00, 0x00, 0x00, 0x00, 0x00, 0x00,
  0x00, 0x00, 0x00, 0x00, 0x00, 0x00, 0x00, 0x00, 0x00, 0x00, 0x00, 0x00, 0x00, 0x00, 0x00, 0x00,
  0x00, 0x00, 0x00, 0x00, 0x00, 0x00, 0x00, 0x00, 0x00, 0x00, 0x00, 0x00, 0x00, 0x00, 0x00, 0x00,
  0x00, 0x00, 0x00, 0x00, 0x00, 0x00, 0x00, 0x00, 0x00, 0x00, 0x00, 0x00, 0x00, 0x00, 0x00, 0x00,
  0x00, 0x00, 0x00, 0x00, 0x00, 0x00, 0x00, 0x00, 0x00, 0x00, 0x00, 0x00, 0x00, 0x00, 0x00, 0x00,
  0x00, 0x00, 0x00, 0x00, 0x00, 0x00, 0x00, 0x00, 0x00, 0x00, 0x00, 0x00, 0x00, 0x00, 0x00, 0x00,
  0x00, 0x00, 0x00, 0x00, 0x00, 0x00, 0x00, 0x00, 0x00, 0x00, 0x00, 0x00, 0x00, 0x00, 0x00, 0x00,
  0x00, 0x00, 0x00, 0x00, 0x00, 0x00, 0x00, 0x00, 0x00, 0x00, 0x00, 0x00, 0x00, 0x00, 0x00, 0x00,
  0x00, 0x00, 0x00, 0x00, 0x00, 0x00, 0x00, 0x00, 0x00, 0x00, 0x00, 0x00, 0x00, 0x00, 0x00, 0x00,
  0x00, 0x00, 0x00, 0x00, 0x00, 0x00, 0x00, 0x00, 0x00, 0x00, 0x00, 0x00, 0x00, 0x00, 0x00, 0x00,
  0x00, 0x00, 0x00, 0x00, 0x00, 0x00, 0x00, 0x00, 0x00, 0x00, 0x00, 0x00, 0x00, 0x00, 0x00, 0x00,
  0x00, 0x00, 0x00, 0x00, 0x00, 0x00, 0x00, 0x00, 0x00, 0x00, 0x00, 0x00, 0x00, 0x00, 0x00, 0x00,
  0x00, 0x00, 0x00, 0x00, 0x00, 0x00, 0x00, 0x00, 0x00, 0x00, 0x00, 0x00, 0x00, 0x00, 0x00, 0x00,
  0x00, 0x00, 0x00, 0x00, 0x00, 0x00, 0x00, 0x00, 0x00, 0x00, 0x00, 0x00, 0x00, 0x00, 0x00, 0x00,
  0x00, 0x00, 0x00, 0x00, 0x00, 0x00, 0x00, 0x00, 0x00, 0x00, 0x00, 0x00, 0x00, 0x00, 0x00, 0x00,
  0x00, 0x00, 0x00, 0x00, 0x00, 0x00, 0x00, 0x00, 0x00, 0x00, 0x00, 0x00, 0x00, 0x00, 0x00, 0x00,
  0x00, 0x00, 0x00, 0x00, 0x00, 0x00, 0x00, 0x00, 0x00, 0x00, 0x00, 0x00, 0x00, 0x00, 0x00, 0x00,
  0x00, 0x00, 0x00, 0x00, 0x00, 0x00, 0x00, 0x00, 0x00, 0x00, 0x00, 0x00, 0x00, 0x00, 0x00, 0x00,
  0x00, 0x00, 0x00, 0x00, 0x00, 0x00, 0x00, 0x00, 0x00, 0x00, 0x00, 0x00, 0x00, 0x00, 0x00, 0x00,
  0x00, 0x00, 0x00, 0x00, 0x00, 0x00, 0x00, 0x00, 0x00, 0x00, 0x00, 0x00, 0x00, 0x00, 0x00, 0x00,
  0x00, 0x00, 0x00, 0x00, 0x00, 0x00, 0x00, 0x00, 0x00, 0x00, 0x00, 0x00, 0x00, 0x00, 0x00, 0x00,
  0x00, 0x00, 0x00, 0x00, 0x00, 0x00, 0x00, 0x00, 0x00, 0x00, 0x00, 0x00, 0x00, 0x00, 0x00, 0x00,
  0x06, 0x02, 0x00, 0xff, 0x06, 0x06, 0x02, 0xff, 0x14, 0x12, 0x12, 0xff, 0x15, 0x11, 0x12, 0xff,
  0x00, 0x00, 0x00, 0xff, 0x61, 0x04, 0x0e, 0xff, 0xbb, 0x20, 0x2e, 0xff, 0xa2, 0x07, 0x16, 0xff,
  0x05, 0x01, 0x01, 0xff, 0x19, 0x12, 0x15, 0xff, 0x17, 0x12, 0x11, 0xff, 0x17, 0x10, 0x10, 0xff,
  0x19, 0x0f, 0x10, 0xff, 0xac, 0x17, 0x1f, 0xff, 0x1b, 0x12, 0x15, 0xff, 0x55, 0x0f, 0x13, 0xff,
  0x58, 0x01, 0x08, 0xff, 0x7b, 0x1c, 0x22, 0xff, 0x3e, 0x24, 0x29, 0xff, 0x3e, 0x21, 0x21, 0xff,
  0x45, 0x07, 0x0b, 0xff, 0xb9, 0x07, 0x0e, 0xff, 0xef, 0x34, 0x34, 0xff, 0xef, 0x37, 0x34, 0xff,
  0xef, 0x38, 0x31, 0xff, 0xef, 0x37, 0x31, 0xff, 0xe6, 0x01, 0x0f, 0xff, 0x77, 0x04, 0x0c, 0xff,
  0x4c, 0x2b, 0x28, 0xff, 0x44, 0x2a, 0x29, 0xff, 0x39, 0x07, 0x08, 0xff, 0x5b, 0x05, 0x08, 0xff,
  0x7d, 0x12, 0x1e, 0xff, 0x25, 0x16, 0x19, 0xff, 0x71, 0x17, 0x1e, 0xff, 0x19, 0x0f, 0x13, 0xff,
  0x17, 0x10, 0x12, 0xff, 0x12, 0x0f, 0x10, 0xff, 0x1b, 0x12, 0x13, 0xff, 0x07, 0x02, 0x01, 0xff,
  0xa3, 0x0a, 0x1c, 0xff, 0xb4, 0x15, 0x21, 0xff, 0x5d, 0x08, 0x10, 0xff, 0x0b, 0x02, 0x02, 0xff,
  0x17, 0x11, 0x13, 0xff, 0x18, 0x12, 0x14, 0xff, 0x06, 0x04, 0x05, 0xff, 0x0f, 0x00, 0x00, 0xff,
  0x00, 0x00, 0x00, 0x00, 0x00, 0x00, 0x00, 0x00, 0x00, 0x00, 0x00, 0x00, 0x00, 0x00, 0x00, 0x00,
  0x00, 0x00, 0x00, 0x00, 0x00, 0x00, 0x00, 0x00, 0x00, 0x00, 0x00, 0x00, 0x00, 0x00, 0x00, 0x00,
  0x00, 0x00, 0x00, 0x00, 0x00, 0x00, 0x00, 0x00, 0x00, 0x00, 0x00, 0x00, 0x00, 0x00, 0x00, 0x00,
  0x00, 0x00, 0x00, 0x00, 0x00, 0x00, 0x00, 0x00, 0x00, 0x00, 0x00, 0x00, 0x00, 0x00, 0x00, 0x00,
  0x00, 0x00, 0x00, 0x00, 0x00, 0x00, 0x00, 0x00, 0x00, 0x00, 0x00, 0x00, 0x00, 0x00, 0x00, 0x00,
  0x00, 0x00, 0x00, 0x00, 0x00, 0x00, 0x00, 0x00, 0x00, 0x00, 0x00, 0x00, 0x00, 0x00, 0x00, 0x00,
  0x00, 0x00, 0x00, 0x00, 0x00, 0x00, 0x00, 0x00, 0x00, 0x00, 0x00, 0x00, 0x00, 0x00, 0x00, 0x00,
  0x00, 0x00, 0x00, 0x00, 0x00, 0x00, 0x00, 0x00, 0x00, 0x00, 0x00, 0x00, 0x00, 0x00, 0x00, 0x00,
  0x00, 0x00, 0x00, 0x00, 0x00, 0x00, 0x00, 0x00, 0x00, 0x00, 0x00, 0x00, 0x00, 0x00, 0x00, 0x00,
  0x00, 0x00, 0x00, 0x00, 0x00, 0x00, 0x00, 0x00, 0x00, 0x00, 0x00, 0x00, 0x00, 0x00, 0x00, 0x00,
  0x00, 0x00, 0x00, 0x00, 0x00, 0x00, 0x00, 0x00, 0x00, 0x00, 0x00, 0x00, 0x00, 0x00, 0x00, 0x00,
  0x00, 0x00, 0x00, 0x00, 0x00, 0x00, 0x00, 0x00, 0x00, 0x00, 0x00, 0x00, 0x00, 0x00, 0x00, 0x00,
  0x00, 0x00, 0x00, 0x00, 0x00, 0x00, 0x00, 0x00, 0x00, 0x00, 0x00, 0x00, 0x00, 0x00, 0x00, 0x00,
  0x00, 0x00, 0x00, 0x00, 0x00, 0x00, 0x00, 0x00, 0x00, 0x00, 0x00, 0x00, 0x00, 0x00, 0x00, 0x00,
  0x00, 0x00, 0x00, 0x00, 0x00, 0x00, 0x00, 0x00, 0x00, 0x00, 0x00, 0x00, 0x00, 0x00, 0x00, 0x00,
  0x00, 0x00, 0x00, 0x00, 0x00, 0x00, 0x00, 0x00, 0x00, 0x00, 0x00, 0x00, 0x00, 0x00, 0x00, 0x00,
  0x00, 0x00, 0x00, 0x00, 0x00, 0x00, 0x00, 0x00, 0x00, 0x00, 0x00, 0x00, 0x00, 0x00, 0x00, 0x00,
  0x00, 0x00, 0x00, 0x00, 0x00, 0x00, 0x00, 0x00, 0x00, 0x00, 0x00, 0x00, 0x00, 0x00, 0x00, 0x00,
  0x00, 0x00, 0x00, 0x00, 0x00, 0x00, 0x00, 0x00, 0x00, 0x00, 0x00, 0x00, 0x00, 0x00, 0x00, 0x00,
  0x00, 0x00, 0x00, 0x00, 0x00, 0x00, 0x00, 0x00, 0x00, 0x00, 0x00, 0x00, 0x00, 0x00, 0x00, 0x00,
  0x00, 0x00, 0x00, 0x00, 0x00, 0x00, 0x00, 0x00, 0x00, 0x00, 0x00, 0x00, 0x00, 0x00, 0x00, 0x00,
  0x00, 0x00, 0x00, 0x00, 0x00, 0x00, 0x00, 0x00, 0x00, 0x00, 0x00, 0x00, 0x00, 0x00, 0x00, 0x00,
  0x00, 0x00, 0x00, 0x00, 0x00, 0x00, 0x00, 0x00, 0x00, 0x00, 0x00, 0x00, 0x00, 0x00, 0x00, 0x00,
  0x00, 0x00, 0x00, 0x00, 0x00, 0x00, 0x00, 0x00, 0x00, 0x00, 0x00, 0x00, 0x00, 0x00, 0x00, 0x00,
  0x00, 0x00, 0x00, 0x00, 0x00, 0x00, 0x00, 0x00, 0x00, 0x00, 0x00, 0x00, 0x00, 0x00, 0x00, 0x00,
  0x00, 0x00, 0x00, 0x00, 0x00, 0x00, 0x00, 0x00, 0x00, 0x00, 0x00, 0x00, 0x00, 0x00, 0x00, 0x00,
  0x00, 0x00, 0x00, 0x00, 0x00, 0x00, 0x00, 0x00, 0x00, 0x00, 0x00, 0x00, 0x00, 0x00, 0x00, 0x00,
  0x00, 0x00, 0x00, 0x00, 0x00, 0x00, 0x00, 0x00, 0x00, 0x00, 0x00, 0x00, 0x00, 0x00, 0x00, 0x00,
  0x00, 0x00, 0x00, 0x00, 0x00, 0x00, 0x00, 0x00, 0x00, 0x00, 0x00, 0x00, 0x00, 0x00, 0x00, 0x00,
  0x00, 0x00, 0x00, 0x00, 0x00, 0x00, 0x00, 0x00, 0x00, 0x00, 0x00, 0x00, 0x00, 0x00, 0x00, 0x00,
  0x00, 0x00, 0x00, 0x00, 0x00, 0x00, 0x00, 0x00, 0x00, 0x00, 0x00, 0x00, 0x00, 0x00, 0x00, 0x00,
  0x00, 0x00, 0x00, 0x00, 0x00, 0x00, 0x00, 0x00, 0x00, 0x00, 0x00, 0x00, 0x00, 0x00, 0x00, 0x00,
  0x00, 0x00, 0x00, 0x00, 0x00, 0x00, 0x00, 0x00, 0x00, 0x00, 0x00, 0x00, 0x00, 0x00, 0x00, 0x00,
  0x00, 0x00, 0x00, 0x00, 0x00, 0x00, 0x00, 0x00, 0x00, 0x00, 0x00, 0x00, 0x00, 0x00, 0x00, 0x00,
  0x00, 0x00, 0x00, 0x00, 0x00, 0x00, 0x00, 0x00, 0x00, 0x00, 0x00, 0x00, 0x00, 0x00, 0x00, 0x00,
  0x00, 0x00, 0x00, 0x00, 0x00, 0x00, 0x00, 0x00, 0x00, 0x00, 0x00, 0x00, 0x00, 0x00, 0x00, 0x00,
  0x00, 0x00, 0x00, 0x00, 0x95, 0x16, 0x27, 0xff, 0x1c, 0x0f, 0x13, 0xff, 0x17, 0x10, 0x12, 0xff,
  0x19, 0x12, 0x13, 0xff, 0x67, 0x05, 0x0f, 0xff, 0x46, 0x05, 0x06, 0xff, 0xa4, 0x09, 0x19, 0xff,
  0x92, 0x0f, 0x19, 0xff, 0x13, 0x0f, 0x0f, 0xff, 0x1b, 0x12, 0x13, 0xff, 0x15, 0x11, 0x10, 0xff,
  0x18, 0x10, 0x13, 0xff, 0x1d, 0x06, 0x02, 0xff, 0x1e, 0x13, 0x16, 0xff, 0x29, 0x02, 0x03, 0xff,
  0x50, 0x01, 0x06, 0xff, 0x60, 0x02, 0x0b, 0xff, 0xef, 0x3d, 0x54, 0xff, 0x48, 0x29, 0x2a, 0xff,
  0xef, 0x56, 0x57, 0xff, 0xef, 0x36, 0x30, 0xff, 0xef, 0x34, 0x31, 0xff, 0xef, 0x32, 0x39, 0xff,
  0xef, 0x29, 0x2b, 0xff, 0xef, 0x36, 0x30, 0xff, 0xef, 0x36, 0x2f, 0xff, 0xef, 0x2d, 0x2f, 0xff,
  0x3d, 0x1d, 0x1e, 0xff, 0x8f, 0x27, 0x2a, 0xff, 0x7d, 0x06, 0x10, 0xff, 0x5c, 0x03, 0x0a, 0xff,
  0x68, 0x12, 0x19, 0xff, 0x25, 0x18, 0x1b, 0xff, 0x79, 0x2e, 0x30, 0xff, 0x19, 0x11, 0x15, 0xff,
  0x18, 0x11, 0x13, 0xff, 0x13, 0x0f, 0x0f, 0xff, 0x18, 0x11, 0x13, 0xff, 0x9b, 0x0f, 0x1c, 0xff,
  0xa6, 0x09, 0x17, 0xff, 0xb7, 0x2d, 0x38, 0xff, 0x57, 0x0b, 0x13, 0xff, 0x0f, 0x07, 0x09, 0xff,
  0x17, 0x12, 0x13, 0xff, 0x1c, 0x13, 0x16, 0xff, 0x91, 0x13, 0x20, 0xff, 0xaf, 0x88, 0x83, 0xff,
  0x00, 0x00, 0x00, 0x00, 0x00, 0x00, 0x00, 0x00, 0x00, 0x00, 0x00, 0x00, 0x00, 0x00, 0x00, 0x00,
  0x00, 0x00, 0x00, 0x00, 0x00, 0x00, 0x00, 0x00, 0x00, 0x00, 0x00, 0x00, 0x00, 0x00, 0x00, 0x00,
  0x00, 0x00, 0x00, 0x00, 0x00, 0x00, 0x00, 0x00, 0x00, 0x00, 0x00, 0x00, 0x00, 0x00, 0x00, 0x00,
  0x00, 0x00, 0x00, 0x00, 0x00, 0x00, 0x00, 0x00, 0x00, 0x00, 0x00, 0x00, 0x00, 0x00, 0x00, 0x00,
  0x00, 0x00, 0x00, 0x00, 0x00, 0x00, 0x00, 0x00, 0x00, 0x00, 0x00, 0x00, 0x00, 0x00, 0x00, 0x00,
  0x00, 0x00, 0x00, 0x00, 0x00, 0x00, 0x00, 0x00, 0x00, 0x00, 0x00, 0x00, 0x00, 0x00, 0x00, 0x00,
  0x00, 0x00, 0x00, 0x00, 0x00, 0x00, 0x00, 0x00, 0x00, 0x00, 0x00, 0x00, 0x00, 0x00, 0x00, 0x00,
  0x00, 0x00, 0x00, 0x00, 0x00, 0x00, 0x00, 0x00, 0x00, 0x00, 0x00, 0x00, 0x00, 0x00, 0x00, 0x00,
  0x00, 0x00, 0x00, 0x00, 0x00, 0x00, 0x00, 0x00, 0x00, 0x00, 0x00, 0x00, 0x00, 0x00, 0x00, 0x00,
  0x00, 0x00, 0x00, 0x00, 0x00, 0x00, 0x00, 0x00, 0x00, 0x00, 0x00, 0x00, 0x00, 0x00, 0x00, 0x00,
  0x00, 0x00, 0x00, 0x00, 0x00, 0x00, 0x00, 0x00, 0x00, 0x00, 0x00, 0x00, 0x00, 0x00, 0x00, 0x00,
  0x00, 0x00, 0x00, 0x00, 0x00, 0x00, 0x00, 0x00, 0x00, 0x00, 0x00, 0x00, 0x00, 0x00, 0x00, 0x00,
  0x00, 0x00, 0x00, 0x00, 0x00, 0x00, 0x00, 0x00, 0x00, 0x00, 0x00, 0x00, 0x00, 0x00, 0x00, 0x00,
  0x00, 0x00, 0x00, 0x00, 0x00, 0x00, 0x00, 0x00, 0x00, 0x00, 0x00, 0x00, 0x00, 0x00, 0x00, 0x00,
  0x00, 0x00, 0x00, 0x00, 0x00, 0x00, 0x00, 0x00, 0x00, 0x00, 0x00, 0x00, 0x00, 0x00, 0x00, 0x00,
  0x00, 0x00, 0x00, 0x00, 0x00, 0x00, 0x00, 0x00, 0x00, 0x00, 0x00, 0x00, 0x00, 0x00, 0x00, 0x00,
  0x00, 0x00, 0x00, 0x00, 0x00, 0x00, 0x00, 0x00, 0x00, 0x00, 0x00, 0x00, 0x00, 0x00, 0x00, 0x00,
  0x00, 0x00, 0x00, 0x00, 0x00, 0x00, 0x00, 0x00, 0x00, 0x00, 0x00, 0x00, 0x00, 0x00, 0x00, 0x00,
  0x00, 0x00, 0x00, 0x00, 0x00, 0x00, 0x00, 0x00, 0x00, 0x00, 0x00, 0x00, 0x00, 0x00, 0x00, 0x00,
  0x00, 0x00, 0x00, 0x00, 0x00, 0x00, 0x00, 0x00, 0x00, 0x00, 0x00, 0x00, 0x00, 0x00, 0x00, 0x00,
  0x00, 0x00, 0x00, 0x00, 0x00, 0x00, 0x00, 0x00, 0x00, 0x00, 0x00, 0x00, 0x00, 0x00, 0x00, 0x00,
  0x00, 0x00, 0x00, 0x00, 0x00, 0x00, 0x00, 0x00, 0x00, 0x00, 0x00, 0x00, 0x00, 0x00, 0x00, 0x00,
  0x00, 0x00, 0x00, 0x00, 0x00, 0x00, 0x00, 0x00, 0x00, 0x00, 0x00, 0x00, 0x00, 0x00, 0x00, 0x00,
  0x00, 0x00, 0x00, 0x00, 0x00, 0x00, 0x00, 0x00, 0x00, 0x00, 0x00, 0x00, 0x00, 0x00, 0x00, 0x00,
  0x00, 0x00, 0x00, 0x00, 0x00, 0x00, 0x00, 0x00, 0x00, 0x00, 0x00, 0x00, 0x00, 0x00, 0x00, 0x00,
  0x00, 0x00, 0x00, 0x00, 0x00, 0x00, 0x00, 0x00, 0x00, 0x00, 0x00, 0x00, 0x00, 0x00, 0x00, 0x00,
  0x00, 0x00, 0x00, 0x00, 0x00, 0x00, 0x00, 0x00, 0x00, 0x00, 0x00, 0x00, 0x00, 0x00, 0x00, 0x00,
  0x00, 0x00, 0x00, 0x00, 0x00, 0x00, 0x00, 0x00, 0x00, 0x00, 0x00, 0x00, 0x00, 0x00, 0x00, 0x00,
  0x00, 0x00, 0x00, 0x00, 0x00, 0x00, 0x00, 0x00, 0x00, 0x00, 0x00, 0x00, 0x00, 0x00, 0x00, 0x00,
  0x00, 0x00, 0x00, 0x00, 0x00, 0x00, 0x00, 0x00, 0x00, 0x00, 0x00, 0x00, 0x00, 0x00, 0x00, 0x00,
  0x00, 0x00, 0x00, 0x00, 0x00, 0x00, 0x00, 0x00, 0x00, 0x00, 0x00, 0x00, 0x00, 0x00, 0x00, 0x00,
  0x00, 0x00, 0x00, 0x00, 0x00, 0x00, 0x00, 0x00, 0x00, 0x00, 0x00, 0x00, 0x00, 0x00, 0x00, 0x00,
  0x00, 0x00, 0x00, 0x00, 0x00, 0x00, 0x00, 0x00, 0x00, 0x00, 0x00, 0x00, 0x00, 0x00, 0x00, 0x00,
  0x00, 0x00, 0x00, 0x00, 0x00, 0x00, 0x00, 0x00, 0x00, 0x00, 0x00, 0x00, 0x00, 0x00, 0x00, 0x00,
  0x00, 0x00, 0x00, 0x00, 0x00, 0x00, 0x00, 0x00, 0x00, 0x00, 0x00, 0x00, 0x00, 0x00, 0x00, 0x00,
  0x00, 0x00, 0x00, 0x00, 0x00, 0x00, 0x00, 0x00, 0x00, 0x00, 0x00, 0x00, 0x00, 0x00, 0x00, 0x00,
  0x00, 0x00, 0x00, 0x00, 0x95, 0x12, 0x1b, 0xff, 0x0b, 0x0b, 0x08, 0xff, 0x18, 0x11, 0x13, 0xff,
  0x1c, 0x12, 0x14, 0xff, 0x5f, 0x0f, 0x16, 0xff, 0x5b, 0x09, 0x11, 0xff, 0xab, 0x0f, 0x1c, 0xff,
  0xa7, 0x0a, 0x18, 0xff, 0x11, 0x00, 0x00, 0xff, 0x1c, 0x13, 0x15, 0xff, 0x1b, 0x10, 0x13, 0xff,
  0x00, 0x00, 0x00, 0xff, 0x91, 0x1d, 0x1f, 0xff, 0x07, 0x06, 0x04, 0xff, 0x0b, 0x00, 0x00, 0xff,
  0x4c, 0x02, 0x06, 0xff, 0x5e, 0x00, 0x08, 0xff, 0xeb, 0x2c, 0x3e, 0xff, 0x49, 0x25, 0x29, 0xff,
  0xef, 0x44, 0x4e, 0xff, 0xef, 0x38, 0x31, 0xff, 0xef, 0x39, 0x37, 0xff, 0xde, 0x09, 0x1b, 0xff,
  0xe0, 0x0e, 0x1d, 0xff, 0xec, 0x1b, 0x20, 0xff, 0xef, 0x37, 0x30, 0xff, 0xef, 0x20, 0x25, 0xff,
  0x38, 0x16, 0x19, 0xff, 0xb9, 0x21, 0x2b, 0xff, 0x73, 0x01, 0x09, 0xff, 0x57, 0x03, 0x0b, 0xff,
  0x2f, 0x02, 0x05, 0xff, 0x20, 0x16, 0x19, 0xff, 0xae, 0x2c, 0x2e, 0xff, 0x05, 0x02, 0x00, 0xff,
  0x1b, 0x10, 0x13, 0xff, 0x19, 0x11, 0x11, 0xff, 0x08, 0x02, 0x00, 0xff, 0xa3, 0x0a, 0x17, 0xff,
  0xaa, 0x0b, 0x19, 0xff, 0x35, 0x03, 0x00, 0xff, 0x56, 0x0f, 0x16, 0xff, 0x18, 0x12, 0x13, 0xff,
  0x1c, 0x13, 0x16, 0xff, 0x0b, 0x04, 0x01, 0xff, 0x82, 0x11, 0x14, 0xff, 0xd1, 0x9c, 0x98, 0xff,
  0x00, 0x00, 0x00, 0x00, 0x00, 0x00, 0x00, 0x00, 0x00, 0x00, 0x00, 0x00, 0x00, 0x00, 0x00, 0x00,
  0x00, 0x00, 0x00, 0x00, 0x00, 0x00, 0x00, 0x00, 0x00, 0x00, 0x00, 0x00, 0x00, 0x00, 0x00, 0x00,
  0x00, 0x00, 0x00, 0x00, 0x00, 0x00, 0x00, 0x00, 0x00, 0x00, 0x00, 0x00, 0x00, 0x00, 0x00, 0x00,
  0x00, 0x00, 0x00, 0x00, 0x00, 0x00, 0x00, 0x00, 0x00, 0x00, 0x00, 0x00, 0x00, 0x00, 0x00, 0x00,
  0x00, 0x00, 0x00, 0x00, 0x00, 0x00, 0x00, 0x00, 0x00, 0x00, 0x00, 0x00, 0x00, 0x00, 0x00, 0x00,
  0x00, 0x00, 0x00, 0x00, 0x00, 0x00, 0x00, 0x00, 0x00, 0x00, 0x00, 0x00, 0x00, 0x00, 0x00, 0x00,
  0x00, 0x00, 0x00, 0x00, 0x00, 0x00, 0x00, 0x00, 0x00, 0x00, 0x00, 0x00, 0x00, 0x00, 0x00, 0x00,
  0x00, 0x00, 0x00, 0x00, 0x00, 0x00, 0x00, 0x00, 0x00, 0x00, 0x00, 0x00, 0x00, 0x00, 0x00, 0x00,
  0x00, 0x00, 0x00, 0x00, 0x00, 0x00, 0x00, 0x00, 0x00, 0x00, 0x00, 0x00, 0x00, 0x00, 0x00, 0x00,
  0x00, 0x00, 0x00, 0x00, 0x00, 0x00, 0x00, 0x00, 0x00, 0x00, 0x00, 0x00, 0x00, 0x00, 0x00, 0x00,
  0x00, 0x00, 0x00, 0x00, 0x00, 0x00, 0x00, 0x00, 0x00, 0x00, 0x00, 0x00, 0x00, 0x00, 0x00, 0x00,
  0x00, 0x00, 0x00, 0x00, 0x00, 0x00, 0x00, 0x00, 0x00, 0x00, 0x00, 0x00, 0x00, 0x00, 0x00, 0x00,
  0x00, 0x00, 0x00, 0x00, 0x00, 0x00, 0x00, 0x00, 0x00, 0x00, 0x00, 0x00, 0x00, 0x00, 0x00, 0x00,
  0x00, 0x00, 0x00, 0x00, 0x00, 0x00, 0x00, 0x00, 0x00, 0x00, 0x00, 0x00, 0x00, 0x00, 0x00, 0x00,
  0x00, 0x00, 0x00, 0x00, 0x00, 0x00, 0x00, 0x00, 0x00, 0x00, 0x00, 0x00, 0x00, 0x00, 0x00, 0x00,
  0x00, 0x00, 0x00, 0x00, 0x00, 0x00, 0x00, 0x00, 0x00, 0x00, 0x00, 0x00, 0x00, 0x00, 0x00, 0x00,
  0x00, 0x00, 0x00, 0x00, 0x00, 0x00, 0x00, 0x00, 0x00, 0x00, 0x00, 0x00, 0x00, 0x00, 0x00, 0x00,
  0x00, 0x00, 0x00, 0x00, 0x00, 0x00, 0x00, 0x00, 0x00, 0x00, 0x00, 0x00, 0x00, 0x00, 0x00, 0x00,
  0x00, 0x00, 0x00, 0x00, 0x00, 0x00, 0x00, 0x00, 0x00, 0x00, 0x00, 0x00, 0x00, 0x00, 0x00, 0x00,
  0x00, 0x00, 0x00, 0x00, 0x00, 0x00, 0x00, 0x00, 0x00, 0x00, 0x00, 0x00, 0x00, 0x00, 0x00, 0x00,
  0x00, 0x00, 0x00, 0x00, 0x00, 0x00, 0x00, 0x00, 0x00, 0x00, 0x00, 0x00, 0x00, 0x00, 0x00, 0x00,
  0x00, 0x00, 0x00, 0x00, 0x00, 0x00, 0x00, 0x00, 0x00, 0x00, 0x00, 0x00, 0x00, 0x00, 0x00, 0x00,
  0x00, 0x00, 0x00, 0x00, 0x00, 0x00, 0x00, 0x00, 0x00, 0x00, 0x00, 0x00, 0x00, 0x00, 0x00, 0x00,
  0x00, 0x00, 0x00, 0x00, 0x00, 0x00, 0x00, 0x00, 0x00, 0x00, 0x00, 0x00, 0x00, 0x00, 0x00, 0x00,
  0x00, 0x00, 0x00, 0x00, 0x00, 0x00, 0x00, 0x00, 0x00, 0x00, 0x00, 0x00, 0x00, 0x00, 0x00, 0x00,
  0x00, 0x00, 0x00, 0x00, 0x00, 0x00, 0x00, 0x00, 0x00, 0x00, 0x00, 0x00, 0x00, 0x00, 0x00, 0x00,
  0x00, 0x00, 0x00, 0x00, 0x00, 0x00, 0x00, 0x00, 0x00, 0x00, 0x00, 0x00, 0x00, 0x00, 0x00, 0x00,
  0x00, 0x00, 0x00, 0x00, 0x00, 0x00, 0x00, 0x00, 0x00, 0x00, 0x00, 0x00, 0x00, 0x00, 0x00, 0x00,
  0x00, 0x00, 0x00, 0x00, 0x00, 0x00, 0x00, 0x00, 0x00, 0x00, 0x00, 0x00, 0x00, 0x00, 0x00, 0x00,
  0x00, 0x00, 0x00, 0x00, 0x00, 0x00, 0x00, 0x00, 0x00, 0x00, 0x00, 0x00, 0x00, 0x00, 0x00, 0x00,
  0x00, 0x00, 0x00, 0x00, 0x00, 0x00, 0x00, 0x00, 0x00, 0x00, 0x00, 0x00, 0x00, 0x00, 0x00, 0x00,
  0x00, 0x00, 0x00, 0x00, 0x00, 0x00, 0x00, 0x00, 0x00, 0x00, 0x00, 0x00, 0x00, 0x00, 0x00, 0x00,
  0x00, 0x00, 0x00, 0x00, 0x00, 0x00, 0x00, 0x00, 0x00, 0x00, 0x00, 0x00, 0x00, 0x00, 0x00, 0x00,
  0x00, 0x00, 0x00, 0x00, 0x00, 0x00, 0x00, 0x00, 0x00, 0x00, 0x00, 0x00, 0x00, 0x00, 0x00, 0x00,
  0x00, 0x00, 0x00, 0x00, 0x00, 0x00, 0x00, 0x00, 0x00, 0x00, 0x00, 0x00, 0x00, 0x00, 0x00, 0x00,
  0x00, 0x00, 0x00, 0x00, 0x00, 0x00, 0x00, 0x00, 0x00, 0x00, 0x00, 0x00, 0x00, 0x00, 0x00, 0x00,
  0x00, 0x00, 0x00, 0x00, 0x3b, 0x00, 0x01, 0xff, 0x1d, 0x04, 0x05, 0xff, 0x19, 0x12, 0x14, 0xff,
  0x1d, 0x12, 0x14, 0xff, 0x06, 0x00, 0x00, 0xff, 0x5e, 0x07, 0x0e, 0xff, 0xcb, 0x44, 0x4e, 0xff,
  0xa8, 0x0e, 0x1c, 0xff, 0xa6, 0x0b, 0x16, 0xff, 0x1b, 0x10, 0x12, 0xff, 0x15, 0x0f, 0x0f, 0xff,
  0x20, 0x14, 0x16, 0xff, 0x32, 0x05, 0x07, 0xff, 0x08, 0x03, 0x01, 0xff, 0x07, 0x01, 0x01, 0xff,
  0x4f, 0x01, 0x08, 0xff, 0x53, 0x01, 0x09, 0xff, 0xd6, 0x1e, 0x2f, 0xff, 0x51, 0x27, 0x2a, 0xff,
  0xef, 0x49, 0x53, 0xff, 0xef, 0x3b, 0x36, 0xff, 0xde, 0x0a, 0x1b, 0xff, 0xd7, 0x0b, 0x1e, 0xff,
  0xd7, 0x0c, 0x1c, 0xff, 0xd7, 0x0e, 0x1c, 0xff, 0xef, 0x41, 0x32, 0xff, 0xef, 0x16, 0x1f, 0xff,
  0x35, 0x12, 0x16, 0xff, 0xbf, 0x22, 0x2e, 0xff, 0x6a, 0x00, 0x08, 0xff, 0x52, 0x03, 0x09, 0xff,
  0x03, 0x02, 0x01, 0xff, 0x06, 0x00, 0x00, 0xff, 0x6b, 0x19, 0x1b, 0xff, 0x17, 0x0f, 0x11, 0xff,
  0x1b, 0x12, 0x12, 0xff, 0x13, 0x0e, 0x0f, 0xff, 0xa1, 0x0b, 0x17, 0xff, 0xaa, 0x08, 0x17, 0xff,
  0xaf, 0x0c, 0x1d, 0xff, 0x57, 0x0b, 0x13, 0xff, 0x07, 0x02, 0x02, 0xff, 0x19, 0x12, 0x13, 0xff,
  0x15, 0x12, 0x12, 0xff, 0x1e, 0x01, 0x00, 0xff, 0x5b, 0x08, 0x0b, 0xff, 0x00, 0x00, 0x00, 0x00,
  0x00, 0x00, 0x00, 0x00, 0x00, 0x00, 0x00, 0x00, 0x00, 0x00, 0x00, 0x00, 0x00, 0x00, 0x00, 0x00,
  0x00, 0x00, 0x00, 0x00, 0x00, 0x00, 0x00, 0x00, 0x00, 0x00, 0x00, 0x00, 0x00, 0x00, 0x00, 0x00,
  0x00, 0x00, 0x00, 0x00, 0x00, 0x00, 0x00, 0x00, 0x00, 0x00, 0x00, 0x00, 0x00, 0x00, 0x00, 0x00,
  0x00, 0x00, 0x00, 0x00, 0x00, 0x00, 0x00, 0x00, 0x00, 0x00, 0x00, 0x00, 0x00, 0x00, 0x00, 0x00,
  0x00, 0x00, 0x00, 0x00, 0x00, 0x00, 0x00, 0x00, 0x00, 0x00, 0x00, 0x00, 0x00, 0x00, 0x00, 0x00,
  0x00, 0x00, 0x00, 0x00, 0x00, 0x00, 0x00, 0x00, 0x00, 0x00, 0x00, 0x00, 0x00, 0x00, 0x00, 0x00,
  0x00, 0x00, 0x00, 0x00, 0x00, 0x00, 0x00, 0x00, 0x00, 0x00, 0x00, 0x00, 0x00, 0x00, 0x00, 0x00,
  0x00, 0x00, 0x00, 0x00, 0x00, 0x00, 0x00, 0x00, 0x00, 0x00, 0x00, 0x00, 0x00, 0x00, 0x00, 0x00,
  0x00, 0x00, 0x00, 0x00, 0x00, 0x00, 0x00, 0x00, 0x00, 0x00, 0x00, 0x00, 0x00, 0x00, 0x00, 0x00,
  0x00, 0x00, 0x00, 0x00, 0x00, 0x00, 0x00, 0x00, 0x00, 0x00, 0x00, 0x00, 0x00, 0x00, 0x00, 0x00,
  0x00, 0x00, 0x00, 0x00, 0x00, 0x00, 0x00, 0x00, 0x00, 0x00, 0x00, 0x00, 0x00, 0x00, 0x00, 0x00,
  0x00, 0x00, 0x00, 0x00, 0x00, 0x00, 0x00, 0x00, 0x00, 0x00, 0x00, 0x00, 0x00, 0x00, 0x00, 0x00,
  0x00, 0x00, 0x00, 0x00, 0x00, 0x00, 0x00, 0x00, 0x00, 0x00, 0x00, 0x00, 0x00, 0x00, 0x00, 0x00,
  0x00, 0x00, 0x00, 0x00, 0x00, 0x00, 0x00, 0x00, 0x00, 0x00, 0x00, 0x00, 0x00, 0x00, 0x00, 0x00,
  0x00, 0x00, 0x00, 0x00, 0x00, 0x00, 0x00, 0x00, 0x00, 0x00, 0x00, 0x00, 0x00, 0x00, 0x00, 0x00,
  0x00, 0x00, 0x00, 0x00, 0x00, 0x00, 0x00, 0x00, 0x00, 0x00, 0x00, 0x00, 0x00, 0x00, 0x00, 0x00,
  0x00, 0x00, 0x00, 0x00, 0x00, 0x00, 0x00, 0x00, 0x00, 0x00, 0x00, 0x00, 0x00, 0x00, 0x00, 0x00,
  0x00, 0x00, 0x00, 0x00, 0x00, 0x00, 0x00, 0x00, 0x00, 0x00, 0x00, 0x00, 0x00, 0x00, 0x00, 0x00,
  0x00, 0x00, 0x00, 0x00, 0x00, 0x00, 0x00, 0x00, 0x00, 0x00, 0x00, 0x00, 0x00, 0x00, 0x00, 0x00,
  0x00, 0x00, 0x00, 0x00, 0x00, 0x00, 0x00, 0x00, 0x00, 0x00, 0x00, 0x00, 0x00, 0x00, 0x00, 0x00,
  0x00, 0x00, 0x00, 0x00, 0x00, 0x00, 0x00, 0x00, 0x00, 0x00, 0x00, 0x00, 0x00, 0x00, 0x00, 0x00,
  0x00, 0x00, 0x00, 0x00, 0x00, 0x00, 0x00, 0x00, 0x00, 0x00, 0x00, 0x00, 0x00, 0x00, 0x00, 0x00,
  0x00, 0x00, 0x00, 0x00, 0x00, 0x00, 0x00, 0x00, 0x00, 0x00, 0x00, 0x00, 0x00, 0x00, 0x00, 0x00,
  0x00, 0x00, 0x00, 0x00, 0x00, 0x00, 0x00, 0x00, 0x00, 0x00, 0x00, 0x00, 0x00, 0x00, 0x00, 0x00,
  0x00, 0x00, 0x00, 0x00, 0x00, 0x00, 0x00, 0x00, 0x00, 0x00, 0x00, 0x00, 0x00, 0x00, 0x00, 0x00,
  0x00, 0x00, 0x00, 0x00, 0x00, 0x00, 0x00, 0x00, 0x00, 0x00, 0x00, 0x00, 0x00, 0x00, 0x00, 0x00,
  0x00, 0x00, 0x00, 0x00, 0x00, 0x00, 0x00, 0x00, 0x00, 0x00, 0x00, 0x00, 0x00, 0x00, 0x00, 0x00,
  0x00, 0x00, 0x00, 0x00, 0x00, 0x00, 0x00, 0x00, 0x00, 0x00, 0x00, 0x00, 0x00, 0x00, 0x00, 0x00,
  0x00, 0x00, 0x00, 0x00, 0x00, 0x00, 0x00, 0x00, 0x00, 0x00, 0x00, 0x00, 0x00, 0x00, 0x00, 0x00,
  0x00, 0x00, 0x00, 0x00, 0x00, 0x00, 0x00, 0x00, 0x00, 0x00, 0x00, 0x00, 0x00, 0x00, 0x00, 0x00,
  0x00, 0x00, 0x00, 0x00, 0x00, 0x00, 0x00, 0x00, 0x00, 0x00, 0x00, 0x00, 0x00, 0x00, 0x00, 0x00,
  0x00, 0x00, 0x00, 0x00, 0x00, 0x00, 0x00, 0x00, 0x00, 0x00, 0x00, 0x00, 0x00, 0x00, 0x00, 0x00,
  0x00, 0x00, 0x00, 0x00, 0x00, 0x00, 0x00, 0x00, 0x00, 0x00, 0x00, 0x00, 0x00, 0x00, 0x00, 0x00,
  0x00, 0x00, 0x00, 0x00, 0x00, 0x00, 0x00, 0x00, 0x00, 0x00, 0x00, 0x00, 0x00, 0x00, 0x00, 0x00,
  0x00, 0x00, 0x00, 0x00, 0x00, 0x00, 0x00, 0x00, 0x00, 0x00, 0x00, 0x00, 0x00, 0x00, 0x00, 0x00,
  0x00, 0x00, 0x00, 0x00, 0x00, 0x00, 0x00, 0x00, 0x00, 0x00, 0x00, 0x00, 0x00, 0x00, 0x00, 0x00,
  0x00, 0x00, 0x00, 0x00, 0x13, 0x00, 0x00, 0xff, 0x9f, 0x1f, 0x2c, 0xff, 0x19, 0x11, 0x11, 0xff,
  0x19, 0x13, 0x13, 0xff, 0x1e, 0x12, 0x15, 0xff, 0x45, 0x09, 0x0f, 0xff, 0x65, 0x0b, 0x15, 0xff,
  0x64, 0x0e, 0x10, 0xff, 0xb3, 0x10, 0x1f, 0xff, 0x8a, 0x0b, 0x16, 0xff, 0x0a, 0x03, 0x05, 0xff,
  0x1c, 0x11, 0x13, 0xff, 0x1c, 0x0f, 0x0f, 0xff, 0x13, 0x00, 0x00, 0xff, 0x0f, 0x06, 0x08, 0xff,
  0x8b, 0x16, 0x1d, 0xff, 0x51, 0x02, 0x05, 0xff, 0x9c, 0x0c, 0x16, 0xff, 0x25, 0x11, 0x10, 0xff,
  0x81, 0x1b, 0x19, 0xff, 0xef, 0x30, 0x32, 0xff, 0xdb, 0x08, 0x18, 0xff, 0xd4, 0x0a, 0x1b, 0xff,
  0xd3, 0x0c, 0x1c, 0xff, 0xd1, 0x0f, 0x1e, 0xff, 0xef, 0x45, 0x36, 0xff, 0xef, 0x38, 0x3b, 0xff,
  0x4e, 0x27, 0x2d, 0xff, 0xd7, 0x16, 0x2e, 0xff, 0x5e, 0x02, 0x0b, 0xff, 0x55, 0x03, 0x09, 0xff,
  0x02, 0x01, 0x01, 0xff, 0x05, 0x00, 0x00, 0xff, 0x2e, 0x05, 0x04, 0xff, 0x1c, 0x0f, 0x15, 0xff,
  0x0b, 0x05, 0x06, 0xff, 0x73, 0x10, 0x17, 0xff, 0xa7, 0x0e, 0x1c, 0xff, 0x5f, 0x11, 0x14, 0xff,
  0x56, 0x07, 0x0c, 0xff, 0x54, 0x0a, 0x12, 0xff, 0x0f, 0x0f, 0x0e, 0xff, 0x18, 0x12, 0x14, 0xff,
  0x18, 0x11, 0x14, 0xff, 0xa7, 0x20, 0x2a, 0xff, 0x32, 0x00, 0x03, 0xff, 0x00, 0x00, 0x00, 0x00,
  0x00, 0x00, 0x00, 0x00, 0x00, 0x00, 0x00, 0x00, 0x00, 0x00, 0x00, 0x00, 0x00, 0x00, 0x00, 0x00,
  0x00, 0x00, 0x00, 0x00, 0x00, 0x00, 0x00, 0x00, 0x00, 0x00, 0x00, 0x00, 0x00, 0x00, 0x00, 0x00,
  0x00, 0x00, 0x00, 0x00, 0x00, 0x00, 0x00, 0x00, 0x00, 0x00, 0x00, 0x00, 0x00, 0x00, 0x00, 0x00,
  0x00, 0x00, 0x00, 0x00, 0x00, 0x00, 0x00, 0x00, 0x00, 0x00, 0x00, 0x00, 0x00, 0x00, 0x00, 0x00,
  0x00, 0x00, 0x00, 0x00, 0x00, 0x00, 0x00, 0x00, 0x00, 0x00, 0x00, 0x00, 0x00, 0x00, 0x00, 0x00,
  0x00, 0x00, 0x00, 0x00, 0x00, 0x00, 0x00, 0x00, 0x00, 0x00, 0x00, 0x00, 0x00, 0x00, 0x00, 0x00,
  0x00, 0x00, 0x00, 0x00, 0x00, 0x00, 0x00, 0x00, 0x00, 0x00, 0x00, 0x00, 0x00, 0x00, 0x00, 0x00,
  0x00, 0x00, 0x00, 0x00, 0x00, 0x00, 0x00, 0x00, 0x00, 0x00, 0x00, 0x00, 0x00, 0x00, 0x00, 0x00,
  0x00, 0x00, 0x00, 0x00, 0x00, 0x00, 0x00, 0x00, 0x00, 0x00, 0x00, 0x00, 0x00, 0x00, 0x00, 0x00,
  0x00, 0x00, 0x00, 0x00, 0x00, 0x00, 0x00, 0x00, 0x00, 0x00, 0x00, 0x00, 0x00, 0x00, 0x00, 0x00,
  0x00, 0x00, 0x00, 0x00, 0x00, 0x00, 0x00, 0x00, 0x00, 0x00, 0x00, 0x00, 0x00, 0x00, 0x00, 0x00,
  0x00, 0x00, 0x00, 0x00, 0x00, 0x00, 0x00, 0x00, 0x00, 0x00, 0x00, 0x00, 0x00, 0x00, 0x00, 0x00,
  0x00, 0x00, 0x00, 0x00, 0x00, 0x00, 0x00, 0x00, 0x00, 0x00, 0x00, 0x00, 0x00, 0x00, 0x00, 0x00,
  0x00, 0x00, 0x00, 0x00, 0x00, 0x00, 0x00, 0x00, 0x00, 0x00, 0x00, 0x00, 0x00, 0x00, 0x00, 0x00,
  0x00, 0x00, 0x00, 0x00, 0x00, 0x00, 0x00, 0x00, 0x00, 0x00, 0x00, 0x00, 0x00, 0x00, 0x00, 0x00,
  0x00, 0x00, 0x00, 0x00, 0x00, 0x00, 0x00, 0x00, 0x00, 0x00, 0x00, 0x00, 0x00, 0x00, 0x00, 0x00,
  0x00, 0x00, 0x00, 0x00, 0x00, 0x00, 0x00, 0x00, 0x00, 0x00, 0x00, 0x00, 0x00, 0x00, 0x00, 0x00,
  0x00, 0x00, 0x00, 0x00, 0x00, 0x00, 0x00, 0x00, 0x00, 0x00, 0x00, 0x00, 0x00, 0x00, 0x00, 0x00,
  0x00, 0x00, 0x00, 0x00, 0x00, 0x00, 0x00, 0x00, 0x00, 0x00, 0x00, 0x00, 0x00, 0x00, 0x00, 0x00,
  0x00, 0x00, 0x00, 0x00, 0x00, 0x00, 0x00, 0x00, 0x00, 0x00, 0x00, 0x00, 0x00, 0x00, 0x00, 0x00,
  0x00, 0x00, 0x00, 0x00, 0x00, 0x00, 0x00, 0x00, 0x00, 0x00, 0x00, 0x00, 0x00, 0x00, 0x00, 0x00,
  0x00, 0x00, 0x00, 0x00, 0x00, 0x00, 0x00, 0x00, 0x00, 0x00, 0x00, 0x00, 0x00, 0x00, 0x00, 0x00,
  0x00, 0x00, 0x00, 0x00, 0x00, 0x00, 0x00, 0x00, 0x00, 0x00, 0x00, 0x00, 0x00, 0x00, 0x00, 0x00,
  0x00, 0x00, 0x00, 0x00, 0x00, 0x00, 0x00, 0x00, 0x00, 0x00, 0x00, 0x00, 0x00, 0x00, 0x00, 0x00,
  0x00, 0x00, 0x00, 0x00, 0x00, 0x00, 0x00, 0x00, 0x00, 0x00, 0x00, 0x00, 0x00, 0x00, 0x00, 0x00,
  0x00, 0x00, 0x00, 0x00, 0x00, 0x00, 0x00, 0x00, 0x00, 0x00, 0x00, 0x00, 0x00, 0x00, 0x00, 0x00,
  0x00, 0x00, 0x00, 0x00, 0x00, 0x00, 0x00, 0x00, 0x00, 0x00, 0x00, 0x00, 0x00, 0x00, 0x00, 0x00,
  0x00, 0x00, 0x00, 0x00, 0x00, 0x00, 0x00, 0x00, 0x00, 0x00, 0x00, 0x00, 0x00, 0x00, 0x00, 0x00,
  0x00, 0x00, 0x00, 0x00, 0x00, 0x00, 0x00, 0x00, 0x00, 0x00, 0x00, 0x00, 0x00, 0x00, 0x00, 0x00,
  0x00, 0x00, 0x00, 0x00, 0x00, 0x00, 0x00, 0x00, 0x00, 0x00, 0x00, 0x00, 0x00, 0x00, 0x00, 0x00,
  0x00, 0x00, 0x00, 0x00, 0x00, 0x00, 0x00, 0x00, 0x00, 0x00, 0x00, 0x00, 0x00, 0x00, 0x00, 0x00,
  0x00, 0x00, 0x00, 0x00, 0x00, 0x00, 0x00, 0x00, 0x00, 0x00, 0x00, 0x00, 0x00, 0x00, 0x00, 0x00,
  0x00, 0x00, 0x00, 0x00, 0x00, 0x00, 0x00, 0x00, 0x00, 0x00, 0x00, 0x00, 0x00, 0x00, 0x00, 0x00,
  0x00, 0x00, 0x00, 0x00, 0x00, 0x00, 0x00, 0x00, 0x00, 0x00, 0x00, 0x00, 0x00, 0x00, 0x00, 0x00,
  0x00, 0x00, 0x00, 0x00, 0x00, 0x00, 0x00, 0x00, 0x00, 0x00, 0x00, 0x00, 0x00, 0x00, 0x00, 0x00,
  0x00, 0x00, 0x00, 0x00, 0x00, 0x00, 0x00, 0x00, 0x00, 0x00, 0x00, 0x00, 0x00, 0x00, 0x00, 0x00,
  0x00, 0x00, 0x00, 0x00, 0xa9, 0x7d, 0x7c, 0xff, 0xa4, 0x0e, 0x17, 0xff, 0x0f, 0x0c, 0x0c, 0xff,
  0x1d, 0x14, 0x16, 0xff, 0x0f, 0x08, 0x08, 0xff, 0x7c, 0x18, 0x1f, 0xff, 0x4e, 0x0e, 0x14, 0xff,
  0x6a, 0x08, 0x0f, 0xff, 0x3a, 0x00, 0x01, 0xff, 0xb7, 0x15, 0x23, 0xff, 0x0b, 0x00, 0x00, 0xff,
  0x19, 0x12, 0x12, 0xff, 0x1d, 0x10, 0x14, 0xff, 0x9c, 0x2f, 0x30, 0xff, 0x21, 0x12, 0x17, 0xff,
  0xac, 0x2c, 0x38, 0xff, 0x4e, 0x01, 0x08, 0xff, 0x69, 0x02, 0x09, 0xff, 0x17, 0x0c, 0x0b, 0xff,
  0x44, 0x09, 0x09, 0xff, 0xef, 0x20, 0x2d, 0xff, 0xd3, 0x08, 0x17, 0xff, 0xd1, 0x0a, 0x19, 0xff,
  0xcf, 0x0c, 0x19, 0xff, 0xd0, 0x0a, 0x1c, 0xff, 0xef, 0x3d, 0x30, 0xff, 0xe0, 0x2d, 0x31, 0xff,
  0x39, 0x1f, 0x23, 0xff, 0xd1, 0x18, 0x2a, 0xff, 0x5b, 0x03, 0x0c, 0xff, 0x7e, 0x0e, 0x1b, 0xff,
  0x15, 0x11, 0x15, 0xff, 0x1f, 0x00, 0x00, 0xff, 0x14, 0x0f, 0x12, 0xff, 0x1c, 0x11, 0x15, 0xff,
  0x14, 0x01, 0x00, 0xff, 0xaa, 0x0f, 0x1f, 0xff, 0x36, 0x00, 0x00, 0xff, 0x61, 0x09, 0x0f, 0xff,
  0x4b, 0x0a, 0x13, 0xff, 0x6d, 0x13, 0x16, 0xff, 0x09, 0x01, 0x01, 0xff, 0x19, 0x13, 0x14, 0xff,
  0x14, 0x11, 0x12, 0xff, 0xac, 0x18, 0x1f, 0xff, 0x11, 0x08, 0x0b, 0xff, 0x00, 0x00, 0x00, 0x00,
  0x00, 0x00, 0x00, 0x00, 0x00, 0x00, 0x00, 0x00, 0x00, 0x00, 0x00, 0x00, 0x00, 0x00, 0x00, 0x00,
  0x00, 0x00, 0x00, 0x00, 0x00, 0x00, 0x00, 0x00, 0x00, 0x00, 0x00, 0x00, 0x00, 0x00, 0x00, 0x00,
  0x00, 0x00, 0x00, 0x00, 0x00, 0x00, 0x00, 0x00, 0x00, 0x00, 0x00, 0x00, 0x00, 0x00, 0x00, 0x00,
  0x00, 0x00, 0x00, 0x00, 0x00, 0x00, 0x00, 0x00, 0x00, 0x00, 0x00, 0x00, 0x00, 0x00, 0x00, 0x00,
  0x00, 0x00, 0x00, 0x00, 0x00, 0x00, 0x00, 0x00, 0x00, 0x00, 0x00, 0x00, 0x00, 0x00, 0x00, 0x00,
  0x00, 0x00, 0x00, 0x00, 0x00, 0x00, 0x00, 0x00, 0x00, 0x00, 0x00, 0x00, 0x00, 0x00, 0x00, 0x00,
  0x00, 0x00, 0x00, 0x00, 0x00, 0x00, 0x00, 0x00, 0x00, 0x00, 0x00, 0x00, 0x00, 0x00, 0x00, 0x00,
  0x00, 0x00, 0x00, 0x00, 0x00, 0x00, 0x00, 0x00, 0x00, 0x00, 0x00, 0x00, 0x00, 0x00, 0x00, 0x00,
  0x00, 0x00, 0x00, 0x00, 0x00, 0x00, 0x00, 0x00, 0x00, 0x00, 0x00, 0x00, 0x00, 0x00, 0x00, 0x00,
  0x00, 0x00, 0x00, 0x00, 0x00, 0x00, 0x00, 0x00, 0x00, 0x00, 0x00, 0x00, 0x00, 0x00, 0x00, 0x00,
  0x00, 0x00, 0x00, 0x00, 0x00, 0x00, 0x00, 0x00, 0x00, 0x00, 0x00, 0x00, 0x00, 0x00, 0x00, 0x00,
  0x00, 0x00, 0x00, 0x00, 0x00, 0x00, 0x00, 0x00, 0x00, 0x00, 0x00, 0x00, 0x00, 0x00, 0x00, 0x00,
  0x00, 0x00, 0x00, 0x00, 0x00, 0x00, 0x00, 0x00, 0x00, 0x00, 0x00, 0x00, 0x00, 0x00, 0x00, 0x00,
  0x00, 0x00, 0x00, 0x00, 0x00, 0x00, 0x00, 0x00, 0x00, 0x00, 0x00, 0x00, 0x00, 0x00, 0x00, 0x00,
  0x00, 0x00, 0x00, 0x00, 0x00, 0x00, 0x00, 0x00, 0x00, 0x00, 0x00, 0x00, 0x00, 0x00, 0x00, 0x00,
  0x00, 0x00, 0x00, 0x00, 0x00, 0x00, 0x00, 0x00, 0x00, 0x00, 0x00, 0x00, 0x00, 0x00, 0x00, 0x00,
  0x00, 0x00, 0x00, 0x00, 0x00, 0x00, 0x00, 0x00, 0x00, 0x00, 0x00, 0x00, 0x00, 0x00, 0x00, 0x00,
  0x00, 0x00, 0x00, 0x00, 0x00, 0x00, 0x00, 0x00, 0x00, 0x00, 0x00, 0x00, 0x00, 0x00, 0x00, 0x00,
  0x00, 0x00, 0x00, 0x00, 0x00, 0x00, 0x00, 0x00, 0x00, 0x00, 0x00, 0x00, 0x00, 0x00, 0x00, 0x00,
  0x00, 0x00, 0x00, 0x00, 0x00, 0x00, 0x00, 0x00, 0x00, 0x00, 0x00, 0x00, 0x00, 0x00, 0x00, 0x00,
  0x00, 0x00, 0x00, 0x00, 0x00, 0x00, 0x00, 0x00, 0x00, 0x00, 0x00, 0x00, 0x00, 0x00, 0x00, 0x00,
  0x00, 0x00, 0x00, 0x00, 0x00, 0x00, 0x00, 0x00, 0x00, 0x00, 0x00, 0x00, 0x00, 0x00, 0x00, 0x00,
  0x00, 0x00, 0x00, 0x00, 0x00, 0x00, 0x00, 0x00, 0x00, 0x00, 0x00, 0x00, 0x00, 0x00, 0x00, 0x00,
  0x00, 0x00, 0x00, 0x00, 0x00, 0x00, 0x00, 0x00, 0x00, 0x00, 0x00, 0x00, 0x00, 0x00, 0x00, 0x00,
  0x00, 0x00, 0x00, 0x00, 0x00, 0x00, 0x00, 0x00, 0x00, 0x00, 0x00, 0x00, 0x00, 0x00, 0x00, 0x00,
  0x00, 0x00, 0x00, 0x00, 0x00, 0x00, 0x00, 0x00, 0x00, 0x00, 0x00, 0x00, 0x00, 0x00, 0x00, 0x00,
  0x00, 0x00, 0x00, 0x00, 0x00, 0x00, 0x00, 0x00, 0x00, 0x00, 0x00, 0x00, 0x00, 0x00, 0x00, 0x00,
  0x00, 0x00, 0x00, 0x00, 0x00, 0x00, 0x00, 0x00, 0x00, 0x00, 0x00, 0x00, 0x00, 0x00, 0x00, 0x00,
  0x00, 0x00, 0x00, 0x00, 0x00, 0x00, 0x00, 0x00, 0x00, 0x00, 0x00, 0x00, 0x00, 0x00, 0x00, 0x00,
  0x00, 0x00, 0x00, 0x00, 0x00, 0x00, 0x00, 0x00, 0x00, 0x00, 0x00, 0x00, 0x00, 0x00, 0x00, 0x00,
  0x00, 0x00, 0x00, 0x00, 0x00, 0x00, 0x00, 0x00, 0x00, 0x00, 0x00, 0x00, 0x00, 0x00, 0x00, 0x00,
  0x00, 0x00, 0x00, 0x00, 0x00, 0x00, 0x00, 0x00, 0x00, 0x00, 0x00, 0x00, 0x00, 0x00, 0x00, 0x00,
  0x00, 0x00, 0x00, 0x00, 0x00, 0x00, 0x00, 0x00, 0x00, 0x00, 0x00, 0x00, 0x00, 0x00, 0x00, 0x00,
  0x00, 0x00, 0x00, 0x00, 0x00, 0x00, 0x00, 0x00, 0x00, 0x00, 0x00, 0x00, 0x00, 0x00, 0x00, 0x00,
  0x00, 0x00, 0x00, 0x00, 0x00, 0x00, 0x00, 0x00, 0x00, 0x00, 0x00, 0x00, 0x00, 0x00, 0x00, 0x00,
  0x00, 0x00, 0x00, 0x00, 0x00, 0x00, 0x00, 0x00, 0x00, 0x00, 0x00, 0x00, 0x00, 0x00, 0x00, 0x00,
  0x00, 0x00, 0x00, 0x00, 0x00, 0x00, 0x00, 0x00, 0x82, 0x0b, 0x14, 0xff, 0x35, 0x02, 0x08, 0xff,
  0x19, 0x13, 0x12, 0xff, 0x0a, 0x06, 0x05, 0xff, 0x8d, 0x1b, 0x1f, 0xff, 0x4e, 0x09, 0x12, 0xff,
  0x2f, 0x18, 0x19, 0xff, 0x68, 0x06, 0x0c, 0xff, 0x64, 0x05, 0x0f, 0xff, 0x88, 0x20, 0x2b, 0xff,
  0x1f, 0x11, 0x14, 0xff, 0x1c, 0x12, 0x13, 0xff, 0xaa, 0x34, 0x31, 0xff, 0x15, 0x0f, 0x11, 0xff,
  0x21, 0x00, 0x00, 0xff, 0x45, 0x02, 0x08, 0xff, 0x57, 0x01, 0x08, 0xff, 0x17, 0x06, 0x05, 0xff,
  0x28, 0x05, 0x04, 0xff, 0xec, 0x0f, 0x1f, 0xff, 0xd1, 0x08, 0x17, 0xff, 0xcd, 0x07, 0x17, 0xff,
  0xc9, 0x08, 0x1c, 0xff, 0xcb, 0x0a, 0x1c, 0xff, 0xef, 0x22, 0x27, 0xff, 0xa6, 0x18, 0x22, 0xff,
  0x21, 0x12, 0x13, 0xff, 0x82, 0x04, 0x0e, 0xff, 0x58, 0x06, 0x0c, 0xff, 0x41, 0x05, 0x09, 0xff,
  0x1d, 0x11, 0x16, 0xff, 0xc7, 0x2f, 0x35, 0xff, 0x17, 0x0f, 0x13, 0xff, 0x19, 0x0f, 0x13, 0xff,
  0x87, 0x18, 0x22, 0xff, 0x52, 0x09, 0x0f, 0xff, 0x61, 0x08, 0x0f, 0xff, 0x13, 0x05, 0x03, 0xff,
  0x3e, 0x0f, 0x13, 0xff, 0x5e, 0x0f, 0x0f, 0xff, 0x09, 0x00, 0x00, 0xff, 0x1b, 0x13, 0x16, 0xff,
  0x0f, 0x02, 0x02, 0xff, 0x77, 0x0f, 0x11, 0xff, 0x9c, 0x76, 0x71, 0xff, 0x00, 0x00, 0x00, 0x00,
  0x00, 0x00, 0x00, 0x00, 0x00, 0x00, 0x00, 0x00, 0x00, 0x00, 0x00, 0x00, 0x00, 0x00, 0x00, 0x00,
  0x00, 0x00, 0x00, 0x00, 0x00, 0x00, 0x00, 0x00, 0x00, 0x00, 0x00, 0x00, 0x00, 0x00, 0x00, 0x00,
  0x00, 0x00, 0x00, 0x00, 0x00, 0x00, 0x00, 0x00, 0x00, 0x00, 0x00, 0x00, 0x00, 0x00, 0x00, 0x00,
  0x00, 0x00, 0x00, 0x00, 0x00, 0x00, 0x00, 0x00, 0x00, 0x00, 0x00, 0x00, 0x00, 0x00, 0x00, 0x00,
  0x00, 0x00, 0x00, 0x00, 0x00, 0x00, 0x00, 0x00, 0x00, 0x00, 0x00, 0x00, 0x00, 0x00, 0x00, 0x00,
  0x00, 0x00, 0x00, 0x00, 0x00, 0x00, 0x00, 0x00, 0x00, 0x00, 0x00, 0x00, 0x00, 0x00, 0x00, 0x00,
  0x00, 0x00, 0x00, 0x00, 0x00, 0x00, 0x00, 0x00, 0x00, 0x00, 0x00, 0x00, 0x00, 0x00, 0x00, 0x00,
  0x00, 0x00, 0x00, 0x00, 0x00, 0x00, 0x00, 0x00, 0x00, 0x00, 0x00, 0x00, 0x00, 0x00, 0x00, 0x00,
  0x00, 0x00, 0x00, 0x00, 0x00, 0x00, 0x00, 0x00, 0x00, 0x00, 0x00, 0x00, 0x00, 0x00, 0x00, 0x00,
  0x00, 0x00, 0x00, 0x00, 0x00, 0x00, 0x00, 0x00, 0x00, 0x00, 0x00, 0x00, 0x00, 0x00, 0x00, 0x00,
  0x00, 0x00, 0x00, 0x00, 0x00, 0x00, 0x00, 0x00, 0x00, 0x00, 0x00, 0x00, 0x00, 0x00, 0x00, 0x00,
  0x00, 0x00, 0x00, 0x00, 0x00, 0x00, 0x00, 0x00, 0x00, 0x00, 0x00, 0x00, 0x00, 0x00, 0x00, 0x00,
  0x00, 0x00, 0x00, 0x00, 0x00, 0x00, 0x00, 0x00, 0x00, 0x00, 0x00, 0x00, 0x00, 0x00, 0x00, 0x00,
  0x00, 0x00, 0x00, 0x00, 0x00, 0x00, 0x00, 0x00, 0x00, 0x00, 0x00, 0x00, 0x00, 0x00, 0x00, 0x00,
  0x00, 0x00, 0x00, 0x00, 0x00, 0x00, 0x00, 0x00, 0x00, 0x00, 0x00, 0x00, 0x00, 0x00, 0x00, 0x00,
  0x00, 0x00, 0x00, 0x00, 0x00, 0x00, 0x00, 0x00, 0x00, 0x00, 0x00, 0x00, 0x00, 0x00, 0x00, 0x00,
  0x00, 0x00, 0x00, 0x00, 0x00, 0x00, 0x00, 0x00, 0x00, 0x00, 0x00, 0x00, 0x00, 0x00, 0x00, 0x00,
  0x00, 0x00, 0x00, 0x00, 0x00, 0x00, 0x00, 0x00, 0x00, 0x00, 0x00, 0x00, 0x00, 0x00, 0x00, 0x00,
  0x00, 0x00, 0x00, 0x00, 0x00, 0x00, 0x00, 0x00, 0x00, 0x00, 0x00, 0x00, 0x00, 0x00, 0x00, 0x00,
  0x00, 0x00, 0x00, 0x00, 0x00, 0x00, 0x00, 0x00, 0x00, 0x00, 0x00, 0x00, 0x00, 0x00, 0x00, 0x00,
  0x00, 0x00, 0x00, 0x00, 0x00, 0x00, 0x00, 0x00, 0x00, 0x00, 0x00, 0x00, 0x00, 0x00, 0x00, 0x00,
  0x00, 0x00, 0x00, 0x00, 0x00, 0x00, 0x00, 0x00, 0x00, 0x00, 0x00, 0x00, 0x00, 0x00, 0x00, 0x00,
  0x00, 0x00, 0x00, 0x00, 0x00, 0x00, 0x00, 0x00, 0x00, 0x00, 0x00, 0x00, 0x00, 0x00, 0x00, 0x00,
  0x00, 0x00, 0x00, 0x00, 0x00, 0x00, 0x00, 0x00, 0x00, 0x00, 0x00, 0x00, 0x00, 0x00, 0x00, 0x00,
  0x00, 0x00, 0x00, 0x00, 0x00, 0x00, 0x00, 0x00, 0x00, 0x00, 0x00, 0x00, 0x00, 0x00, 0x00, 0x00,
  0x00, 0x00, 0x00, 0x00, 0x00, 0x00, 0x00, 0x00, 0x00, 0x00, 0x00, 0x00, 0x00, 0x00, 0x00, 0x00,
  0x00, 0x00, 0x00, 0x00, 0x00, 0x00, 0x00, 0x00, 0x00, 0x00, 0x00, 0x00, 0x00, 0x00, 0x00, 0x00,
  0x00, 0x00, 0x00, 0x00, 0x00, 0x00, 0x00, 0x00, 0x00, 0x00, 0x00, 0x00, 0x00, 0x00, 0x00, 0x00,
  0x00, 0x00, 0x00, 0x00, 0x00, 0x00, 0x00, 0x00, 0x00, 0x00, 0x00, 0x00, 0x00, 0x00, 0x00, 0x00,
  0x00, 0x00, 0x00, 0x00, 0x00, 0x00, 0x00, 0x00, 0x00, 0x00, 0x00, 0x00, 0x00, 0x00, 0x00, 0x00,
  0x00, 0x00, 0x00, 0x00, 0x00, 0x00, 0x00, 0x00, 0x00, 0x00, 0x00, 0x00, 0x00, 0x00, 0x00, 0x00,
  0x00, 0x00, 0x00, 0x00, 0x00, 0x00, 0x00, 0x00, 0x00, 0x00, 0x00, 0x00, 0x00, 0x00, 0x00, 0x00,
  0x00, 0x00, 0x00, 0x00, 0x00, 0x00, 0x00, 0x00, 0x00, 0x00, 0x00, 0x00, 0x00, 0x00, 0x00, 0x00,
  0x00, 0x00, 0x00, 0x00, 0x00, 0x00, 0x00, 0x00, 0x00, 0x00, 0x00, 0x00, 0x00, 0x00, 0x00, 0x00,
  0x00, 0x00, 0x00, 0x00, 0x00, 0x00, 0x00, 0x00, 0x00, 0x00, 0x00, 0x00, 0x00, 0x00, 0x00, 0x00,
  0x00, 0x00, 0x00, 0x00, 0x00, 0x00, 0x00, 0x00, 0x00, 0x00, 0x00, 0x00, 0x00, 0x00, 0x00, 0x00,
  0x00, 0x00, 0x00, 0x00, 0x00, 0x00, 0x00, 0x00, 0x35, 0x02, 0x05, 0xff, 0xa4, 0x18, 0x24, 0xff,
  0x1d, 0x12, 0x15, 0xff, 0x07, 0x02, 0x03, 0xff, 0x91, 0x17, 0x23, 0xff, 0x4f, 0x0e, 0x13, 0xff,
  0x00, 0x00, 0x00, 0x00, 0x4e, 0x3e, 0x3d, 0xff, 0x57, 0x0a, 0x0f, 0xff, 0x6a, 0x04, 0x09, 0xff,
  0x01, 0x00, 0x00, 0xff, 0x19, 0x11, 0x13, 0xff, 0x31, 0x08, 0x0a, 0xff, 0x06, 0x01, 0x01, 0xff,
  0x06, 0x00, 0x00, 0xff, 0x47, 0x01, 0x07, 0xff, 0x53, 0x01, 0x07, 0xff, 0x41, 0x06, 0x08, 0xff,
  0x14, 0x07, 0x07, 0xff, 0xde, 0x06, 0x17, 0xff, 0xc3, 0x07, 0x17, 0xff, 0xc1, 0x06, 0x19, 0xff,
  0xc3, 0x08, 0x1b, 0xff, 0xc0, 0x07, 0x18, 0xff, 0xc3, 0x05, 0x14, 0xff, 0x22, 0x04, 0x03, 0xff,
  0x10, 0x01, 0x00, 0xff, 0x64, 0x04, 0x0e, 0xff, 0x55, 0x03, 0x0c, 0xff, 0x10, 0x00, 0x00, 0xff,
  0x12, 0x0a, 0x0e, 0xff, 0x71, 0x17, 0x17, 0xff, 0x18, 0x11, 0x14, 0xff, 0x12, 0x0a, 0x0c, 0xff,
  0x62, 0x06, 0x0e, 0xff, 0x5e, 0x0f, 0x15, 0xff, 0x04, 0x00, 0x00, 0xff, 0x00, 0x00, 0x00, 0x00,
  0x21, 0x05, 0x05, 0xff, 0x52, 0x09, 0x0b, 0xff, 0x0e, 0x00, 0x00, 0xff, 0x17, 0x11, 0x13, 0xff,
  0x3d, 0x02, 0x03, 0xff, 0x1f, 0x02, 0x01, 0xff, 0x00, 0x00, 0x00, 0x00, 0x00, 0x00, 0x00, 0x00,
  0x00, 0x00, 0x00, 0x00, 0x00, 0x00, 0x00, 0x00, 0x00, 0x00, 0x00, 0x00, 0x00, 0x00, 0x00, 0x00,
  0x00, 0x00, 0x00, 0x00, 0x00, 0x00, 0x00, 0x00, 0x00, 0x00, 0x00, 0x00, 0x00, 0x00, 0x00, 0x00,
  0x00, 0x00, 0x00, 0x00, 0x00, 0x00, 0x00, 0x00, 0x00, 0x00, 0x00, 0x00, 0x00, 0x00, 0x00, 0x00,
  0x00, 0x00, 0x00, 0x00, 0x00, 0x00, 0x00, 0x00, 0x00, 0x00, 0x00, 0x00, 0x00, 0x00, 0x00, 0x00,
  0x00, 0x00, 0x00, 0x00, 0x00, 0x00, 0x00, 0x00, 0x00, 0x00, 0x00, 0x00, 0x00, 0x00, 0x00, 0x00,
  0x00, 0x00, 0x00, 0x00, 0x00, 0x00, 0x00, 0x00, 0x00, 0x00, 0x00, 0x00, 0x00, 0x00, 0x00, 0x00,
  0x00, 0x00, 0x00, 0x00, 0x00, 0x00, 0x00, 0x00, 0x00, 0x00, 0x00, 0x00, 0x00, 0x00, 0x00, 0x00,
  0x00, 0x00, 0x00, 0x00, 0x00, 0x00, 0x00, 0x00, 0x00, 0x00, 0x00, 0x00, 0x00, 0x00, 0x00, 0x00,
  0x00, 0x00, 0x00, 0x00, 0x00, 0x00, 0x00, 0x00, 0x00, 0x00, 0x00, 0x00, 0x00, 0x00, 0x00, 0x00,
  0x00, 0x00, 0x00, 0x00, 0x00, 0x00, 0x00, 0x00, 0x00, 0x00, 0x00, 0x00, 0x00, 0x00, 0x00, 0x00,
  0x00, 0x00, 0x00, 0x00, 0x00, 0x00, 0x00, 0x00, 0x00, 0x00, 0x00, 0x00, 0x00, 0x00, 0x00, 0x00,
  0x00, 0x00, 0x00, 0x00, 0x00, 0x00, 0x00, 0x00, 0x00, 0x00, 0x00, 0x00, 0x00, 0x00, 0x00, 0x00,
  0x00, 0x00, 0x00, 0x00, 0x00, 0x00, 0x00, 0x00, 0x00, 0x00, 0x00, 0x00, 0x00, 0x00, 0x00, 0x00,
  0x00, 0x00, 0x00, 0x00, 0x00, 0x00, 0x00, 0x00, 0x00, 0x00, 0x00, 0x00, 0x00, 0x00, 0x00, 0x00,
  0x00, 0x00, 0x00, 0x00, 0x00, 0x00, 0x00, 0x00, 0x00, 0x00, 0x00, 0x00, 0x00, 0x00, 0x00, 0x00,
  0x00, 0x00, 0x00, 0x00, 0x00, 0x00, 0x00, 0x00, 0x00, 0x00, 0x00, 0x00, 0x00, 0x00, 0x00, 0x00,
  0x00, 0x00, 0x00, 0x00, 0x00, 0x00, 0x00, 0x00, 0x00, 0x00, 0x00, 0x00, 0x00, 0x00, 0x00, 0x00,
  0x00, 0x00, 0x00, 0x00, 0x00, 0x00, 0x00, 0x00, 0x00, 0x00, 0x00, 0x00, 0x00, 0x00, 0x00, 0x00,
  0x00, 0x00, 0x00, 0x00, 0x00, 0x00, 0x00, 0x00, 0x00, 0x00, 0x00, 0x00, 0x00, 0x00, 0x00, 0x00,
  0x00, 0x00, 0x00, 0x00, 0x00, 0x00, 0x00, 0x00, 0x00, 0x00, 0x00, 0x00, 0x00, 0x00, 0x00, 0x00,
  0x00, 0x00, 0x00, 0x00, 0x00, 0x00, 0x00, 0x00, 0x00, 0x00, 0x00, 0x00, 0x00, 0x00, 0x00, 0x00,
  0x00, 0x00, 0x00, 0x00, 0x00, 0x00, 0x00, 0x00, 0x00, 0x00, 0x00, 0x00, 0x00, 0x00, 0x00, 0x00,
  0x00, 0x00, 0x00, 0x00, 0x00, 0x00, 0x00, 0x00, 0x00, 0x00, 0x00, 0x00, 0x00, 0x00, 0x00, 0x00,
  0x00, 0x00, 0x00, 0x00, 0x00, 0x00, 0x00, 0x00, 0x00, 0x00, 0x00, 0x00, 0x00, 0x00, 0x00, 0x00,
  0x00, 0x00, 0x00, 0x00, 0x00, 0x00, 0x00, 0x00, 0x00, 0x00, 0x00, 0x00, 0x00, 0x00, 0x00, 0x00,
  0x00, 0x00, 0x00, 0x00, 0x00, 0x00, 0x00, 0x00, 0x00, 0x00, 0x00, 0x00, 0x00, 0x00, 0x00, 0x00,
  0x00, 0x00, 0x00, 0x00, 0x00, 0x00, 0x00, 0x00, 0x00, 0x00, 0x00, 0x00, 0x00, 0x00, 0x00, 0x00,
  0x00, 0x00, 0x00, 0x00, 0x00, 0x00, 0x00, 0x00, 0x00, 0x00, 0x00, 0x00, 0x00, 0x00, 0x00, 0x00,
  0x00, 0x00, 0x00, 0x00, 0x00, 0x00, 0x00, 0x00, 0x00, 0x00, 0x00, 0x00, 0x00, 0x00, 0x00, 0x00,
  0x00, 0x00, 0x00, 0x00, 0x00, 0x00, 0x00, 0x00, 0x00, 0x00, 0x00, 0x00, 0x00, 0x00, 0x00, 0x00,
  0x00, 0x00, 0x00, 0x00, 0x00, 0x00, 0x00, 0x00, 0x00, 0x00, 0x00, 0x00, 0x00, 0x00, 0x00, 0x00,
  0x00, 0x00, 0x00, 0x00, 0x00, 0x00, 0x00, 0x00, 0x00, 0x00, 0x00, 0x00, 0x00, 0x00, 0x00, 0x00,
  0x00, 0x00, 0x00, 0x00, 0x00, 0x00, 0x00, 0x00, 0x00, 0x00, 0x00, 0x00, 0x00, 0x00, 0x00, 0x00,
  0x00, 0x00, 0x00, 0x00, 0x00, 0x00, 0x00, 0x00, 0x00, 0x00, 0x00, 0x00, 0x00, 0x00, 0x00, 0x00,
  0x00, 0x00, 0x00, 0x00, 0x00, 0x00, 0x00, 0x00, 0x00, 0x00, 0x00, 0x00, 0x00, 0x00, 0x00, 0x00,
  0x00, 0x00, 0x00, 0x00, 0x00, 0x00, 0x00, 0x00, 0x00, 0x00, 0x00, 0x00, 0x00, 0x00, 0x00, 0x00,
  0x00, 0x00, 0x00, 0x00, 0x00, 0x00, 0x00, 0x00, 0x11, 0x09, 0x06, 0xff, 0xac, 0x12, 0x1d, 0xff,
  0x19, 0x11, 0x10, 0xff, 0x08, 0x02, 0x03, 0xff, 0x8d, 0x13, 0x1f, 0xff, 0x48, 0x08, 0x11, 0xff,
  0x00, 0x00, 0x00, 0x00, 0x00, 0x00, 0x00, 0x00, 0x00, 0x00, 0x00, 0x00, 0x0f, 0x0a, 0x05, 0xff,
  0x1b, 0x00, 0x00, 0xff, 0x1c, 0x11, 0x13, 0xff, 0x17, 0x0f, 0x12, 0xff, 0x13, 0x02, 0x00, 0xff,
  0x08, 0x00, 0x02, 0xff, 0x47, 0x00, 0x05, 0xff, 0x4e, 0x00, 0x07, 0xff, 0x86, 0x29, 0x30, 0xff,
  0x25, 0x19, 0x16, 0xff, 0xe9, 0x1f, 0x28, 0xff, 0xb8, 0x06, 0x14, 0xff, 0xb6, 0x04, 0x15, 0xff,
  0xb6, 0x04, 0x15, 0xff, 0xaf, 0x04, 0x14, 0xff, 0xac, 0x05, 0x10, 0xff, 0x15, 0x04, 0x02, 0xff,
  0x28, 0x00, 0x00, 0xff, 0x5e, 0x02, 0x0a, 0xff, 0x53, 0x03, 0x09, 0xff, 0x01, 0x00, 0x00, 0xff,
  0x00, 0x01, 0x01, 0xff, 0x18, 0x0c, 0x0a, 0xff, 0x15, 0x12, 0x14, 0xff, 0x0b, 0x03, 0x01, 0xff,
  0x0c, 0x00, 0x00, 0xff, 0x00, 0x00, 0x00, 0x00, 0x00, 0x00, 0x00, 0x00, 0x00, 0x00, 0x00, 0x00,
  0x18, 0x02, 0x03, 0xff, 0x52, 0x08, 0x0c, 0xff, 0x13, 0x00, 0x00, 0xff, 0x1d, 0x12, 0x13, 0xff,
  0xa9, 0x17, 0x22, 0xff, 0x0f, 0x0a, 0x06, 0xff, 0x00, 0x00, 0x00, 0x00, 0x00, 0x00, 0x00, 0x00,
  0x00, 0x00, 0x00, 0x00, 0x00, 0x00, 0x00, 0x00, 0x00, 0x00, 0x00, 0x00, 0x00, 0x00, 0x00, 0x00,
  0x00, 0x00, 0x00, 0x00, 0x00, 0x00, 0x00, 0x00, 0x00, 0x00, 0x00, 0x00, 0x00, 0x00, 0x00, 0x00,
  0x00, 0x00, 0x00, 0x00, 0x00, 0x00, 0x00, 0x00, 0x00, 0x00, 0x00, 0x00, 0x00, 0x00, 0x00, 0x00,
  0x00, 0x00, 0x00, 0x00, 0x00, 0x00, 0x00, 0x00, 0x00, 0x00, 0x00, 0x00, 0x00, 0x00, 0x00, 0x00,
  0x00, 0x00, 0x00, 0x00, 0x00, 0x00, 0x00, 0x00, 0x00, 0x00, 0x00, 0x00, 0x00, 0x00, 0x00, 0x00,
  0x00, 0x00, 0x00, 0x00, 0x00, 0x00, 0x00, 0x00, 0x00, 0x00, 0x00, 0x00, 0x00, 0x00, 0x00, 0x00,
  0x00, 0x00, 0x00, 0x00, 0x00, 0x00, 0x00, 0x00, 0x00, 0x00, 0x00, 0x00, 0x00, 0x00, 0x00, 0x00,
  0x00, 0x00, 0x00, 0x00, 0x00, 0x00, 0x00, 0x00, 0x00, 0x00, 0x00, 0x00, 0x00, 0x00, 0x00, 0x00,
  0x00, 0x00, 0x00, 0x00, 0x00, 0x00, 0x00, 0x00, 0x00, 0x00, 0x00, 0x00, 0x00, 0x00, 0x00, 0x00,
  0x00, 0x00, 0x00, 0x00, 0x00, 0x00, 0x00, 0x00, 0x00, 0x00, 0x00, 0x00, 0x00, 0x00, 0x00, 0x00,
  0x00, 0x00, 0x00, 0x00, 0x00, 0x00, 0x00, 0x00, 0x00, 0x00, 0x00, 0x00, 0x00, 0x00, 0x00, 0x00,
  0x00, 0x00, 0x00, 0x00, 0x00, 0x00, 0x00, 0x00, 0x00, 0x00, 0x00, 0x00, 0x00, 0x00, 0x00, 0x00,
  0x00, 0x00, 0x00, 0x00, 0x00, 0x00, 0x00, 0x00, 0x00, 0x00, 0x00, 0x00, 0x00, 0x00, 0x00, 0x00,
  0x00, 0x00, 0x00, 0x00, 0x00, 0x00, 0x00, 0x00, 0x00, 0x00, 0x00, 0x00, 0x00, 0x00, 0x00, 0x00,
  0x00, 0x00, 0x00, 0x00, 0x00, 0x00, 0x00, 0x00, 0x00, 0x00, 0x00, 0x00, 0x00, 0x00, 0x00, 0x00,
  0x00, 0x00, 0x00, 0x00, 0x00, 0x00, 0x00, 0x00, 0x00, 0x00, 0x00, 0x00, 0x00, 0x00, 0x00, 0x00,
  0x00, 0x00, 0x00, 0x00, 0x00, 0x00, 0x00, 0x00, 0x00, 0x00, 0x00, 0x00, 0x00, 0x00, 0x00, 0x00,
  0x00, 0x00, 0x00, 0x00, 0x00, 0x00, 0x00, 0x00, 0x00, 0x00, 0x00, 0x00, 0x00, 0x00, 0x00, 0x00,
  0x00, 0x00, 0x00, 0x00, 0x00, 0x00, 0x00, 0x00, 0x00, 0x00, 0x00, 0x00, 0x00, 0x00, 0x00, 0x00,
  0x00, 0x00, 0x00, 0x00, 0x00, 0x00, 0x00, 0x00, 0x00, 0x00, 0x00, 0x00, 0x00, 0x00, 0x00, 0x00,
  0x00, 0x00, 0x00, 0x00, 0x00, 0x00, 0x00, 0x00, 0x00, 0x00, 0x00, 0x00, 0x00, 0x00, 0x00, 0x00,
  0x00, 0x00, 0x00, 0x00, 0x00, 0x00, 0x00, 0x00, 0x00, 0x00, 0x00, 0x00, 0x00, 0x00, 0x00, 0x00,
  0x00, 0x00, 0x00, 0x00, 0x00, 0x00, 0x00, 0x00, 0x00, 0x00, 0x00, 0x00, 0x00, 0x00, 0x00, 0x00,
  0x00, 0x00, 0x00, 0x00, 0x00, 0x00, 0x00, 0x00, 0x00, 0x00, 0x00, 0x00, 0x00, 0x00, 0x00, 0x00,
  0x00, 0x00, 0x00, 0x00, 0x00, 0x00, 0x00, 0x00, 0x00, 0x00, 0x00, 0x00, 0x00, 0x00, 0x00, 0x00,
  0x00, 0x00, 0x00, 0x00, 0x00, 0x00, 0x00, 0x00, 0x00, 0x00, 0x00, 0x00, 0x00, 0x00, 0x00, 0x00,
  0x00, 0x00, 0x00, 0x00, 0x00, 0x00, 0x00, 0x00, 0x00, 0x00, 0x00, 0x00, 0x00, 0x00, 0x00, 0x00,
  0x00, 0x00, 0x00, 0x00, 0x00, 0x00, 0x00, 0x00, 0x00, 0x00, 0x00, 0x00, 0x00, 0x00, 0x00, 0x00,
  0x00, 0x00, 0x00, 0x00, 0x00, 0x00, 0x00, 0x00, 0x00, 0x00, 0x00, 0x00, 0x00, 0x00, 0x00, 0x00,
  0x00, 0x00, 0x00, 0x00, 0x00, 0x00, 0x00, 0x00, 0x00, 0x00, 0x00, 0x00, 0x00, 0x00, 0x00, 0x00,
  0x00, 0x00, 0x00, 0x00, 0x00, 0x00, 0x00, 0x00, 0x00, 0x00, 0x00, 0x00, 0x00, 0x00, 0x00, 0x00,
  0x00, 0x00, 0x00, 0x00, 0x00, 0x00, 0x00, 0x00, 0x00, 0x00, 0x00, 0x00, 0x00, 0x00, 0x00, 0x00,
  0x00, 0x00, 0x00, 0x00, 0x00, 0x00, 0x00, 0x00, 0x00, 0x00, 0x00, 0x00, 0x00, 0x00, 0x00, 0x00,
  0x00, 0x00, 0x00, 0x00, 0x00, 0x00, 0x00, 0x00, 0x00, 0x00, 0x00, 0x00, 0x00, 0x00, 0x00, 0x00,
  0x00, 0x00, 0x00, 0x00, 0x00, 0x00, 0x00, 0x00, 0x00, 0x00, 0x00, 0x00, 0x00, 0x00, 0x00, 0x00,
  0x00, 0x00, 0x00, 0x00, 0x00, 0x00, 0x00, 0x00, 0x00, 0x00, 0x00, 0x00, 0x00, 0x00, 0x00, 0x00,
  0x00, 0x00, 0x00, 0x00, 0x00, 0x00, 0x00, 0x00, 0x00, 0x00, 0x00, 0x00, 0x90, 0x19, 0x21, 0xff,
  0x11, 0x00, 0x00, 0xff, 0x08, 0x02, 0x01, 0xff, 0x8a, 0x11, 0x1c, 0xff, 0x06, 0x01, 0x00, 0xff,
  0x00, 0x00, 0x00, 0x00, 0x00, 0x00, 0x00, 0x00, 0x00, 0x00, 0x00, 0x00, 0x00, 0x00, 0x00, 0x00,
  0x78, 0x0f, 0x19, 0xff, 0x0b, 0x06, 0x08, 0xff, 0x1b, 0x10, 0x12, 0xff, 0xa6, 0x2f, 0x36, 0xff,
  0x1f, 0x13, 0x13, 0xff, 0x79, 0x1f, 0x28, 0xff, 0x51, 0x00, 0x08, 0xff, 0xa3, 0x2b, 0x34, 0xff,
  0x3b, 0x27, 0x25, 0xff, 0x1f, 0x00, 0x00, 0xff, 0x22, 0x00, 0x00, 0xff, 0x20, 0x00, 0x00, 0xff,
  0x23, 0x00, 0x00, 0xff, 0x23, 0x00, 0x00, 0xff, 0x21, 0x01, 0x01, 0xff, 0x0b, 0x04, 0x05, 0xff,
  0x8b, 0x24, 0x28, 0xff, 0x5f, 0x02, 0x0b, 0xff, 0x5b, 0x0a, 0x0f, 0xff, 0x13, 0x10, 0x12, 0xff,
  0x3c, 0x07, 0x06, 0xff, 0x17, 0x11, 0x13, 0xff, 0x1b, 0x11, 0x14, 0xff, 0x85, 0x17, 0x1f, 0xff,
  0x00, 0x00, 0x00, 0x00, 0x00, 0x00, 0x00, 0x00, 0x00, 0x00, 0x00, 0x00, 0x00, 0x00, 0x00, 0x00,
  0x12, 0x0f, 0x0f, 0xff, 0x4f, 0x04, 0x08, 0xff, 0x27, 0x00, 0x01, 0xff, 0x0c, 0x09, 0x0a, 0xff,
  0x9f, 0x15, 0x1d, 0xff, 0x00, 0x00, 0x00, 0x00, 0x00, 0x00, 0x00, 0x00, 0x00, 0x00, 0x00, 0x00,
  0x00, 0x00, 0x00, 0x00, 0x00, 0x00, 0x00, 0x00, 0x00, 0x00, 0x00, 0x00, 0x00, 0x00, 0x00, 0x00,
  0x00, 0x00, 0x00, 0x00, 0x00, 0x00, 0x00, 0x00, 0x00, 0x00, 0x00, 0x00, 0x00, 0x00, 0x00, 0x00,
  0x00, 0x00, 0x00, 0x00, 0x00, 0x00, 0x00, 0x00, 0x00, 0x00, 0x00, 0x00, 0x00, 0x00, 0x00, 0x00,
  0x00, 0x00, 0x00, 0x00, 0x00, 0x00, 0x00, 0x00, 0x00, 0x00, 0x00, 0x00, 0x00, 0x00, 0x00, 0x00,
  0x00, 0x00, 0x00, 0x00, 0x00, 0x00, 0x00, 0x00, 0x00, 0x00, 0x00, 0x00, 0x00, 0x00, 0x00, 0x00,
  0x00, 0x00, 0x00, 0x00, 0x00, 0x00, 0x00, 0x00, 0x00, 0x00, 0x00, 0x00, 0x00, 0x00, 0x00, 0x00,
  0x00, 0x00, 0x00, 0x00, 0x00, 0x00, 0x00, 0x00, 0x00, 0x00, 0x00, 0x00, 0x00, 0x00, 0x00, 0x00,
  0x00, 0x00, 0x00, 0x00, 0x00, 0x00, 0x00, 0x00, 0x00, 0x00, 0x00, 0x00, 0x00, 0x00, 0x00, 0x00,
  0x00, 0x00, 0x00, 0x00, 0x00, 0x00, 0x00, 0x00, 0x00, 0x00, 0x00, 0x00, 0x00, 0x00, 0x00, 0x00,
  0x00, 0x00, 0x00, 0x00, 0x00, 0x00, 0x00, 0x00, 0x00, 0x00, 0x00, 0x00, 0x00, 0x00, 0x00, 0x00,
  0x00, 0x00, 0x00, 0x00, 0x00, 0x00, 0x00, 0x00, 0x00, 0x00, 0x00, 0x00, 0x00, 0x00, 0x00, 0x00,
  0x00, 0x00, 0x00, 0x00, 0x00, 0x00, 0x00, 0x00, 0x00, 0x00, 0x00, 0x00, 0x00, 0x00, 0x00, 0x00,
  0x00, 0x00, 0x00, 0x00, 0x00, 0x00, 0x00, 0x00, 0x00, 0x00, 0x00, 0x00, 0x00, 0x00, 0x00, 0x00,
  0x00, 0x00, 0x00, 0x00, 0x00, 0x00, 0x00, 0x00, 0x00, 0x00, 0x00, 0x00, 0x00, 0x00, 0x00, 0x00,
  0x00, 0x00, 0x00, 0x00, 0x00, 0x00, 0x00, 0x00, 0x00, 0x00, 0x00, 0x00, 0x00, 0x00, 0x00, 0x00,
  0x00, 0x00, 0x00, 0x00, 0x00, 0x00, 0x00, 0x00, 0x00, 0x00, 0x00, 0x00, 0x00, 0x00, 0x00, 0x00,
  0x00, 0x00, 0x00, 0x00, 0x00, 0x00, 0x00, 0x00, 0x00, 0x00, 0x00, 0x00, 0x00, 0x00, 0x00, 0x00,
  0x00, 0x00, 0x00, 0x00, 0x00, 0x00, 0x00, 0x00, 0x00, 0x00, 0x00, 0x00, 0x00, 0x00, 0x00, 0x00,
  0x00, 0x00, 0x00, 0x00, 0x00, 0x00, 0x00, 0x00, 0x00, 0x00, 0x00, 0x00, 0x00, 0x00, 0x00, 0x00,
  0x00, 0x00, 0x00, 0x00, 0x00, 0x00, 0x00, 0x00, 0x00, 0x00, 0x00, 0x00, 0x00, 0x00, 0x00, 0x00,
  0x00, 0x00, 0x00, 0x00, 0x00, 0x00, 0x00, 0x00, 0x00, 0x00, 0x00, 0x00, 0x00, 0x00, 0x00, 0x00,
  0x00, 0x00, 0x00, 0x00, 0x00, 0x00, 0x00, 0x00, 0x00, 0x00, 0x00, 0x00, 0x00, 0x00, 0x00, 0x00,
  0x00, 0x00, 0x00, 0x00, 0x00, 0x00, 0x00, 0x00, 0x00, 0x00, 0x00, 0x00, 0x00, 0x00, 0x00, 0x00,
  0x00, 0x00, 0x00, 0x00, 0x00, 0x00, 0x00, 0x00, 0x00, 0x00, 0x00, 0x00, 0x00, 0x00, 0x00, 0x00,
  0x00, 0x00, 0x00, 0x00, 0x00, 0x00, 0x00, 0x00, 0x00, 0x00, 0x00, 0x00, 0x00, 0x00, 0x00, 0x00,
  0x00, 0x00, 0x00, 0x00, 0x00, 0x00, 0x00, 0x00, 0x00, 0x00, 0x00, 0x00, 0x00, 0x00, 0x00, 0x00,
  0x00, 0x00, 0x00, 0x00, 0x00, 0x00, 0x00, 0x00, 0x00, 0x00, 0x00, 0x00, 0x00, 0x00, 0x00, 0x00,
  0x00, 0x00, 0x00, 0x00, 0x00, 0x00, 0x00, 0x00, 0x00, 0x00, 0x00, 0x00, 0x00, 0x00, 0x00, 0x00,
  0x00, 0x00, 0x00, 0x00, 0x00, 0x00, 0x00, 0x00, 0x00, 0x00, 0x00, 0x00, 0x00, 0x00, 0x00, 0x00,
  0x00, 0x00, 0x00, 0x00, 0x00, 0x00, 0x00, 0x00, 0x00, 0x00, 0x00, 0x00, 0x00, 0x00, 0x00, 0x00,
  0x00, 0x00, 0x00, 0x00, 0x00, 0x00, 0x00, 0x00, 0x00, 0x00, 0x00, 0x00, 0x00, 0x00, 0x00, 0x00,
  0x00, 0x00, 0x00, 0x00, 0x00, 0x00, 0x00, 0x00, 0x00, 0x00, 0x00, 0x00, 0x00, 0x00, 0x00, 0x00,
  0x00, 0x00, 0x00, 0x00, 0x00, 0x00, 0x00, 0x00, 0x00, 0x00, 0x00, 0x00, 0x00, 0x00, 0x00, 0x00,
  0x00, 0x00, 0x00, 0x00, 0x00, 0x00, 0x00, 0x00, 0x00, 0x00, 0x00, 0x00, 0x00, 0x00, 0x00, 0x00,
  0x00, 0x00, 0x00, 0x00, 0x00, 0x00, 0x00, 0x00, 0x00, 0x00, 0x00, 0x00, 0x00, 0x00, 0x00, 0x00,
  0x00, 0x00, 0x00, 0x00, 0x00, 0x00, 0x00, 0x00, 0x00, 0x00, 0x00, 0x00, 0x00, 0x00, 0x00, 0x00,
  0x00, 0x00, 0x00, 0x00, 0x00, 0x00, 0x00, 0x00, 0x00, 0x00, 0x00, 0x00, 0x12, 0x02, 0x00, 0xff,
  0xa3, 0x0f, 0x20, 0xff, 0x08, 0x03, 0x04, 0xff, 0x89, 0x10, 0x1f, 0xff, 0x02, 0x00, 0x00, 0xff,
  0x00, 0x00, 0x00, 0x00, 0x00, 0x00, 0x00, 0x00, 0x00, 0x00, 0x00, 0x00, 0x00, 0x00, 0x00, 0x00,
  0x0b, 0x01, 0x00, 0xff, 0x15, 0x00, 0x00, 0xff, 0x12, 0x0e, 0x0c, 0xff, 0x9a, 0x28, 0x2f, 0xff,
  0x1b, 0x12, 0x13, 0xff, 0x47, 0x0e, 0x14, 0xff, 0x4e, 0x00, 0x08, 0xff, 0x06, 0x00, 0x00, 0xff,
  0x24, 0x19, 0x17, 0xff, 0x52, 0x03, 0x08, 0xff, 0xb1, 0x14, 0x1f, 0xff, 0xad, 0x0c, 0x1c, 0xff,
  0xa0, 0x0e, 0x1b, 0xff, 0x94, 0x0e, 0x1b, 0xff, 0x62, 0x08, 0x0c, 0xff, 0x2f, 0x1f, 0x1f, 0xff,
  0x0a, 0x03, 0x01, 0xff, 0x58, 0x03, 0x09, 0xff, 0x6d, 0x14, 0x1f, 0xff, 0x19, 0x16, 0x1d, 0xff,
  0x98, 0x19, 0x1f, 0xff, 0x18, 0x13, 0x15, 0xff, 0x01, 0x01, 0x00, 0xff, 0x38, 0x0c, 0x0c, 0xff,
  0x00, 0x00, 0x00, 0x00, 0x00, 0x00, 0x00, 0x00, 0x00, 0x00, 0x00, 0x00, 0x00, 0x00, 0x00, 0x00,
  0x1d, 0x16, 0x15, 0xff, 0x52, 0x03, 0x05, 0xff, 0x4a, 0x02, 0x0b, 0xff, 0x7a, 0x14, 0x1d, 0xff,
  0x34, 0x02, 0x05, 0xff, 0x00, 0x00, 0x00, 0x00, 0x00, 0x00, 0x00, 0x00, 0x00, 0x00, 0x00, 0x00,
  0x00, 0x00, 0x00, 0x00, 0x00, 0x00, 0x00, 0x00, 0x00, 0x00, 0x00, 0x00, 0x00, 0x00, 0x00, 0x00,
  0x00, 0x00, 0x00, 0x00, 0x00, 0x00, 0x00, 0x00, 0x00, 0x00, 0x00, 0x00, 0x00, 0x00, 0x00, 0x00,
  0x00, 0x00, 0x00, 0x00, 0x00, 0x00, 0x00, 0x00, 0x00, 0x00, 0x00, 0x00, 0x00, 0x00, 0x00, 0x00,
  0x00, 0x00, 0x00, 0x00, 0x00, 0x00, 0x00, 0x00, 0x00, 0x00, 0x00, 0x00, 0x00, 0x00, 0x00, 0x00,
  0x00, 0x00, 0x00, 0x00, 0x00, 0x00, 0x00, 0x00, 0x00, 0x00, 0x00, 0x00, 0x00, 0x00, 0x00, 0x00,
  0x00, 0x00, 0x00, 0x00, 0x00, 0x00, 0x00, 0x00, 0x00, 0x00, 0x00, 0x00, 0x00, 0x00, 0x00, 0x00,
  0x00, 0x00, 0x00, 0x00, 0x00, 0x00, 0x00, 0x00, 0x00, 0x00, 0x00, 0x00, 0x00, 0x00, 0x00, 0x00,
  0x00, 0x00, 0x00, 0x00, 0x00, 0x00, 0x00, 0x00, 0x00, 0x00, 0x00, 0x00, 0x00, 0x00, 0x00, 0x00,
  0x00, 0x00, 0x00, 0x00, 0x00, 0x00, 0x00, 0x00, 0x00, 0x00, 0x00, 0x00, 0x00, 0x00, 0x00, 0x00,
  0x00, 0x00, 0x00, 0x00, 0x00, 0x00, 0x00, 0x00, 0x00, 0x00, 0x00, 0x00, 0x00, 0x00, 0x00, 0x00,
  0x00, 0x00, 0x00, 0x00, 0x00, 0x00, 0x00, 0x00, 0x00, 0x00, 0x00, 0x00, 0x00, 0x00, 0x00, 0x00,
  0x00, 0x00, 0x00, 0x00, 0x00, 0x00, 0x00, 0x00, 0x00, 0x00, 0x00, 0x00, 0x00, 0x00, 0x00, 0x00,
  0x00, 0x00, 0x00, 0x00, 0x00, 0x00, 0x00, 0x00, 0x00, 0x00, 0x00, 0x00, 0x00, 0x00, 0x00, 0x00,
  0x00, 0x00, 0x00, 0x00, 0x00, 0x00, 0x00, 0x00, 0x00, 0x00, 0x00, 0x00, 0x00, 0x00, 0x00, 0x00,
  0x00, 0x00, 0x00, 0x00, 0x00, 0x00, 0x00, 0x00, 0x00, 0x00, 0x00, 0x00, 0x00, 0x00, 0x00, 0x00,
  0x00, 0x00, 0x00, 0x00, 0x00, 0x00, 0x00, 0x00, 0x00, 0x00, 0x00, 0x00, 0x00, 0x00, 0x00, 0x00,
  0x00, 0x00, 0x00, 0x00, 0x00, 0x00, 0x00, 0x00, 0x00, 0x00, 0x00, 0x00, 0x00, 0x00, 0x00, 0x00,
  0x00, 0x00, 0x00, 0x00, 0x00, 0x00, 0x00, 0x00, 0x00, 0x00, 0x00, 0x00, 0x00, 0x00, 0x00, 0x00,
  0x00, 0x00, 0x00, 0x00, 0x00, 0x00, 0x00, 0x00, 0x00, 0x00, 0x00, 0x00, 0x00, 0x00, 0x00, 0x00,
  0x00, 0x00, 0x00, 0x00, 0x00, 0x00, 0x00, 0x00, 0x00, 0x00, 0x00, 0x00, 0x00, 0x00, 0x00, 0x00,
  0x00, 0x00, 0x00, 0x00, 0x00, 0x00, 0x00, 0x00, 0x00, 0x00, 0x00, 0x00, 0x00, 0x00, 0x00, 0x00,
  0x00, 0x00, 0x00, 0x00, 0x00, 0x00, 0x00, 0x00, 0x00, 0x00, 0x00, 0x00, 0x00, 0x00, 0x00, 0x00,
  0x00, 0x00, 0x00, 0x00, 0x00, 0x00, 0x00, 0x00, 0x00, 0x00, 0x00, 0x00, 0x00, 0x00, 0x00, 0x00,
  0x00, 0x00, 0x00, 0x00, 0x00, 0x00, 0x00, 0x00, 0x00, 0x00, 0x00, 0x00, 0x00, 0x00, 0x00, 0x00,
  0x00, 0x00, 0x00, 0x00, 0x00, 0x00, 0x00, 0x00, 0x00, 0x00, 0x00, 0x00, 0x00, 0x00, 0x00, 0x00,
  0x00, 0x00, 0x00, 0x00, 0x00, 0x00, 0x00, 0x00, 0x00, 0x00, 0x00, 0x00, 0x00, 0x00, 0x00, 0x00,
  0x00, 0x00, 0x00, 0x00, 0x00, 0x00, 0x00, 0x00, 0x00, 0x00, 0x00, 0x00, 0x00, 0x00, 0x00, 0x00,
  0x00, 0x00, 0x00, 0x00, 0x00, 0x00, 0x00, 0x00, 0x00, 0x00, 0x00, 0x00, 0x00, 0x00, 0x00, 0x00,
  0x00, 0x00, 0x00, 0x00, 0x00, 0x00, 0x00, 0x00, 0x00, 0x00, 0x00, 0x00, 0x00, 0x00, 0x00, 0x00,
  0x00, 0x00, 0x00, 0x00, 0x00, 0x00, 0x00, 0x00, 0x00, 0x00, 0x00, 0x00, 0x00, 0x00, 0x00, 0x00,
  0x00, 0x00, 0x00, 0x00, 0x00, 0x00, 0x00, 0x00, 0x00, 0x00, 0x00, 0x00, 0x00, 0x00, 0x00, 0x00,
  0x00, 0x00, 0x00, 0x00, 0x00, 0x00, 0x00, 0x00, 0x00, 0x00, 0x00, 0x00, 0x00, 0x00, 0x00, 0x00,
  0x00, 0x00, 0x00, 0x00, 0x00, 0x00, 0x00, 0x00, 0x00, 0x00, 0x00, 0x00, 0x00, 0x00, 0x00, 0x00,
  0x00, 0x00, 0x00, 0x00, 0x00, 0x00, 0x00, 0x00, 0x00, 0x00, 0x00, 0x00, 0x00, 0x00, 0x00, 0x00,
  0x00, 0x00, 0x00, 0x00, 0x00, 0x00, 0x00, 0x00, 0x00, 0x00, 0x00, 0x00, 0x00, 0x00, 0x00, 0x00,
  0x00, 0x00, 0x00, 0x00, 0x00, 0x00, 0x00, 0x00, 0x00, 0x00, 0x00, 0x00, 0x00, 0x00, 0x00, 0x00,
  0x00, 0x00, 0x00, 0x00, 0x00, 0x00, 0x00, 0x00, 0x00, 0x00, 0x00, 0x00, 0x23, 0x17, 0x16, 0xff,
  0xa6, 0x10, 0x1f, 0xff, 0x11, 0x03, 0x01, 0xff, 0x86, 0x0f, 0x1c, 0xff, 0x02, 0x00, 0x00, 0xff,
  0x00, 0x00, 0x00, 0x00, 0x00, 0x00, 0x00, 0x00, 0x00, 0x00, 0x00, 0x00, 0x00, 0x00, 0x00, 0x00,
  0x1b, 0x12, 0x12, 0xff, 0x8e, 0x13, 0x1e, 0xff, 0x17, 0x0f, 0x0f, 0xff, 0x1f, 0x06, 0x05, 0xff,
  0x00, 0x00, 0x00, 0xff, 0x09, 0x00, 0x00, 0xff, 0x1e, 0x00, 0x02, 0xff, 0x28, 0x16, 0x17, 0xff,
  0x0a, 0x02, 0x01, 0xff, 0x35, 0x02, 0x01, 0xff, 0xc4, 0x0a, 0x18, 0xff, 0xbd, 0x06, 0x19, 0xff,
  0xbd, 0x05, 0x17, 0xff, 0xb8, 0x08, 0x1c, 0xff, 0x9a, 0x11, 0x1f, 0xff, 0x12, 0x0c, 0x0e, 0xff,
  0x1e, 0x0f, 0x0f, 0xff, 0x12, 0x03, 0x01, 0xff, 0x10, 0x00, 0x00, 0xff, 0x01, 0x01, 0x01, 0xff,
  0x79, 0x18, 0x1e, 0xff, 0x17, 0x12, 0x14, 0xff, 0x5e, 0x11, 0x16, 0xff, 0x0b, 0x06, 0x05, 0xff,
  0x00, 0x00, 0x00, 0x00, 0x00, 0x00, 0x00, 0x00, 0x00, 0x00, 0x00, 0x00, 0x00, 0x00, 0x00, 0x00,
  0x1f, 0x16, 0x16, 0xff, 0x5c, 0x04, 0x09, 0xff, 0x58, 0x08, 0x0f, 0xff, 0xa4, 0x10, 0x1c, 0xff,
  0x07, 0x00, 0x00, 0xff, 0x00, 0x00, 0x00, 0x00, 0x00, 0x00, 0x00, 0x00, 0x00, 0x00, 0x00, 0x00,
  0x00, 0x00, 0x00, 0x00, 0x00, 0x00, 0x00, 0x00, 0x00, 0x00, 0x00, 0x00, 0x00, 0x00, 0x00, 0x00,
  0x00, 0x00, 0x00, 0x00, 0x00, 0x00, 0x00, 0x00, 0x00, 0x00, 0x00, 0x00, 0x00, 0x00, 0x00, 0x00,
  0x00, 0x00, 0x00, 0x00, 0x00, 0x00, 0x00, 0x00, 0x00, 0x00, 0x00, 0x00, 0x00, 0x00, 0x00, 0x00,
  0x00, 0x00, 0x00, 0x00, 0x00, 0x00, 0x00, 0x00, 0x00, 0x00, 0x00, 0x00, 0x00, 0x00, 0x00, 0x00,
  0x00, 0x00, 0x00, 0x00, 0x00, 0x00, 0x00, 0x00, 0x00, 0x00, 0x00, 0x00, 0x00, 0x00, 0x00, 0x00,
  0x00, 0x00, 0x00, 0x00, 0x00, 0x00, 0x00, 0x00, 0x00, 0x00, 0x00, 0x00, 0x00, 0x00, 0x00, 0x00,
  0x00, 0x00, 0x00, 0x00, 0x00, 0x00, 0x00, 0x00, 0x00, 0x00, 0x00, 0x00, 0x00, 0x00, 0x00, 0x00,
  0x00, 0x00, 0x00, 0x00, 0x00, 0x00, 0x00, 0x00, 0x00, 0x00, 0x00, 0x00, 0x00, 0x00, 0x00, 0x00,
  0x00, 0x00, 0x00, 0x00, 0x00, 0x00, 0x00, 0x00, 0x00, 0x00, 0x00, 0x00, 0x00, 0x00, 0x00, 0x00,
  0x00, 0x00, 0x00, 0x00, 0x00, 0x00, 0x00, 0x00, 0x00, 0x00, 0x00, 0x00, 0x00, 0x00, 0x00, 0x00,
  0x00, 0x00, 0x00, 0x00, 0x00, 0x00, 0x00, 0x00, 0x00, 0x00, 0x00, 0x00, 0x00, 0x00, 0x00, 0x00,
  0x00, 0x00, 0x00, 0x00, 0x00, 0x00, 0x00, 0x00, 0x00, 0x00, 0x00, 0x00, 0x00, 0x00, 0x00, 0x00,
  0x00, 0x00, 0x00, 0x00, 0x00, 0x00, 0x00, 0x00, 0x00, 0x00, 0x00, 0x00, 0x00, 0x00, 0x00, 0x00,
  0x00, 0x00, 0x00, 0x00, 0x00, 0x00, 0x00, 0x00, 0x00, 0x00, 0x00, 0x00, 0x00, 0x00, 0x00, 0x00,
  0x00, 0x00, 0x00, 0x00, 0x00, 0x00, 0x00, 0x00, 0x00, 0x00, 0x00, 0x00, 0x00, 0x00, 0x00, 0x00,
  0x00, 0x00, 0x00, 0x00, 0x00, 0x00, 0x00, 0x00, 0x00, 0x00, 0x00, 0x00, 0x00, 0x00, 0x00, 0x00,
  0x00, 0x00, 0x00, 0x00, 0x00, 0x00, 0x00, 0x00, 0x00, 0x00, 0x00, 0x00, 0x00, 0x00, 0x00, 0x00,
  0x00, 0x00, 0x00, 0x00, 0x00, 0x00, 0x00, 0x00, 0x00, 0x00, 0x00, 0x00, 0x00, 0x00, 0x00, 0x00,
  0x00, 0x00, 0x00, 0x00, 0x00, 0x00, 0x00, 0x00, 0x00, 0x00, 0x00, 0x00, 0x00, 0x00, 0x00, 0x00,
  0x00, 0x00, 0x00, 0x00, 0x00, 0x00, 0x00, 0x00, 0x00, 0x00, 0x00, 0x00, 0x00, 0x00, 0x00, 0x00,
  0x00, 0x00, 0x00, 0x00, 0x00, 0x00, 0x00, 0x00, 0x00, 0x00, 0x00, 0x00, 0x00, 0x00, 0x00, 0x00,
  0x00, 0x00, 0x00, 0x00, 0x00, 0x00, 0x00, 0x00, 0x00, 0x00, 0x00, 0x00, 0x00, 0x00, 0x00, 0x00,
  0x00, 0x00, 0x00, 0x00, 0x00, 0x00, 0x00, 0x00, 0x00, 0x00, 0x00, 0x00, 0x00, 0x00, 0x00, 0x00,
  0x00, 0x00, 0x00, 0x00, 0x00, 0x00, 0x00, 0x00, 0x00, 0x00, 0x00, 0x00, 0x00, 0x00, 0x00, 0x00,
  0x00, 0x00, 0x00, 0x00, 0x00, 0x00, 0x00, 0x00, 0x00, 0x00, 0x00, 0x00, 0x00, 0x00, 0x00, 0x00,
  0x00, 0x00, 0x00, 0x00, 0x00, 0x00, 0x00, 0x00, 0x00, 0x00, 0x00, 0x00, 0x00, 0x00, 0x00, 0x00,
  0x00, 0x00, 0x00, 0x00, 0x00, 0x00, 0x00, 0x00, 0x00, 0x00, 0x00, 0x00, 0x00, 0x00, 0x00, 0x00,
  0x00, 0x00, 0x00, 0x00, 0x00, 0x00, 0x00, 0x00, 0x00, 0x00, 0x00, 0x00, 0x00, 0x00, 0x00, 0x00,
  0x00, 0x00, 0x00, 0x00, 0x00, 0x00, 0x00, 0x00, 0x00, 0x00, 0x00, 0x00, 0x00, 0x00, 0x00, 0x00,
  0x00, 0x00, 0x00, 0x00, 0x00, 0x00, 0x00, 0x00, 0x00, 0x00, 0x00, 0x00, 0x00, 0x00, 0x00, 0x00,
  0x00, 0x00, 0x00, 0x00, 0x00, 0x00, 0x00, 0x00, 0x00, 0x00, 0x00, 0x00, 0x00, 0x00, 0x00, 0x00,
  0x00, 0x00, 0x00, 0x00, 0x00, 0x00, 0x00, 0x00, 0x00, 0x00, 0x00, 0x00, 0x00, 0x00, 0x00, 0x00,
  0x00, 0x00, 0x00, 0x00, 0x00, 0x00, 0x00, 0x00, 0x00, 0x00, 0x00, 0x00, 0x00, 0x00, 0x00, 0x00,
  0x00, 0x00, 0x00, 0x00, 0x00, 0x00, 0x00, 0x00, 0x00, 0x00, 0x00, 0x00, 0x00, 0x00, 0x00, 0x00,
  0x00, 0x00, 0x00, 0x00, 0x00, 0x00, 0x00, 0x00, 0x00, 0x00, 0x00, 0x00, 0x00, 0x00, 0x00, 0x00,
  0x00, 0x00, 0x00, 0x00, 0x00, 0x00, 0x00, 0x00, 0x00, 0x00, 0x00, 0x00, 0x00, 0x00, 0x00, 0x00,
  0x00, 0x00, 0x00, 0x00, 0x00, 0x00, 0x00, 0x00, 0x00, 0x00, 0x00, 0x00, 0x00, 0x00, 0x00, 0x00,
  0x8e, 0x11, 0x1c, 0xff, 0x9f, 0x14, 0x22, 0xff, 0x89, 0x13, 0x1f, 0xff, 0x04, 0x00, 0x00, 0xff,
  0x00, 0x00, 0x00, 0x00, 0x00, 0x00, 0x00, 0x00, 0x00, 0x00, 0x00, 0x00, 0x00, 0x00, 0x00, 0x00,
  0x00, 0x00, 0x00, 0x00, 0x4e, 0x06, 0x0e, 0xff, 0x09, 0x05, 0x04, 0xff, 0x1e, 0x0f, 0x0f, 0xff,
  0x24, 0x04, 0x05, 0xff, 0x0e, 0x07, 0x06, 0xff, 0x1b, 0x0f, 0x10, 0xff, 0x4a, 0x01, 0x0a, 0xff,
  0x17, 0x00, 0x01, 0xff, 0x0e, 0x02, 0x01, 0xff, 0x60, 0x06, 0x0b, 0xff, 0x68, 0x03, 0x0c, 0xff,
  0x6a, 0x01, 0x0a, 0xff, 0x65, 0x01, 0x0c, 0xff, 0x1f, 0x02, 0x05, 0xff, 0x08, 0x00, 0x00, 0xff,
  0x50, 0x02, 0x08, 0xff, 0x22, 0x12, 0x13, 0xff, 0x00, 0x00, 0x00, 0xff, 0x06, 0x00, 0x00, 0xff,
  0x1b, 0x09, 0x08, 0xff, 0x0b, 0x09, 0x0a, 0xff, 0x6b, 0x0b, 0x11, 0xff, 0x00, 0x00, 0x00, 0x00,
  0x00, 0x00, 0x00, 0x00, 0x00, 0x00, 0x00, 0x00, 0x00, 0x00, 0x00, 0x00, 0x00, 0x00, 0x00, 0x00,
  0x1d, 0x13, 0x13, 0xff, 0x5e, 0x04, 0x08, 0xff, 0xa7, 0x11, 0x1b, 0xff, 0x9f, 0x0e, 0x1b, 0xff,
  0xe6, 0xb0, 0xab, 0xff, 0x00, 0x00, 0x00, 0x00, 0x00, 0x00, 0x00, 0x00, 0x00, 0x00, 0x00, 0x00,
  0x00, 0x00, 0x00, 0x00, 0x00, 0x00, 0x00, 0x00, 0x00, 0x00, 0x00, 0x00, 0x00, 0x00, 0x00, 0x00,
  0x00, 0x00, 0x00, 0x00, 0x00, 0x00, 0x00, 0x00, 0x00, 0x00, 0x00, 0x00, 0x00, 0x00, 0x00, 0x00,
  0x00, 0x00, 0x00, 0x00, 0x00, 0x00, 0x00, 0x00, 0x00, 0x00, 0x00, 0x00, 0x00, 0x00, 0x00, 0x00,
  0x00, 0x00, 0x00, 0x00, 0x00, 0x00, 0x00, 0x00, 0x00, 0x00, 0x00, 0x00, 0x00, 0x00, 0x00, 0x00,
  0x00, 0x00, 0x00, 0x00, 0x00, 0x00, 0x00, 0x00, 0x00, 0x00, 0x00, 0x00, 0x00, 0x00, 0x00, 0x00,
  0x00, 0x00, 0x00, 0x00, 0x00, 0x00, 0x00, 0x00, 0x00, 0x00, 0x00, 0x00, 0x00, 0x00, 0x00, 0x00,
  0x00, 0x00, 0x00, 0x00, 0x00, 0x00, 0x00, 0x00, 0x00, 0x00, 0x00, 0x00, 0x00, 0x00, 0x00, 0x00,
  0x00, 0x00, 0x00, 0x00, 0x00, 0x00, 0x00, 0x00, 0x00, 0x00, 0x00, 0x00, 0x00, 0x00, 0x00, 0x00,
  0x00, 0x00, 0x00, 0x00, 0x00, 0x00, 0x00, 0x00, 0x00, 0x00, 0x00, 0x00, 0x00, 0x00, 0x00, 0x00,
  0x00, 0x00, 0x00, 0x00, 0x00, 0x00, 0x00, 0x00, 0x00, 0x00, 0x00, 0x00, 0x00, 0x00, 0x00, 0x00,
  0x00, 0x00, 0x00, 0x00, 0x00, 0x00, 0x00, 0x00, 0x00, 0x00, 0x00, 0x00, 0x00, 0x00, 0x00, 0x00,
  0x00, 0x00, 0x00, 0x00, 0x00, 0x00, 0x00, 0x00, 0x00, 0x00, 0x00, 0x00, 0x00, 0x00, 0x00, 0x00,
  0x00, 0x00, 0x00, 0x00, 0x00, 0x00, 0x00, 0x00, 0x00, 0x00, 0x00, 0x00, 0x00, 0x00, 0x00, 0x00,
  0x00, 0x00, 0x00, 0x00, 0x00, 0x00, 0x00, 0x00, 0x00, 0x00, 0x00, 0x00, 0x00, 0x00, 0x00, 0x00,
  0x00, 0x00, 0x00, 0x00, 0x00, 0x00, 0x00, 0x00, 0x00, 0x00, 0x00, 0x00, 0x00, 0x00, 0x00, 0x00,
  0x00, 0x00, 0x00, 0x00, 0x00, 0x00, 0x00, 0x00, 0x00, 0x00, 0x00, 0x00, 0x00, 0x00, 0x00, 0x00,
  0x00, 0x00, 0x00, 0x00, 0x00, 0x00, 0x00, 0x00, 0x00, 0x00, 0x00, 0x00, 0x00, 0x00, 0x00, 0x00,
  0x00, 0x00, 0x00, 0x00, 0x00, 0x00, 0x00, 0x00, 0x00, 0x00, 0x00, 0x00, 0x00, 0x00, 0x00, 0x00,
  0x00, 0x00, 0x00, 0x00, 0x00, 0x00, 0x00, 0x00, 0x00, 0x00, 0x00, 0x00, 0x00, 0x00, 0x00, 0x00,
  0x00, 0x00, 0x00, 0x00, 0x00, 0x00, 0x00, 0x00, 0x00, 0x00, 0x00, 0x00, 0x00, 0x00, 0x00, 0x00,
  0x00, 0x00, 0x00, 0x00, 0x00, 0x00, 0x00, 0x00, 0x00, 0x00, 0x00, 0x00, 0x00, 0x00, 0x00, 0x00,
  0x00, 0x00, 0x00, 0x00, 0x00, 0x00, 0x00, 0x00, 0x00, 0x00, 0x00, 0x00, 0x00, 0x00, 0x00, 0x00,
  0x00, 0x00, 0x00, 0x00, 0x00, 0x00, 0x00, 0x00, 0x00, 0x00, 0x00, 0x00, 0x00, 0x00, 0x00, 0x00,
  0x00, 0x00, 0x00, 0x00, 0x00, 0x00, 0x00, 0x00, 0x00, 0x00, 0x00, 0x00, 0x00, 0x00, 0x00, 0x00,
  0x00, 0x00, 0x00, 0x00, 0x00, 0x00, 0x00, 0x00, 0x00, 0x00, 0x00, 0x00, 0x00, 0x00, 0x00, 0x00,
  0x00, 0x00, 0x00, 0x00, 0x00, 0x00, 0x00, 0x00, 0x00, 0x00, 0x00, 0x00, 0x00, 0x00, 0x00, 0x00,
  0x00, 0x00, 0x00, 0x00, 0x00, 0x00, 0x00, 0x00, 0x00, 0x00, 0x00, 0x00, 0x00, 0x00, 0x00, 0x00,
  0x00, 0x00, 0x00, 0x00, 0x00, 0x00, 0x00, 0x00, 0x00, 0x00, 0x00, 0x00, 0x00, 0x00, 0x00, 0x00,
  0x00, 0x00, 0x00, 0x00, 0x00, 0x00, 0x00, 0x00, 0x00, 0x00, 0x00, 0x00, 0x00, 0x00, 0x00, 0x00,
  0x00, 0x00, 0x00, 0x00, 0x00, 0x00, 0x00, 0x00, 0x00, 0x00, 0x00, 0x00, 0x00, 0x00, 0x00, 0x00,
  0x00, 0x00, 0x00, 0x00, 0x00, 0x00, 0x00, 0x00, 0x00, 0x00, 0x00, 0x00, 0x00, 0x00, 0x00, 0x00,
  0x00, 0x00, 0x00, 0x00, 0x00, 0x00, 0x00, 0x00, 0x00, 0x00, 0x00, 0x00, 0x00, 0x00, 0x00, 0x00,
  0x00, 0x00, 0x00, 0x00, 0x00, 0x00, 0x00, 0x00, 0x00, 0x00, 0x00, 0x00, 0x00, 0x00, 0x00, 0x00,
  0x00, 0x00, 0x00, 0x00, 0x00, 0x00, 0x00, 0x00, 0x00, 0x00, 0x00, 0x00, 0x00, 0x00, 0x00, 0x00,
  0x00, 0x00, 0x00, 0x00, 0x00, 0x00, 0x00, 0x00, 0x00, 0x00, 0x00, 0x00, 0x00, 0x00, 0x00, 0x00,
  0x00, 0x00, 0x00, 0x00, 0x00, 0x00, 0x00, 0x00, 0x00, 0x00, 0x00, 0x00, 0x00, 0x00, 0x00, 0x00,
  0x00, 0x00, 0x00, 0x00, 0x00, 0x00, 0x00, 0x00, 0x00, 0x00, 0x00, 0x00, 0x00, 0x00, 0x00, 0x00,
  0x27, 0x00, 0x01, 0xff, 0xa1, 0x0f, 0x1b, 0xff, 0x95, 0x15, 0x21, 0xff, 0x06, 0x00, 0x00, 0xff,
  0x00, 0x00, 0x00, 0x00, 0x00, 0x00, 0x00, 0x00, 0x00, 0x00, 0x00, 0x00, 0x00, 0x00, 0x00, 0x00,
  0x00, 0x00, 0x00, 0x00, 0x0f, 0x0c, 0x0a, 0xff, 0x75, 0x18, 0x1e, 0xff, 0x1e, 0x10, 0x12, 0xff,
  0x80, 0x28, 0x2f, 0xff, 0x13, 0x0f, 0x0f, 0xff, 0x3d, 0x11, 0x15, 0xff, 0x46, 0x00, 0x08, 0xff,
  0x4b, 0x0a, 0x12, 0xff, 0x12, 0x07, 0x07, 0xff, 0x57, 0x00, 0x0b, 0xff, 0x56, 0x03, 0x0c, 0xff,
  0x54, 0x01, 0x0b, 0xff, 0x53, 0x03, 0x0c, 0xff, 0x03, 0x00, 0x01, 0xff, 0x38, 0x0f, 0x0f, 0xff,
  0x52, 0x00, 0x06, 0xff, 0x4a, 0x00, 0x0b, 0xff, 0x18, 0x11, 0x13, 0xff, 0x44, 0x0a, 0x0e, 0xff,
  0x17, 0x10, 0x10, 0xff, 0x18, 0x00, 0x00, 0xff, 0x0b, 0x00, 0x00, 0xff, 0x00, 0x00, 0x00, 0x00,
  0x00, 0x00, 0x00, 0x00, 0x00, 0x00, 0x00, 0x00, 0x00, 0x00, 0x00, 0x00, 0x00, 0x00, 0x00, 0x00,
  0x1c, 0x13, 0x13, 0xff, 0x67, 0x07, 0x0e, 0xff, 0xaa, 0x0f, 0x1c, 0xff, 0x61, 0x0f, 0x11, 0xff,
  0x00, 0x00, 0x00, 0x00, 0x00, 0x00, 0x00, 0x00, 0x00, 0x00, 0x00, 0x00, 0x00, 0x00, 0x00, 0x00,
  0x00, 0x00, 0x00, 0x00, 0x00, 0x00, 0x00, 0x00, 0x00, 0x00, 0x00, 0x00, 0x00, 0x00, 0x00, 0x00,
  0x00, 0x00, 0x00, 0x00, 0x00, 0x00, 0x00, 0x00, 0x00, 0x00, 0x00, 0x00, 0x00, 0x00, 0x00, 0x00,
  0x00, 0x00, 0x00, 0x00, 0x00, 0x00, 0x00, 0x00, 0x00, 0x00, 0x00, 0x00, 0x00, 0x00, 0x00, 0x00,
  0x00, 0x00, 0x00, 0x00, 0x00, 0x00, 0x00, 0x00, 0x00, 0x00, 0x00, 0x00, 0x00, 0x00, 0x00, 0x00,
  0x00, 0x00, 0x00, 0x00, 0x00, 0x00, 0x00, 0x00, 0x00, 0x00, 0x00, 0x00, 0x00, 0x00, 0x00, 0x00,
  0x00, 0x00, 0x00, 0x00, 0x00, 0x00, 0x00, 0x00, 0x00, 0x00, 0x00, 0x00, 0x00, 0x00, 0x00, 0x00,
  0x00, 0x00, 0x00, 0x00, 0x00, 0x00, 0x00, 0x00, 0x00, 0x00, 0x00, 0x00, 0x00, 0x00, 0x00, 0x00,
  0x00, 0x00, 0x00, 0x00, 0x00, 0x00, 0x00, 0x00, 0x00, 0x00, 0x00, 0x00, 0x00, 0x00, 0x00, 0x00,
  0x00, 0x00, 0x00, 0x00, 0x00, 0x00, 0x00, 0x00, 0x00, 0x00, 0x00, 0x00, 0x00, 0x00, 0x00, 0x00,
  0x00, 0x00, 0x00, 0x00, 0x00, 0x00, 0x00, 0x00, 0x00, 0x00, 0x00, 0x00, 0x00, 0x00, 0x00, 0x00,
  0x00, 0x00, 0x00, 0x00, 0x00, 0x00, 0x00, 0x00, 0x00, 0x00, 0x00, 0x00, 0x00, 0x00, 0x00, 0x00,
  0x00, 0x00, 0x00, 0x00, 0x00, 0x00, 0x00, 0x00, 0x00, 0x00, 0x00, 0x00, 0x00, 0x00, 0x00, 0x00,
  0x00, 0x00, 0x00, 0x00, 0x00, 0x00, 0x00, 0x00, 0x00, 0x00, 0x00, 0x00, 0x00, 0x00, 0x00, 0x00,
  0x00, 0x00, 0x00, 0x00, 0x00, 0x00, 0x00, 0x00, 0x00, 0x00, 0x00, 0x00, 0x00, 0x00, 0x00, 0x00,
  0x00, 0x00, 0x00, 0x00, 0x00, 0x00, 0x00, 0x00, 0x00, 0x00, 0x00, 0x00, 0x00, 0x00, 0x00, 0x00,
  0x00, 0x00, 0x00, 0x00, 0x00, 0x00, 0x00, 0x00, 0x00, 0x00, 0x00, 0x00, 0x00, 0x00, 0x00, 0x00,
  0x00, 0x00, 0x00, 0x00, 0x00, 0x00, 0x00, 0x00, 0x00, 0x00, 0x00, 0x00, 0x00, 0x00, 0x00, 0x00,
  0x00, 0x00, 0x00, 0x00, 0x00, 0x00, 0x00, 0x00, 0x00, 0x00, 0x00, 0x00, 0x00, 0x00, 0x00, 0x00,
  0x00, 0x00, 0x00, 0x00, 0x00, 0x00, 0x00, 0x00, 0x00, 0x00, 0x00, 0x00, 0x00, 0x00, 0x00, 0x00,
  0x00, 0x00, 0x00, 0x00, 0x00, 0x00, 0x00, 0x00, 0x00, 0x00, 0x00, 0x00, 0x00, 0x00, 0x00, 0x00,
  0x00, 0x00, 0x00, 0x00, 0x00, 0x00, 0x00, 0x00, 0x00, 0x00, 0x00, 0x00, 0x00, 0x00, 0x00, 0x00,
  0x00, 0x00, 0x00, 0x00, 0x00, 0x00, 0x00, 0x00, 0x00, 0x00, 0x00, 0x00, 0x00, 0x00, 0x00, 0x00,
  0x00, 0x00, 0x00, 0x00, 0x00, 0x00, 0x00, 0x00, 0x00, 0x00, 0x00, 0x00, 0x00, 0x00, 0x00, 0x00,
  0x00, 0x00, 0x00, 0x00, 0x00, 0x00, 0x00, 0x00, 0x00, 0x00, 0x00, 0x00, 0x00, 0x00, 0x00, 0x00,
  0x00, 0x00, 0x00, 0x00, 0x00, 0x00, 0x00, 0x00, 0x00, 0x00, 0x00, 0x00, 0x00, 0x00, 0x00, 0x00,
  0x00, 0x00, 0x00, 0x00, 0x00, 0x00, 0x00, 0x00, 0x00, 0x00, 0x00, 0x00, 0x00, 0x00, 0x00, 0x00,
  0x00, 0x00, 0x00, 0x00, 0x00, 0x00, 0x00, 0x00, 0x00, 0x00, 0x00, 0x00, 0x00, 0x00, 0x00, 0x00,
  0x00, 0x00, 0x00, 0x00, 0x00, 0x00, 0x00, 0x00, 0x00, 0x00, 0x00, 0x00, 0x00, 0x00, 0x00, 0x00,
  0x00, 0x00, 0x00, 0x00, 0x00, 0x00, 0x00, 0x00, 0x00, 0x00, 0x00, 0x00, 0x00, 0x00, 0x00, 0x00,
  0x00, 0x00, 0x00, 0x00, 0x00, 0x00, 0x00, 0x00, 0x00, 0x00, 0x00, 0x00, 0x00, 0x00, 0x00, 0x00,
  0x00, 0x00, 0x00, 0x00, 0x00, 0x00, 0x00, 0x00, 0x00, 0x00, 0x00, 0x00, 0x00, 0x00, 0x00, 0x00,
  0x00, 0x00, 0x00, 0x00, 0x00, 0x00, 0x00, 0x00, 0x00, 0x00, 0x00, 0x00, 0x00, 0x00, 0x00, 0x00,
  0x00, 0x00, 0x00, 0x00, 0x00, 0x00, 0x00, 0x00, 0x00, 0x00, 0x00, 0x00, 0x00, 0x00, 0x00, 0x00,
  0x00, 0x00, 0x00, 0x00, 0x00, 0x00, 0x00, 0x00, 0x00, 0x00, 0x00, 0x00, 0x00, 0x00, 0x00, 0x00,
  0x00, 0x00, 0x00, 0x00, 0x00, 0x00, 0x00, 0x00, 0x00, 0x00, 0x00, 0x00, 0x00, 0x00, 0x00, 0x00,
  0x00, 0x00, 0x00, 0x00, 0x00, 0x00, 0x00, 0x00, 0x00, 0x00, 0x00, 0x00, 0x00, 0x00, 0x00, 0x00,
  0x00, 0x00, 0x00, 0x00, 0x00, 0x00, 0x00, 0x00, 0x00, 0x00, 0x00, 0x00, 0x00, 0x00, 0x00, 0x00,
  0xd9, 0xa9, 0xa3, 0xff, 0xa4, 0x0b, 0x17, 0xff, 0xa3, 0x13, 0x24, 0xff, 0x34, 0x07, 0x0c, 0xff,
  0x00, 0x00, 0x00, 0x00, 0x00, 0x00, 0x00, 0x00, 0x00, 0x00, 0x00, 0x00, 0x00, 0x00, 0x00, 0x00,
  0x00, 0x00, 0x00, 0x00, 0x00, 0x00, 0x00, 0x00, 0x4b, 0x0f, 0x0c, 0xff, 0x0f, 0x0c, 0x0c, 0xff,
  0x36, 0x17, 0x19, 0xff, 0x25, 0x1d, 0x1b, 0xff, 0x0f, 0x0c, 0x0e, 0xff, 0x42, 0x00, 0x0a, 0xff,
  0x4c, 0x02, 0x0b, 0xff, 0x2e, 0x18, 0x15, 0xff, 0x62, 0x0e, 0x11, 0xff, 0x52, 0x02, 0x0c, 0xff,
  0x54, 0x02, 0x0c, 0xff, 0x4f, 0x00, 0x09, 0xff, 0x13, 0x0f, 0x10, 0xff, 0x5d, 0x09, 0x11, 0xff,
  0x4b, 0x00, 0x07, 0xff, 0x1c, 0x0f, 0x10, 0xff, 0x14, 0x0f, 0x11, 0xff, 0x29, 0x14, 0x17, 0xff,
  0x1d, 0x0f, 0x0f, 0xff, 0x70, 0x0e, 0x16, 0xff, 0x00, 0x00, 0x00, 0x00, 0x00, 0x00, 0x00, 0x00,
  0x00, 0x00, 0x00, 0x00, 0x00, 0x00, 0x00, 0x00, 0x00, 0x00, 0x00, 0x00, 0x00, 0x00, 0x00, 0x00,
  0x0e, 0x00, 0x00, 0xff, 0x78, 0x0c, 0x13, 0xff, 0xac, 0x11, 0x1f, 0xff, 0x35, 0x22, 0x1f, 0xff,
  0x00, 0x00, 0x00, 0x00, 0x00, 0x00, 0x00, 0x00, 0x00, 0x00, 0x00, 0x00, 0x00, 0x00, 0x00, 0x00,
  0x00, 0x00, 0x00, 0x00, 0x00, 0x00, 0x00, 0x00, 0x00, 0x00, 0x00, 0x00, 0x00, 0x00, 0x00, 0x00,
  0x00, 0x00, 0x00, 0x00, 0x00, 0x00, 0x00, 0x00, 0x00, 0x00, 0x00, 0x00, 0x00, 0x00, 0x00, 0x00,
  0x00, 0x00, 0x00, 0x00, 0x00, 0x00, 0x00, 0x00, 0x00, 0x00, 0x00, 0x00, 0x00, 0x00, 0x00, 0x00,
  0x00, 0x00, 0x00, 0x00, 0x00, 0x00, 0x00, 0x00, 0x00, 0x00, 0x00, 0x00, 0x00, 0x00, 0x00, 0x00,
  0x00, 0x00, 0x00, 0x00, 0x00, 0x00, 0x00, 0x00, 0x00, 0x00, 0x00, 0x00, 0x00, 0x00, 0x00, 0x00,
  0x00, 0x00, 0x00, 0x00, 0x00, 0x00, 0x00, 0x00, 0x00, 0x00, 0x00, 0x00, 0x00, 0x00, 0x00, 0x00,
  0x00, 0x00, 0x00, 0x00, 0x00, 0x00, 0x00, 0x00, 0x00, 0x00, 0x00, 0x00, 0x00, 0x00, 0x00, 0x00,
  0x00, 0x00, 0x00, 0x00, 0x00, 0x00, 0x00, 0x00, 0x00, 0x00, 0x00, 0x00, 0x00, 0x00, 0x00, 0x00,
  0x00, 0x00, 0x00, 0x00, 0x00, 0x00, 0x00, 0x00, 0x00, 0x00, 0x00, 0x00, 0x00, 0x00, 0x00, 0x00,
  0x00, 0x00, 0x00, 0x00, 0x00, 0x00, 0x00, 0x00, 0x00, 0x00, 0x00, 0x00, 0x00, 0x00, 0x00, 0x00,
  0x00, 0x00, 0x00, 0x00, 0x00, 0x00, 0x00, 0x00, 0x00, 0x00, 0x00, 0x00, 0x00, 0x00, 0x00, 0x00,
  0x00, 0x00, 0x00, 0x00, 0x00, 0x00, 0x00, 0x00, 0x00, 0x00, 0x00, 0x00, 0x00, 0x00, 0x00, 0x00,
  0x00, 0x00, 0x00, 0x00, 0x00, 0x00, 0x00, 0x00, 0x00, 0x00, 0x00, 0x00, 0x00, 0x00, 0x00, 0x00,
  0x00, 0x00, 0x00, 0x00, 0x00, 0x00, 0x00, 0x00, 0x00, 0x00, 0x00, 0x00, 0x00, 0x00, 0x00, 0x00,
  0x00, 0x00, 0x00, 0x00, 0x00, 0x00, 0x00, 0x00, 0x00, 0x00, 0x00, 0x00, 0x00, 0x00, 0x00, 0x00,
  0x00, 0x00, 0x00, 0x00, 0x00, 0x00, 0x00, 0x00, 0x00, 0x00, 0x00, 0x00, 0x00, 0x00, 0x00, 0x00,
  0x00, 0x00, 0x00, 0x00, 0x00, 0x00, 0x00, 0x00, 0x00, 0x00, 0x00, 0x00, 0x00, 0x00, 0x00, 0x00,
  0x00, 0x00, 0x00, 0x00, 0x00, 0x00, 0x00, 0x00, 0x00, 0x00, 0x00, 0x00, 0x00, 0x00, 0x00, 0x00,
  0x00, 0x00, 0x00, 0x00, 0x00, 0x00, 0x00, 0x00, 0x00, 0x00, 0x00, 0x00, 0x00, 0x00, 0x00, 0x00,
  0x00, 0x00, 0x00, 0x00, 0x00, 0x00, 0x00, 0x00, 0x00, 0x00, 0x00, 0x00, 0x00, 0x00, 0x00, 0x00,
  0x00, 0x00, 0x00, 0x00, 0x00, 0x00, 0x00, 0x00, 0x00, 0x00, 0x00, 0x00, 0x00, 0x00, 0x00, 0x00,
  0x00, 0x00, 0x00, 0x00, 0x00, 0x00, 0x00, 0x00, 0x00, 0x00, 0x00, 0x00, 0x00, 0x00, 0x00, 0x00,
  0x00, 0x00, 0x00, 0x00, 0x00, 0x00, 0x00, 0x00, 0x00, 0x00, 0x00, 0x00, 0x00, 0x00, 0x00, 0x00,
  0x00, 0x00, 0x00, 0x00, 0x00, 0x00, 0x00, 0x00, 0x00, 0x00, 0x00, 0x00, 0x00, 0x00, 0x00, 0x00,
  0x00, 0x00, 0x00, 0x00, 0x00, 0x00, 0x00, 0x00, 0x00, 0x00, 0x00, 0x00, 0x00, 0x00, 0x00, 0x00,
  0x00, 0x00, 0x00, 0x00, 0x00, 0x00, 0x00, 0x00, 0x00, 0x00, 0x00, 0x00, 0x00, 0x00, 0x00, 0x00,
  0x00, 0x00, 0x00, 0x00, 0x00, 0x00, 0x00, 0x00, 0x00, 0x00, 0x00, 0x00, 0x00, 0x00, 0x00, 0x00,
  0x00, 0x00, 0x00, 0x00, 0x00, 0x00, 0x00, 0x00, 0x00, 0x00, 0x00, 0x00, 0x00, 0x00, 0x00, 0x00,
  0x00, 0x00, 0x00, 0x00, 0x00, 0x00, 0x00, 0x00, 0x00, 0x00, 0x00, 0x00, 0x00, 0x00, 0x00, 0x00,
  0x00, 0x00, 0x00, 0x00, 0x00, 0x00, 0x00, 0x00, 0x00, 0x00, 0x00, 0x00, 0x00, 0x00, 0x00, 0x00,
  0x00, 0x00, 0x00, 0x00, 0x00, 0x00, 0x00, 0x00, 0x00, 0x00, 0x00, 0x00, 0x00, 0x00, 0x00, 0x00,
  0x00, 0x00, 0x00, 0x00, 0x00, 0x00, 0x00, 0x00, 0x00, 0x00, 0x00, 0x00, 0x00, 0x00, 0x00, 0x00,
  0x00, 0x00, 0x00, 0x00, 0x00, 0x00, 0x00, 0x00, 0x00, 0x00, 0x00, 0x00, 0x00, 0x00, 0x00, 0x00,
  0x00, 0x00, 0x00, 0x00, 0x00, 0x00, 0x00, 0x00, 0x00, 0x00, 0x00, 0x00, 0x00, 0x00, 0x00, 0x00,
  0x00, 0x00, 0x00, 0x00, 0x00, 0x00, 0x00, 0x00, 0x00, 0x00, 0x00, 0x00, 0x00, 0x00, 0x00, 0x00,
  0x00, 0x00, 0x00, 0x00, 0x00, 0x00, 0x00, 0x00, 0x00, 0x00, 0x00, 0x00, 0x00, 0x00, 0x00, 0x00,
  0x00, 0x00, 0x00, 0x00, 0x00, 0x00, 0x00, 0x00, 0x00, 0x00, 0x00, 0x00, 0x00, 0x00, 0x00, 0x00,
  0x00, 0x00, 0x00, 0x00, 0x36, 0x03, 0x01, 0xff, 0xad, 0x0c, 0x1c, 0xff, 0x70, 0x1c, 0x21, 0xff,
  0x00, 0x00, 0x00, 0x00, 0x00, 0x00, 0x00, 0x00, 0x00, 0x00, 0x00, 0x00, 0x00, 0x00, 0x00, 0x00,
  0x00, 0x00, 0x00, 0x00, 0x00, 0x00, 0x00, 0x00, 0x38, 0x2b, 0x2d, 0xff, 0x03, 0x03, 0x01, 0xff,
  0x0f, 0x0a, 0x08, 0xff, 0x28, 0x13, 0x10, 0xff, 0x28, 0x1c, 0x1c, 0xff, 0x0f, 0x0c, 0x0a, 0xff,
  0x41, 0x00, 0x08, 0xff, 0x34, 0x1b, 0x19, 0xff, 0x87, 0x2d, 0x30, 0xff, 0x54, 0x02, 0x0c, 0xff,
  0x52, 0x01, 0x0c, 0xff, 0x6c, 0x1c, 0x22, 0xff, 0x31, 0x1f, 0x21, 0xff, 0x4e, 0x00, 0x06, 0xff,
  0x29, 0x19, 0x18, 0xff, 0x21, 0x18, 0x1b, 0xff, 0x19, 0x12, 0x12, 0xff, 0x21, 0x18, 0x1b, 0xff,
  0x00, 0x01, 0x00, 0xff, 0x01, 0x00, 0x00, 0xff, 0x00, 0x00, 0x00, 0x00, 0x00, 0x00, 0x00, 0x00,
  0x00, 0x00, 0x00, 0x00, 0x00, 0x00, 0x00, 0x00, 0x00, 0x00, 0x00, 0x00, 0x00, 0x00, 0x00, 0x00,
  0x1c, 0x02, 0x04, 0xff, 0x9c, 0x13, 0x1f, 0xff, 0x94, 0x15, 0x1e, 0xff, 0xe2, 0xac, 0xa8, 0xff,
  0x00, 0x00, 0x00, 0x00, 0x00, 0x00, 0x00, 0x00, 0x00, 0x00, 0x00, 0x00, 0x00, 0x00, 0x00, 0x00,
  0x00, 0x00, 0x00, 0x00, 0x00, 0x00, 0x00, 0x00, 0x00, 0x00, 0x00, 0x00, 0x00, 0x00, 0x00, 0x00,
  0x00, 0x00, 0x00, 0x00, 0x00, 0x00, 0x00, 0x00, 0x00, 0x00, 0x00, 0x00, 0x00, 0x00, 0x00, 0x00,
  0x00, 0x00, 0x00, 0x00, 0x00, 0x00, 0x00, 0x00, 0x00, 0x00, 0x00, 0x00, 0x00, 0x00, 0x00, 0x00,
  0x00, 0x00, 0x00, 0x00, 0x00, 0x00, 0x00, 0x00, 0x00, 0x00, 0x00, 0x00, 0x00, 0x00, 0x00, 0x00,
  0x00, 0x00, 0x00, 0x00, 0x00, 0x00, 0x00, 0x00, 0x00, 0x00, 0x00, 0x00, 0x00, 0x00, 0x00, 0x00,
  0x00, 0x00, 0x00, 0x00, 0x00, 0x00, 0x00, 0x00, 0x00, 0x00, 0x00, 0x00, 0x00, 0x00, 0x00, 0x00,
  0x00, 0x00, 0x00, 0x00, 0x00, 0x00, 0x00, 0x00, 0x00, 0x00, 0x00, 0x00, 0x00, 0x00, 0x00, 0x00,
  0x00, 0x00, 0x00, 0x00, 0x00, 0x00, 0x00, 0x00, 0x00, 0x00, 0x00, 0x00, 0x00, 0x00, 0x00, 0x00,
  0x00, 0x00, 0x00, 0x00, 0x00, 0x00, 0x00, 0x00, 0x00, 0x00, 0x00, 0x00, 0x00, 0x00, 0x00, 0x00,
  0x00, 0x00, 0x00, 0x00, 0x00, 0x00, 0x00, 0x00, 0x00, 0x00, 0x00, 0x00, 0x00, 0x00, 0x00, 0x00,
  0x00, 0x00, 0x00, 0x00, 0x00, 0x00, 0x00, 0x00, 0x00, 0x00, 0x00, 0x00, 0x00, 0x00, 0x00, 0x00,
  0x00, 0x00, 0x00, 0x00, 0x00, 0x00, 0x00, 0x00, 0x00, 0x00, 0x00, 0x00, 0x00, 0x00, 0x00, 0x00,
  0x00, 0x00, 0x00, 0x00, 0x00, 0x00, 0x00, 0x00, 0x00, 0x00, 0x00, 0x00, 0x00, 0x00, 0x00, 0x00,
  0x00, 0x00, 0x00, 0x00, 0x00, 0x00, 0x00, 0x00, 0x00, 0x00, 0x00, 0x00, 0x00, 0x00, 0x00, 0x00,
  0x00, 0x00, 0x00, 0x00, 0x00, 0x00, 0x00, 0x00, 0x00, 0x00, 0x00, 0x00, 0x00, 0x00, 0x00, 0x00,
  0x00, 0x00, 0x00, 0x00, 0x00, 0x00, 0x00, 0x00, 0x00, 0x00, 0x00, 0x00, 0x00, 0x00, 0x00, 0x00,
  0x00, 0x00, 0x00, 0x00, 0x00, 0x00, 0x00, 0x00, 0x00, 0x00, 0x00, 0x00, 0x00, 0x00, 0x00, 0x00,
  0x00, 0x00, 0x00, 0x00, 0x00, 0x00, 0x00, 0x00, 0x00, 0x00, 0x00, 0x00, 0x00, 0x00, 0x00, 0x00,
  0x00, 0x00, 0x00, 0x00, 0x00, 0x00, 0x00, 0x00, 0x00, 0x00, 0x00, 0x00, 0x00, 0x00, 0x00, 0x00,
  0x00, 0x00, 0x00, 0x00, 0x00, 0x00, 0x00, 0x00, 0x00, 0x00, 0x00, 0x00, 0x00, 0x00, 0x00, 0x00,
  0x00, 0x00, 0x00, 0x00, 0x00, 0x00, 0x00, 0x00, 0x00, 0x00, 0x00, 0x00, 0x00, 0x00, 0x00, 0x00,
  0x00, 0x00, 0x00, 0x00, 0x00, 0x00, 0x00, 0x00, 0x00, 0x00, 0x00, 0x00, 0x00, 0x00, 0x00, 0x00,
  0x00, 0x00, 0x00, 0x00, 0x00, 0x00, 0x00, 0x00, 0x00, 0x00, 0x00, 0x00, 0x00, 0x00, 0x00, 0x00,
  0x00, 0x00, 0x00, 0x00, 0x00, 0x00, 0x00, 0x00, 0x00, 0x00, 0x00, 0x00, 0x00, 0x00, 0x00, 0x00,
  0x00, 0x00, 0x00, 0x00, 0x00, 0x00, 0x00, 0x00, 0x00, 0x00, 0x00, 0x00, 0x00, 0x00, 0x00, 0x00,
  0x00, 0x00, 0x00, 0x00, 0x00, 0x00, 0x00, 0x00, 0x00, 0x00, 0x00, 0x00, 0x00, 0x00, 0x00, 0x00,
  0x00, 0x00, 0x00, 0x00, 0x00, 0x00, 0x00, 0x00, 0x00, 0x00, 0x00, 0x00, 0x00, 0x00, 0x00, 0x00,
  0x00, 0x00, 0x00, 0x00, 0x00, 0x00, 0x00, 0x00, 0x00, 0x00, 0x00, 0x00, 0x00, 0x00, 0x00, 0x00,
  0x00, 0x00, 0x00, 0x00, 0x00, 0x00, 0x00, 0x00, 0x00, 0x00, 0x00, 0x00, 0x00, 0x00, 0x00, 0x00,
  0x00, 0x00, 0x00, 0x00, 0x00, 0x00, 0x00, 0x00, 0x00, 0x00, 0x00, 0x00, 0x00, 0x00, 0x00, 0x00,
  0x00, 0x00, 0x00, 0x00, 0x00, 0x00, 0x00, 0x00, 0x00, 0x00, 0x00, 0x00, 0x00, 0x00, 0x00, 0x00,
  0x00, 0x00, 0x00, 0x00, 0x00, 0x00, 0x00, 0x00, 0x00, 0x00, 0x00, 0x00, 0x00, 0x00, 0x00, 0x00,
  0x00, 0x00, 0x00, 0x00, 0x00, 0x00, 0x00, 0x00, 0x00, 0x00, 0x00, 0x00, 0x00, 0x00, 0x00, 0x00,
  0x00, 0x00, 0x00, 0x00, 0x00, 0x00, 0x00, 0x00, 0x00, 0x00, 0x00, 0x00, 0x00, 0x00, 0x00, 0x00,
  0x00, 0x00, 0x00, 0x00, 0x00, 0x00, 0x00, 0x00, 0x00, 0x00, 0x00, 0x00, 0x00, 0x00, 0x00, 0x00,
  0x00, 0x00, 0x00, 0x00, 0x00, 0x00, 0x00, 0x00, 0x00, 0x00, 0x00, 0x00, 0x00, 0x00, 0x00, 0x00,
  0x00, 0x00, 0x00, 0x00, 0x00, 0x00, 0x00, 0x00, 0x00, 0x00, 0x00, 0x00, 0x00, 0x00, 0x00, 0x00,
  0x00, 0x00, 0x00, 0x00, 0x5e, 0x47, 0x43, 0xff, 0xac, 0x10, 0x18, 0xff, 0x7d, 0x1f, 0x28, 0xff,
  0x00, 0x00, 0x00, 0x00, 0x00, 0x00, 0x00, 0x00, 0x00, 0x00, 0x00, 0x00, 0x00, 0x00, 0x00, 0x00,
  0x00, 0x00, 0x00, 0x00, 0x00, 0x00, 0x00, 0x00, 0x70, 0x56, 0x52, 0xff, 0x00, 0x00, 0x00, 0xff,
  0x12, 0x0f, 0x0f, 0xff, 0xa0, 0x2e, 0x3a, 0xff, 0x27, 0x15, 0x17, 0xff, 0x1f, 0x15, 0x15, 0xff,
  0x0f, 0x0a, 0x0c, 0xff, 0x11, 0x06, 0x05, 0xff, 0x38, 0x0c, 0x0c, 0xff, 0x4c, 0x02, 0x0c, 0xff,
  0x50, 0x01, 0x0c, 0xff, 0x40, 0x08, 0x11, 0xff, 0x15, 0x10, 0x10, 0xff, 0x0a, 0x05, 0x04, 0xff,
  0x25, 0x1f, 0x1e, 0xff, 0x1c, 0x13, 0x14, 0xff, 0x65, 0x1b, 0x20, 0xff, 0x21, 0x17, 0x17, 0xff,
  0x03, 0x02, 0x03, 0xff, 0x12, 0x0f, 0x0f, 0xff, 0x00, 0x00, 0x00, 0x00, 0x00, 0x00, 0x00, 0x00,
  0x00, 0x00, 0x00, 0x00, 0x00, 0x00, 0x00, 0x00, 0x00, 0x00, 0x00, 0x00, 0x00, 0x00, 0x00, 0x00,
  0x20, 0x01, 0x02, 0xff, 0xab, 0x17, 0x24, 0xff, 0x1f, 0x00, 0x00, 0xff, 0x00, 0x00, 0x00, 0x00,
  0x00, 0x00, 0x00, 0x00, 0x00, 0x00, 0x00, 0x00, 0x00, 0x00, 0x00, 0x00, 0x00, 0x00, 0x00, 0x00,
  0x00, 0x00, 0x00, 0x00, 0x00, 0x00, 0x00, 0x00, 0x00, 0x00, 0x00, 0x00, 0x00, 0x00, 0x00, 0x00,
  0x00, 0x00, 0x00, 0x00, 0x00, 0x00, 0x00, 0x00, 0x00, 0x00, 0x00, 0x00, 0x00, 0x00, 0x00, 0x00,
  0x00, 0x00, 0x00, 0x00, 0x00, 0x00, 0x00, 0x00, 0x00, 0x00, 0x00, 0x00, 0x00, 0x00, 0x00, 0x00,
  0x00, 0x00, 0x00, 0x00, 0x00, 0x00, 0x00, 0x00, 0x00, 0x00, 0x00, 0x00, 0x00, 0x00, 0x00, 0x00,
  0x00, 0x00, 0x00, 0x00, 0x00, 0x00, 0x00, 0x00, 0x00, 0x00, 0x00, 0x00, 0x00, 0x00, 0x00, 0x00,
  0x00, 0x00, 0x00, 0x00, 0x00, 0x00, 0x00, 0x00, 0x00, 0x00, 0x00, 0x00, 0x00, 0x00, 0x00, 0x00,
  0x00, 0x00, 0x00, 0x00, 0x00, 0x00, 0x00, 0x00, 0x00, 0x00, 0x00, 0x00, 0x00, 0x00, 0x00, 0x00,
  0x00, 0x00, 0x00, 0x00, 0x00, 0x00, 0x00, 0x00, 0x00, 0x00, 0x00, 0x00, 0x00, 0x00, 0x00, 0x00,
  0x00, 0x00, 0x00, 0x00, 0x00, 0x00, 0x00, 0x00, 0x00, 0x00, 0x00, 0x00, 0x00, 0x00, 0x00, 0x00,
  0x00, 0x00, 0x00, 0x00, 0x00, 0x00, 0x00, 0x00, 0x00, 0x00, 0x00, 0x00, 0x00, 0x00, 0x00, 0x00,
  0x00, 0x00, 0x00, 0x00, 0x00, 0x00, 0x00, 0x00, 0x00, 0x00, 0x00, 0x00, 0x00, 0x00, 0x00, 0x00,
  0x00, 0x00, 0x00, 0x00, 0x00, 0x00, 0x00, 0x00, 0x00, 0x00, 0x00, 0x00, 0x00, 0x00, 0x00, 0x00,
  0x00, 0x00, 0x00, 0x00, 0x00, 0x00, 0x00, 0x00, 0x00, 0x00, 0x00, 0x00, 0x00, 0x00, 0x00, 0x00,
  0x00, 0x00, 0x00, 0x00, 0x00, 0x00, 0x00, 0x00, 0x00, 0x00, 0x00, 0x00, 0x00, 0x00, 0x00, 0x00,
  0x00, 0x00, 0x00, 0x00, 0x00, 0x00, 0x00, 0x00, 0x00, 0x00, 0x00, 0x00, 0x00, 0x00, 0x00, 0x00,
  0x00, 0x00, 0x00, 0x00, 0x00, 0x00, 0x00, 0x00, 0x00, 0x00, 0x00, 0x00, 0x00, 0x00, 0x00, 0x00,
  0x00, 0x00, 0x00, 0x00, 0x00, 0x00, 0x00, 0x00, 0x00, 0x00, 0x00, 0x00, 0x00, 0x00, 0x00, 0x00,
  0x00, 0x00, 0x00, 0x00, 0x00, 0x00, 0x00, 0x00, 0x00, 0x00, 0x00, 0x00, 0x00, 0x00, 0x00, 0x00,
  0x00, 0x00, 0x00, 0x00, 0x00, 0x00, 0x00, 0x00, 0x00, 0x00, 0x00, 0x00, 0x00, 0x00, 0x00, 0x00,
  0x00, 0x00, 0x00, 0x00, 0x00, 0x00, 0x00, 0x00, 0x00, 0x00, 0x00, 0x00, 0x00, 0x00, 0x00, 0x00,
  0x00, 0x00, 0x00, 0x00, 0x00, 0x00, 0x00, 0x00, 0x00, 0x00, 0x00, 0x00, 0x00, 0x00, 0x00, 0x00,
  0x00, 0x00, 0x00, 0x00, 0x00, 0x00, 0x00, 0x00, 0x00, 0x00, 0x00, 0x00, 0x00, 0x00, 0x00, 0x00,
  0x00, 0x00, 0x00, 0x00, 0x00, 0x00, 0x00, 0x00, 0x00, 0x00, 0x00, 0x00, 0x00, 0x00, 0x00, 0x00,
  0x00, 0x00, 0x00, 0x00, 0x00, 0x00, 0x00, 0x00, 0x00, 0x00, 0x00, 0x00, 0x00, 0x00, 0x00, 0x00,
  0x00, 0x00, 0x00, 0x00, 0x00, 0x00, 0x00, 0x00, 0x00, 0x00, 0x00, 0x00, 0x00, 0x00, 0x00, 0x00,
  0x00, 0x00, 0x00, 0x00, 0x00, 0x00, 0x00, 0x00, 0x00, 0x00, 0x00, 0x00, 0x00, 0x00, 0x00, 0x00,
  0x00, 0x00, 0x00, 0x00, 0x00, 0x00, 0x00, 0x00, 0x00, 0x00, 0x00, 0x00, 0x00, 0x00, 0x00, 0x00,
  0x00, 0x00, 0x00, 0x00, 0x00, 0x00, 0x00, 0x00, 0x00, 0x00, 0x00, 0x00, 0x00, 0x00, 0x00, 0x00,
  0x00, 0x00, 0x00, 0x00, 0x00, 0x00, 0x00, 0x00, 0x00, 0x00, 0x00, 0x00, 0x00, 0x00, 0x00, 0x00,
  0x00, 0x00, 0x00, 0x00, 0x00, 0x00, 0x00, 0x00, 0x00, 0x00, 0x00, 0x00, 0x00, 0x00, 0x00, 0x00,
  0x00, 0x00, 0x00, 0x00, 0x00, 0x00, 0x00, 0x00, 0x00, 0x00, 0x00, 0x00, 0x00, 0x00, 0x00, 0x00,
  0x00, 0x00, 0x00, 0x00, 0x00, 0x00, 0x00, 0x00, 0x00, 0x00, 0x00, 0x00, 0x00, 0x00, 0x00, 0x00,
  0x00, 0x00, 0x00, 0x00, 0x00, 0x00, 0x00, 0x00, 0x00, 0x00, 0x00, 0x00, 0x00, 0x00, 0x00, 0x00,
  0x00, 0x00, 0x00, 0x00, 0x00, 0x00, 0x00, 0x00, 0x00, 0x00, 0x00, 0x00, 0x00, 0x00, 0x00, 0x00,
  0x00, 0x00, 0x00, 0x00, 0x00, 0x00, 0x00, 0x00, 0x00, 0x00, 0x00, 0x00, 0x00, 0x00, 0x00, 0x00,
  0x00, 0x00, 0x00, 0x00, 0x00, 0x00, 0x00, 0x00, 0x00, 0x00, 0x00, 0x00, 0x00, 0x00, 0x00, 0x00,
  0x00, 0x00, 0x00, 0x00, 0x00, 0x00, 0x00, 0x00, 0x00, 0x00, 0x00, 0x00, 0x00, 0x00, 0x00, 0x00,
  0x00, 0x00, 0x00, 0x00, 0x00, 0x00, 0x00, 0x00, 0x6d, 0x11, 0x15, 0xff, 0x83, 0x1f, 0x24, 0xff,
  0x00, 0x00, 0x00, 0x00, 0x00, 0x00, 0x00, 0x00, 0x00, 0x00, 0x00, 0x00, 0x00, 0x00, 0x00, 0x00,
  0x00, 0x00, 0x00, 0x00, 0x00, 0x00, 0x00, 0x00, 0x85, 0x67, 0x62, 0xff, 0x18, 0x13, 0x14, 0xff,
  0x00, 0x00, 0x00, 0xff, 0x20, 0x11, 0x11, 0xff, 0x3e, 0x0e, 0x14, 0xff, 0x24, 0x0c, 0x0f, 0xff,
  0x0b, 0x09, 0x08, 0xff, 0x02, 0x01, 0x01, 0xff, 0x12, 0x02, 0x03, 0xff, 0x4f, 0x0a, 0x11, 0xff,
  0x5a, 0x10, 0x16, 0xff, 0x2f, 0x0c, 0x0f, 0xff, 0x00, 0x00, 0x00, 0xff, 0x15, 0x0f, 0x0f, 0xff,
  0x2a, 0x1c, 0x1f, 0xff, 0x35, 0x0b, 0x0c, 0xff, 0x20, 0x16, 0x15, 0xff, 0x00, 0x00, 0x00, 0xff,
  0x18, 0x12, 0x13, 0xff, 0x1b, 0x14, 0x12, 0xff, 0x00, 0x00, 0x00, 0x00, 0x00, 0x00, 0x00, 0x00,
  0x00, 0x00, 0x00, 0x00, 0x00, 0x00, 0x00, 0x00, 0x00, 0x00, 0x00, 0x00, 0x00, 0x00, 0x00, 0x00,
  0x24, 0x02, 0x02, 0xff, 0xa7, 0x19, 0x22, 0xff, 0x00, 0x00, 0x00, 0x00, 0x00, 0x00, 0x00, 0x00,
  0x00, 0x00, 0x00, 0x00, 0x00, 0x00, 0x00, 0x00, 0x00, 0x00, 0x00, 0x00, 0x00, 0x00, 0x00, 0x00,
  0x00, 0x00, 0x00, 0x00, 0x00, 0x00, 0x00, 0x00, 0x00, 0x00, 0x00, 0x00, 0x00, 0x00, 0x00, 0x00,
  0x00, 0x00, 0x00, 0x00, 0x00, 0x00, 0x00, 0x00, 0x00, 0x00, 0x00, 0x00, 0x00, 0x00, 0x00, 0x00,
  0x00, 0x00, 0x00, 0x00, 0x00, 0x00, 0x00, 0x00, 0x00, 0x00, 0x00, 0x00, 0x00, 0x00, 0x00, 0x00,
  0x00, 0x00, 0x00, 0x00, 0x00, 0x00, 0x00, 0x00, 0x00, 0x00, 0x00, 0x00, 0x00, 0x00, 0x00, 0x00,
  0x00, 0x00, 0x00, 0x00, 0x00, 0x00, 0x00, 0x00, 0x00, 0x00, 0x00, 0x00, 0x00, 0x00, 0x00, 0x00,
  0x00, 0x00, 0x00, 0x00, 0x00, 0x00, 0x00, 0x00, 0x00, 0x00, 0x00, 0x00, 0x00, 0x00, 0x00, 0x00,
  0x00, 0x00, 0x00, 0x00, 0x00, 0x00, 0x00, 0x00, 0x00, 0x00, 0x00, 0x00, 0x00, 0x00, 0x00, 0x00,
  0x00, 0x00, 0x00, 0x00, 0x00, 0x00, 0x00, 0x00, 0x00, 0x00, 0x00, 0x00, 0x00, 0x00, 0x00, 0x00,
  0x00, 0x00, 0x00, 0x00, 0x00, 0x00, 0x00, 0x00, 0x00, 0x00, 0x00, 0x00, 0x00, 0x00, 0x00, 0x00,
  0x00, 0x00, 0x00, 0x00, 0x00, 0x00, 0x00, 0x00, 0x00, 0x00, 0x00, 0x00, 0x00, 0x00, 0x00, 0x00,
  0x00, 0x00, 0x00, 0x00, 0x00, 0x00, 0x00, 0x00, 0x00, 0x00, 0x00, 0x00, 0x00, 0x00, 0x00, 0x00,
  0x00, 0x00, 0x00, 0x00, 0x00, 0x00, 0x00, 0x00, 0x00, 0x00, 0x00, 0x00, 0x00, 0x00, 0x00, 0x00,
  0x00, 0x00, 0x00, 0x00, 0x00, 0x00, 0x00, 0x00, 0x00, 0x00, 0x00, 0x00, 0x00, 0x00, 0x00, 0x00,
  0x00, 0x00, 0x00, 0x00, 0x00, 0x00, 0x00, 0x00, 0x00, 0x00, 0x00, 0x00, 0x00, 0x00, 0x00, 0x00,
  0x00, 0x00, 0x00, 0x00, 0x00, 0x00, 0x00, 0x00, 0x00, 0x00, 0x00, 0x00, 0x00, 0x00, 0x00, 0x00,
  0x00, 0x00, 0x00, 0x00, 0x00, 0x00, 0x00, 0x00, 0x00, 0x00, 0x00, 0x00, 0x00, 0x00, 0x00, 0x00,
  0x00, 0x00, 0x00, 0x00, 0x00, 0x00, 0x00, 0x00, 0x00, 0x00, 0x00, 0x00, 0x00, 0x00, 0x00, 0x00,
  0x00, 0x00, 0x00, 0x00, 0x00, 0x00, 0x00, 0x00, 0x00, 0x00, 0x00, 0x00, 0x00, 0x00, 0x00, 0x00,
  0x00, 0x00, 0x00, 0x00, 0x00, 0x00, 0x00, 0x00, 0x00, 0x00, 0x00, 0x00, 0x00, 0x00, 0x00, 0x00,
  0x00, 0x00, 0x00, 0x00, 0x00, 0x00, 0x00, 0x00, 0x00, 0x00, 0x00, 0x00, 0x00, 0x00, 0x00, 0x00,
  0x00, 0x00, 0x00, 0x00, 0x00, 0x00, 0x00, 0x00, 0x00, 0x00, 0x00, 0x00, 0x00, 0x00, 0x00, 0x00,
  0x00, 0x00, 0x00, 0x00, 0x00, 0x00, 0x00, 0x00, 0x00, 0x00, 0x00, 0x00, 0x00, 0x00, 0x00, 0x00,
  0x00, 0x00, 0x00, 0x00, 0x00, 0x00, 0x00, 0x00, 0x00, 0x00, 0x00, 0x00, 0x00, 0x00, 0x00, 0x00,
  0x00, 0x00, 0x00, 0x00, 0x00, 0x00, 0x00, 0x00, 0x00, 0x00, 0x00, 0x00, 0x00, 0x00, 0x00, 0x00,
  0x00, 0x00, 0x00, 0x00, 0x00, 0x00, 0x00, 0x00, 0x00, 0x00, 0x00, 0x00, 0x00, 0x00, 0x00, 0x00,
  0x00, 0x00, 0x00, 0x00, 0x00, 0x00, 0x00, 0x00, 0x00, 0x00, 0x00, 0x00, 0x00, 0x00, 0x00, 0x00,
  0x00, 0x00, 0x00, 0x00, 0x00, 0x00, 0x00, 0x00, 0x00, 0x00, 0x00, 0x00, 0x00, 0x00, 0x00, 0x00,
  0x00, 0x00, 0x00, 0x00, 0x00, 0x00, 0x00, 0x00, 0x00, 0x00, 0x00, 0x00, 0x00, 0x00, 0x00, 0x00,
  0x00, 0x00, 0x00, 0x00, 0x00, 0x00, 0x00, 0x00, 0x00, 0x00, 0x00, 0x00, 0x00, 0x00, 0x00, 0x00,
  0x00, 0x00, 0x00, 0x00, 0x00, 0x00, 0x00, 0x00, 0x00, 0x00, 0x00, 0x00, 0x00, 0x00, 0x00, 0x00,
  0x00, 0x00, 0x00, 0x00, 0x00, 0x00, 0x00, 0x00, 0x00, 0x00, 0x00, 0x00, 0x00, 0x00, 0x00, 0x00,
  0x00, 0x00, 0x00, 0x00, 0x00, 0x00, 0x00, 0x00, 0x00, 0x00, 0x00, 0x00, 0x00, 0x00, 0x00, 0x00,
  0x00, 0x00, 0x00, 0x00, 0x00, 0x00, 0x00, 0x00, 0x00, 0x00, 0x00, 0x00, 0x00, 0x00, 0x00, 0x00,
  0x00, 0x00, 0x00, 0x00, 0x00, 0x00, 0x00, 0x00, 0x00, 0x00, 0x00, 0x00, 0x00, 0x00, 0x00, 0x00,
  0x00, 0x00, 0x00, 0x00, 0x00, 0x00, 0x00, 0x00, 0x00, 0x00, 0x00, 0x00, 0x00, 0x00, 0x00, 0x00,
  0x00, 0x00, 0x00, 0x00, 0x00, 0x00, 0x00, 0x00, 0x00, 0x00, 0x00, 0x00, 0x00, 0x00, 0x00, 0x00,
  0x00, 0x00, 0x00, 0x00, 0x00, 0x00, 0x00, 0x00, 0x00, 0x00, 0x00, 0x00, 0x00, 0x00, 0x00, 0x00,
  0x00, 0x00, 0x00, 0x00, 0x00, 0x00, 0x00, 0x00, 0x0e, 0x0a, 0x07, 0xff, 0x8d, 0x1b, 0x1f, 0xff,
  0x00, 0x00, 0x00, 0x00, 0x00, 0x00, 0x00, 0x00, 0x00, 0x00, 0x00, 0x00, 0x00, 0x00, 0x00, 0x00,
  0x00, 0x00, 0x00, 0x00, 0x00, 0x00, 0x00, 0x00, 0x00, 0x00, 0x00, 0x00, 0x0f, 0x0c, 0x0c, 0xff,
  0x25, 0x1e, 0x1e, 0xff, 0x00, 0x00, 0x00, 0xff, 0x1c, 0x0c, 0x0f, 0xff, 0x24, 0x08, 0x0a, 0xff,
  0x28, 0x0f, 0x0f, 0xff, 0x14, 0x0f, 0x0f, 0xff, 0x1c, 0x12, 0x13, 0xff, 0x0e, 0x0a, 0x0b, 0xff,
  0x0f, 0x0c, 0x0b, 0xff, 0x0c, 0x0a, 0x09, 0xff, 0x13, 0x0f, 0x10, 0xff, 0x18, 0x13, 0x14, 0xff,
  0x2d, 0x0a, 0x0b, 0xff, 0x22, 0x13, 0x16, 0xff, 0x00, 0x00, 0x00, 0xff, 0x1e, 0x16, 0x16, 0xff,
  0x10, 0x0e, 0x0c, 0xff, 0xca, 0x9c, 0x98, 0xff, 0x00, 0x00, 0x00, 0x00, 0x00, 0x00, 0x00, 0x00,
  0x00, 0x00, 0x00, 0x00, 0x00, 0x00, 0x00, 0x00, 0x00, 0x00, 0x00, 0x00, 0x00, 0x00, 0x00, 0x00,
  0x2e, 0x02, 0x05, 0xff, 0x17, 0x00, 0x00, 0xff, 0x00, 0x00, 0x00, 0x00, 0x00, 0x00, 0x00, 0x00,
  0x00, 0x00, 0x00, 0x00, 0x00, 0x00, 0x00, 0x00, 0x00, 0x00, 0x00, 0x00, 0x00, 0x00, 0x00, 0x00,
  0x00, 0x00, 0x00, 0x00, 0x00, 0x00, 0x00, 0x00, 0x00, 0x00, 0x00, 0x00, 0x00, 0x00, 0x00, 0x00,
  0x00, 0x00, 0x00, 0x00, 0x00, 0x00, 0x00, 0x00, 0x00, 0x00, 0x00, 0x00, 0x00, 0x00, 0x00, 0x00,
  0x00, 0x00, 0x00, 0x00, 0x00, 0x00, 0x00, 0x00, 0x00, 0x00, 0x00, 0x00, 0x00, 0x00, 0x00, 0x00,
  0x00, 0x00, 0x00, 0x00, 0x00, 0x00, 0x00, 0x00, 0x00, 0x00, 0x00, 0x00, 0x00, 0x00, 0x00, 0x00,
  0x00, 0x00, 0x00, 0x00, 0x00, 0x00, 0x00, 0x00, 0x00, 0x00, 0x00, 0x00, 0x00, 0x00, 0x00, 0x00,
  0x00, 0x00, 0x00, 0x00, 0x00, 0x00, 0x00, 0x00, 0x00, 0x00, 0x00, 0x00, 0x00, 0x00, 0x00, 0x00,
  0x00, 0x00, 0x00, 0x00, 0x00, 0x00, 0x00, 0x00, 0x00, 0x00, 0x00, 0x00, 0x00, 0x00, 0x00, 0x00,
  0x00, 0x00, 0x00, 0x00, 0x00, 0x00, 0x00, 0x00, 0x00, 0x00, 0x00, 0x00, 0x00, 0x00, 0x00, 0x00,
  0x00, 0x00, 0x00, 0x00, 0x00, 0x00, 0x00, 0x00, 0x00, 0x00, 0x00, 0x00, 0x00, 0x00, 0x00, 0x00,
  0x00, 0x00, 0x00, 0x00, 0x00, 0x00, 0x00, 0x00, 0x00, 0x00, 0x00, 0x00, 0x00, 0x00, 0x00, 0x00,
  0x00, 0x00, 0x00, 0x00, 0x00, 0x00, 0x00, 0x00, 0x00, 0x00, 0x00, 0x00, 0x00, 0x00, 0x00, 0x00,
  0x00, 0x00, 0x00, 0x00, 0x00, 0x00, 0x00, 0x00, 0x00, 0x00, 0x00, 0x00, 0x00, 0x00, 0x00, 0x00,
  0x00, 0x00, 0x00, 0x00, 0x00, 0x00, 0x00, 0x00, 0x00, 0x00, 0x00, 0x00, 0x00, 0x00, 0x00, 0x00,
  0x00, 0x00, 0x00, 0x00, 0x00, 0x00, 0x00, 0x00, 0x00, 0x00, 0x00, 0x00, 0x00, 0x00, 0x00, 0x00,
  0x00, 0x00, 0x00, 0x00, 0x00, 0x00, 0x00, 0x00, 0x00, 0x00, 0x00, 0x00, 0x00, 0x00, 0x00, 0x00,
  0x00, 0x00, 0x00, 0x00, 0x00, 0x00, 0x00, 0x00, 0x00, 0x00, 0x00, 0x00, 0x00, 0x00, 0x00, 0x00,
  0x00, 0x00, 0x00, 0x00, 0x00, 0x00, 0x00, 0x00, 0x00, 0x00, 0x00, 0x00, 0x00, 0x00, 0x00, 0x00,
  0x00, 0x00, 0x00, 0x00, 0x00, 0x00, 0x00, 0x00, 0x00, 0x00, 0x00, 0x00, 0x00, 0x00, 0x00, 0x00,
  0x00, 0x00, 0x00, 0x00, 0x00, 0x00, 0x00, 0x00, 0x00, 0x00, 0x00, 0x00, 0x00, 0x00, 0x00, 0x00,
  0x00, 0x00, 0x00, 0x00, 0x00, 0x00, 0x00, 0x00, 0x00, 0x00, 0x00, 0x00, 0x00, 0x00, 0x00, 0x00,
  0x00, 0x00, 0x00, 0x00, 0x00, 0x00, 0x00, 0x00, 0x00, 0x00, 0x00, 0x00, 0x00, 0x00, 0x00, 0x00,
  0x00, 0x00, 0x00, 0x00, 0x00, 0x00, 0x00, 0x00, 0x00, 0x00, 0x00, 0x00, 0x00, 0x00, 0x00, 0x00,
  0x00, 0x00, 0x00, 0x00, 0x00, 0x00, 0x00, 0x00, 0x00, 0x00, 0x00, 0x00, 0x00, 0x00, 0x00, 0x00,
  0x00, 0x00, 0x00, 0x00, 0x00, 0x00, 0x00, 0x00, 0x00, 0x00, 0x00, 0x00, 0x00, 0x00, 0x00, 0x00,
  0x00, 0x00, 0x00, 0x00, 0x00, 0x00, 0x00, 0x00, 0x00, 0x00, 0x00, 0x00, 0x00, 0x00, 0x00, 0x00,
  0x00, 0x00, 0x00, 0x00, 0x00, 0x00, 0x00, 0x00, 0x00, 0x00, 0x00, 0x00, 0x00, 0x00, 0x00, 0x00,
  0x00, 0x00, 0x00, 0x00, 0x00, 0x00, 0x00, 0x00, 0x00, 0x00, 0x00, 0x00, 0x00, 0x00, 0x00, 0x00,
  0x00, 0x00, 0x00, 0x00, 0x00, 0x00, 0x00, 0x00, 0x00, 0x00, 0x00, 0x00, 0x00, 0x00, 0x00, 0x00,
  0x00, 0x00, 0x00, 0x00, 0x00, 0x00, 0x00, 0x00, 0x00, 0x00, 0x00, 0x00, 0x00, 0x00, 0x00, 0x00,
  0x00, 0x00, 0x00, 0x00, 0x00, 0x00, 0x00, 0x00, 0x00, 0x00, 0x00, 0x00, 0x00, 0x00, 0x00, 0x00,
  0x00, 0x00, 0x00, 0x00, 0x00, 0x00, 0x00, 0x00, 0x00, 0x00, 0x00, 0x00, 0x00, 0x00, 0x00, 0x00,
  0x00, 0x00, 0x00, 0x00, 0x00, 0x00, 0x00, 0x00, 0x00, 0x00, 0x00, 0x00, 0x00, 0x00, 0x00, 0x00,
  0x00, 0x00, 0x00, 0x00, 0x00, 0x00, 0x00, 0x00, 0x00, 0x00, 0x00, 0x00, 0x00, 0x00, 0x00, 0x00,
  0x00, 0x00, 0x00, 0x00, 0x00, 0x00, 0x00, 0x00, 0x00, 0x00, 0x00, 0x00, 0x00, 0x00, 0x00, 0x00,
  0x00, 0x00, 0x00, 0x00, 0x00, 0x00, 0x00, 0x00, 0x00, 0x00, 0x00, 0x00, 0x00, 0x00, 0x00, 0x00,
  0x00, 0x00, 0x00, 0x00, 0x00, 0x00, 0x00, 0x00, 0x00, 0x00, 0x00, 0x00, 0x00, 0x00, 0x00, 0x00,
  0x00, 0x00, 0x00, 0x00, 0x00, 0x00, 0x00, 0x00, 0x00, 0x00, 0x00, 0x00, 0x00, 0x00, 0x00, 0x00,
  0x00, 0x00, 0x00, 0x00, 0x00, 0x00, 0x00, 0x00, 0x00, 0x00, 0x00, 0x00, 0x75, 0x21, 0x25, 0xff,
  0x00, 0x00, 0x00, 0x00, 0x00, 0x00, 0x00, 0x00, 0x00, 0x00, 0x00, 0x00, 0x00, 0x00, 0x00, 0x00,
  0x00, 0x00, 0x00, 0x00, 0x00, 0x00, 0x00, 0x00, 0x00, 0x00, 0x00, 0x00, 0x00, 0x00, 0x00, 0x00,
  0x1d, 0x16, 0x16, 0xff, 0x1f, 0x17, 0x18, 0xff, 0x00, 0x00, 0x00, 0xff, 0x28, 0x16, 0x18, 0xff,
  0x24, 0x0a, 0x0c, 0xff, 0x2c, 0x08, 0x0f, 0xff, 0x1b, 0x16, 0x16, 0xff, 0x2d, 0x21, 0x24, 0xff,
  0x2f, 0x23, 0x28, 0xff, 0x23, 0x1d, 0x1f, 0xff, 0x24, 0x19, 0x16, 0xff, 0x31, 0x0f, 0x10, 0xff,
  0x21, 0x17, 0x19, 0xff, 0x01, 0x00, 0x00, 0xff, 0x14, 0x10, 0x10, 0xff, 0x1c, 0x16, 0x18, 0xff,
  0x00, 0x00, 0x00, 0x00, 0x00, 0x00, 0x00, 0x00, 0x00, 0x00, 0x00, 0x00, 0x00, 0x00, 0x00, 0x00,
  0x00, 0x00, 0x00, 0x00, 0x00, 0x00, 0x00, 0x00, 0x00, 0x00, 0x00, 0x00, 0x00, 0x00, 0x00, 0x00,
  0x38, 0x05, 0x07, 0xff, 0x00, 0x00, 0x00, 0x00, 0x00, 0x00, 0x00, 0x00, 0x00, 0x00, 0x00, 0x00,
  0x00, 0x00, 0x00, 0x00, 0x00, 0x00, 0x00, 0x00, 0x00, 0x00, 0x00, 0x00, 0x00, 0x00, 0x00, 0x00,
  0x00, 0x00, 0x00, 0x00, 0x00, 0x00, 0x00, 0x00, 0x00, 0x00, 0x00, 0x00, 0x00, 0x00, 0x00, 0x00,
  0x00, 0x00, 0x00, 0x00, 0x00, 0x00, 0x00, 0x00, 0x00, 0x00, 0x00, 0x00, 0x00, 0x00, 0x00, 0x00,
  0x00, 0x00, 0x00, 0x00, 0x00, 0x00, 0x00, 0x00, 0x00, 0x00, 0x00, 0x00, 0x00, 0x00, 0x00, 0x00,
  0x00, 0x00, 0x00, 0x00, 0x00, 0x00, 0x00, 0x00, 0x00, 0x00, 0x00, 0x00, 0x00, 0x00, 0x00, 0x00,
  0x00, 0x00, 0x00, 0x00, 0x00, 0x00, 0x00, 0x00, 0x00, 0x00, 0x00, 0x00, 0x00, 0x00, 0x00, 0x00,
  0x00, 0x00, 0x00, 0x00, 0x00, 0x00, 0x00, 0x00, 0x00, 0x00, 0x00, 0x00, 0x00, 0x00, 0x00, 0x00,
  0x00, 0x00, 0x00, 0x00, 0x00, 0x00, 0x00, 0x00, 0x00, 0x00, 0x00, 0x00, 0x00, 0x00, 0x00, 0x00,
  0x00, 0x00, 0x00, 0x00, 0x00, 0x00, 0x00, 0x00, 0x00, 0x00, 0x00, 0x00, 0x00, 0x00, 0x00, 0x00,
  0x00, 0x00, 0x00, 0x00, 0x00, 0x00, 0x00, 0x00, 0x00, 0x00, 0x00, 0x00, 0x00, 0x00, 0x00, 0x00,
  0x00, 0x00, 0x00, 0x00, 0x00, 0x00, 0x00, 0x00, 0x00, 0x00, 0x00, 0x00, 0x00, 0x00, 0x00, 0x00,
  0x00, 0x00, 0x00, 0x00, 0x00, 0x00, 0x00, 0x00, 0x00, 0x00, 0x00, 0x00, 0x00, 0x00, 0x00, 0x00,
  0x00, 0x00, 0x00, 0x00, 0x00, 0x00, 0x00, 0x00, 0x00, 0x00, 0x00, 0x00, 0x00, 0x00, 0x00, 0x00,
  0x00, 0x00, 0x00, 0x00, 0x00, 0x00, 0x00, 0x00, 0x00, 0x00, 0x00, 0x00, 0x00, 0x00, 0x00, 0x00,
  0x00, 0x00, 0x00, 0x00, 0x00, 0x00, 0x00, 0x00, 0x00, 0x00, 0x00, 0x00, 0x00, 0x00, 0x00, 0x00,
  0x00, 0x00, 0x00, 0x00, 0x00, 0x00, 0x00, 0x00, 0x00, 0x00, 0x00, 0x00, 0x00, 0x00, 0x00, 0x00,
  0x00, 0x00, 0x00, 0x00, 0x00, 0x00, 0x00, 0x00, 0x00, 0x00, 0x00, 0x00, 0x00, 0x00, 0x00, 0x00,
  0x00, 0x00, 0x00, 0x00, 0x00, 0x00, 0x00, 0x00, 0x00, 0x00, 0x00, 0x00, 0x00, 0x00, 0x00, 0x00,
  0x00, 0x00, 0x00, 0x00, 0x00, 0x00, 0x00, 0x00, 0x00, 0x00, 0x00, 0x00, 0x00, 0x00, 0x00, 0x00,
  0x00, 0x00, 0x00, 0x00, 0x00, 0x00, 0x00, 0x00, 0x00, 0x00, 0x00, 0x00, 0x00, 0x00, 0x00, 0x00,
  0x00, 0x00, 0x00, 0x00, 0x00, 0x00, 0x00, 0x00, 0x00, 0x00, 0x00, 0x00, 0x00, 0x00, 0x00, 0x00,
  0x00, 0x00, 0x00, 0x00, 0x00, 0x00, 0x00, 0x00, 0x00, 0x00, 0x00, 0x00, 0x00, 0x00, 0x00, 0x00,
  0x00, 0x00, 0x00, 0x00, 0x00, 0x00, 0x00, 0x00, 0x00, 0x00, 0x00, 0x00, 0x00, 0x00, 0x00, 0x00,
  0x00, 0x00, 0x00, 0x00, 0x00, 0x00, 0x00, 0x00, 0x00, 0x00, 0x00, 0x00, 0x00, 0x00, 0x00, 0x00,
  0x00, 0x00, 0x00, 0x00, 0x00, 0x00, 0x00, 0x00, 0x00, 0x00, 0x00, 0x00, 0x00, 0x00, 0x00, 0x00,
  0x00, 0x00, 0x00, 0x00, 0x00, 0x00, 0x00, 0x00, 0x00, 0x00, 0x00, 0x00, 0x00, 0x00, 0x00, 0x00,
  0x00, 0x00, 0x00, 0x00, 0x00, 0x00, 0x00, 0x00, 0x00, 0x00, 0x00, 0x00, 0x00, 0x00, 0x00, 0x00,
  0x00, 0x00, 0x00, 0x00, 0x00, 0x00, 0x00, 0x00, 0x00, 0x00, 0x00, 0x00, 0x00, 0x00, 0x00, 0x00,
  0x00, 0x00, 0x00, 0x00, 0x00, 0x00, 0x00, 0x00, 0x00, 0x00, 0x00, 0x00, 0x00, 0x00, 0x00, 0x00,
  0x00, 0x00, 0x00, 0x00, 0x00, 0x00, 0x00, 0x00, 0x00, 0x00, 0x00, 0x00, 0x00, 0x00, 0x00, 0x00,
  0x00, 0x00, 0x00, 0x00, 0x00, 0x00, 0x00, 0x00, 0x00, 0x00, 0x00, 0x00, 0x00, 0x00, 0x00, 0x00,
  0x00, 0x00, 0x00, 0x00, 0x00, 0x00, 0x00, 0x00, 0x00, 0x00, 0x00, 0x00, 0x00, 0x00, 0x00, 0x00,
  0x00, 0x00, 0x00, 0x00, 0x00, 0x00, 0x00, 0x00, 0x00, 0x00, 0x00, 0x00, 0x00, 0x00, 0x00, 0x00,
  0x00, 0x00, 0x00, 0x00, 0x00, 0x00, 0x00, 0x00, 0x00, 0x00, 0x00, 0x00, 0x00, 0x00, 0x00, 0x00,
  0x00, 0x00, 0x00, 0x00, 0x00, 0x00, 0x00, 0x00, 0x00, 0x00, 0x00, 0x00, 0x00, 0x00, 0x00, 0x00,
  0x00, 0x00, 0x00, 0x00, 0x00, 0x00, 0x00, 0x00, 0x00, 0x00, 0x00, 0x00, 0x00, 0x00, 0x00, 0x00,
  0x00, 0x00, 0x00, 0x00, 0x00, 0x00, 0x00, 0x00, 0x00, 0x00, 0x00, 0x00, 0x00, 0x00, 0x00, 0x00,
  0x00, 0x00, 0x00, 0x00, 0x00, 0x00, 0x00, 0x00, 0x00, 0x00, 0x00, 0x00, 0x00, 0x00, 0x00, 0x00,
  0x00, 0x00, 0x00, 0x00, 0x00, 0x00, 0x00, 0x00, 0x00, 0x00, 0x00, 0x00, 0x3e, 0x2f, 0x2d, 0xff,
  0x00, 0x00, 0x00, 0x00, 0x00, 0x00, 0x00, 0x00, 0x00, 0x00, 0x00, 0x00, 0x00, 0x00, 0x00, 0x00,
  0x00, 0x00, 0x00, 0x00, 0x00, 0x00, 0x00, 0x00, 0x00, 0x00, 0x00, 0x00, 0x00, 0x00, 0x00, 0x00,
  0x1f, 0x18, 0x17, 0xff, 0x1c, 0x16, 0x17, 0xff, 0x08, 0x00, 0x00, 0xff, 0x00, 0x01, 0x01, 0xff,
  0x2a, 0x15, 0x16, 0xff, 0x34, 0x13, 0x16, 0xff, 0x10, 0x0a, 0x0c, 0xff, 0x2b, 0x20, 0x23, 0xff,
  0x2e, 0x24, 0x28, 0xff, 0x17, 0x12, 0x13, 0xff, 0x31, 0x0f, 0x11, 0xff, 0x2f, 0x1d, 0x1e, 0xff,
  0x01, 0x01, 0x01, 0xff, 0x64, 0x0c, 0x18, 0xff, 0x1f, 0x16, 0x19, 0xff, 0x18, 0x12, 0x13, 0xff,
  0x00, 0x00, 0x00, 0x00, 0x00, 0x00, 0x00, 0x00, 0x00, 0x00, 0x00, 0x00, 0x00, 0x00, 0x00, 0x00,
  0x00, 0x00, 0x00, 0x00, 0x00, 0x00, 0x00, 0x00, 0x00, 0x00, 0x00, 0x00, 0x00, 0x00, 0x00, 0x00,
  0x61, 0x48, 0x45, 0xff, 0x00, 0x00, 0x00, 0x00, 0x00, 0x00, 0x00, 0x00, 0x00, 0x00, 0x00, 0x00,
  0x00, 0x00, 0x00, 0x00, 0x00, 0x00, 0x00, 0x00, 0x00, 0x00, 0x00, 0x00, 0x00, 0x00, 0x00, 0x00,
  0x00, 0x00, 0x00, 0x00, 0x00, 0x00, 0x00, 0x00, 0x00, 0x00, 0x00, 0x00, 0x00, 0x00, 0x00, 0x00,
  0x00, 0x00, 0x00, 0x00, 0x00, 0x00, 0x00, 0x00, 0x00, 0x00, 0x00, 0x00, 0x00, 0x00, 0x00, 0x00,
  0x00, 0x00, 0x00, 0x00, 0x00, 0x00, 0x00, 0x00, 0x00, 0x00, 0x00, 0x00, 0x00, 0x00, 0x00, 0x00,
  0x00, 0x00, 0x00, 0x00, 0x00, 0x00, 0x00, 0x00, 0x00, 0x00, 0x00, 0x00, 0x00, 0x00, 0x00, 0x00,
  0x00, 0x00, 0x00, 0x00, 0x00, 0x00, 0x00, 0x00, 0x00, 0x00, 0x00, 0x00, 0x00, 0x00, 0x00, 0x00,
  0x00, 0x00, 0x00, 0x00, 0x00, 0x00, 0x00, 0x00, 0x00, 0x00, 0x00, 0x00, 0x00, 0x00, 0x00, 0x00,
  0x00, 0x00, 0x00, 0x00, 0x00, 0x00, 0x00, 0x00, 0x00, 0x00, 0x00, 0x00, 0x00, 0x00, 0x00, 0x00,
  0x00, 0x00, 0x00, 0x00, 0x00, 0x00, 0x00, 0x00, 0x00, 0x00, 0x00, 0x00, 0x00, 0x00, 0x00, 0x00,
  0x00, 0x00, 0x00, 0x00, 0x00, 0x00, 0x00, 0x00, 0x00, 0x00, 0x00, 0x00, 0x00, 0x00, 0x00, 0x00,
  0x00, 0x00, 0x00, 0x00, 0x00, 0x00, 0x00, 0x00, 0x00, 0x00, 0x00, 0x00, 0x00, 0x00, 0x00, 0x00,
  0x00, 0x00, 0x00, 0x00, 0x00, 0x00, 0x00, 0x00, 0x00, 0x00, 0x00, 0x00, 0x00, 0x00, 0x00, 0x00,
  0x00, 0x00, 0x00, 0x00, 0x00, 0x00, 0x00, 0x00, 0x00, 0x00, 0x00, 0x00, 0x00, 0x00, 0x00, 0x00,
  0x00, 0x00, 0x00, 0x00, 0x00, 0x00, 0x00, 0x00, 0x00, 0x00, 0x00, 0x00, 0x00, 0x00, 0x00, 0x00,
  0x00, 0x00, 0x00, 0x00, 0x00, 0x00, 0x00, 0x00, 0x00, 0x00, 0x00, 0x00, 0x00, 0x00, 0x00, 0x00,
  0x00, 0x00, 0x00, 0x00, 0x00, 0x00, 0x00, 0x00, 0x00, 0x00, 0x00, 0x00, 0x00, 0x00, 0x00, 0x00,
  0x00, 0x00, 0x00, 0x00, 0x00, 0x00, 0x00, 0x00, 0x00, 0x00, 0x00, 0x00, 0x00, 0x00, 0x00, 0x00,
  0x00, 0x00, 0x00, 0x00, 0x00, 0x00, 0x00, 0x00, 0x00, 0x00, 0x00, 0x00, 0x00, 0x00, 0x00, 0x00,
  0x00, 0x00, 0x00, 0x00, 0x00, 0x00, 0x00, 0x00, 0x00, 0x00, 0x00, 0x00, 0x00, 0x00, 0x00, 0x00,
  0x00, 0x00, 0x00, 0x00, 0x00, 0x00, 0x00, 0x00, 0x00, 0x00, 0x00, 0x00, 0x00, 0x00, 0x00, 0x00,
  0x00, 0x00, 0x00, 0x00, 0x00, 0x00, 0x00, 0x00, 0x00, 0x00, 0x00, 0x00, 0x00, 0x00, 0x00, 0x00,
  0x00, 0x00, 0x00, 0x00, 0x00, 0x00, 0x00, 0x00, 0x00, 0x00, 0x00, 0x00, 0x00, 0x00, 0x00, 0x00,
  0x00, 0x00, 0x00, 0x00, 0x00, 0x00, 0x00, 0x00, 0x00, 0x00, 0x00, 0x00, 0x00, 0x00, 0x00, 0x00,
  0x00, 0x00, 0x00, 0x00, 0x00, 0x00, 0x00, 0x00, 0x00, 0x00, 0x00, 0x00, 0x00, 0x00, 0x00, 0x00,
  0x00, 0x00, 0x00, 0x00, 0x00, 0x00, 0x00, 0x00, 0x00, 0x00, 0x00, 0x00, 0x00, 0x00, 0x00, 0x00,
  0x00, 0x00, 0x00, 0x00, 0x00, 0x00, 0x00, 0x00, 0x00, 0x00, 0x00, 0x00, 0x00, 0x00, 0x00, 0x00,
  0x00, 0x00, 0x00, 0x00, 0x00, 0x00, 0x00, 0x00, 0x00, 0x00, 0x00, 0x00, 0x00, 0x00, 0x00, 0x00,
  0x00, 0x00, 0x00, 0x00, 0x00, 0x00, 0x00, 0x00, 0x00, 0x00, 0x00, 0x00, 0x00, 0x00, 0x00, 0x00,
  0x00, 0x00, 0x00, 0x00, 0x00, 0x00, 0x00, 0x00, 0x00, 0x00, 0x00, 0x00, 0x00, 0x00, 0x00, 0x00,
  0x00, 0x00, 0x00, 0x00, 0x00, 0x00, 0x00, 0x00, 0x00, 0x00, 0x00, 0x00, 0x00, 0x00, 0x00, 0x00,
  0x00, 0x00, 0x00, 0x00, 0x00, 0x00, 0x00, 0x00, 0x00, 0x00, 0x00, 0x00, 0x00, 0x00, 0x00, 0x00,
  0x00, 0x00, 0x00, 0x00, 0x00, 0x00, 0x00, 0x00, 0x00, 0x00, 0x00, 0x00, 0x00, 0x00, 0x00, 0x00,
  0x00, 0x00, 0x00, 0x00, 0x00, 0x00, 0x00, 0x00, 0x00, 0x00, 0x00, 0x00, 0x00, 0x00, 0x00, 0x00,
  0x00, 0x00, 0x00, 0x00, 0x00, 0x00, 0x00, 0x00, 0x00, 0x00, 0x00, 0x00, 0x00, 0x00, 0x00, 0x00,
  0x00, 0x00, 0x00, 0x00, 0x00, 0x00, 0x00, 0x00, 0x00, 0x00, 0x00, 0x00, 0x00, 0x00, 0x00, 0x00,
  0x00, 0x00, 0x00, 0x00, 0x00, 0x00, 0x00, 0x00, 0x00, 0x00, 0x00, 0x00, 0x00, 0x00, 0x00, 0x00,
  0x00, 0x00, 0x00, 0x00, 0x00, 0x00, 0x00, 0x00, 0x00, 0x00, 0x00, 0x00, 0x00, 0x00, 0x00, 0x00,
  0x00, 0x00, 0x00, 0x00, 0x00, 0x00, 0x00, 0x00, 0x00, 0x00, 0x00, 0x00, 0x00, 0x00, 0x00, 0x00,
  0x00, 0x00, 0x00, 0x00, 0x00, 0x00, 0x00, 0x00, 0x00, 0x00, 0x00, 0x00, 0x00, 0x00, 0x00, 0x00,
  0x00, 0x00, 0x00, 0x00, 0x00, 0x00, 0x00, 0x00, 0x00, 0x00, 0x00, 0x00, 0x00, 0x00, 0x00, 0x00,
  0x00, 0x00, 0x00, 0x00, 0x00, 0x00, 0x00, 0x00, 0x00, 0x00, 0x00, 0x00, 0x00, 0x00, 0x00, 0x00,
  0x0e, 0x0a, 0x0a, 0xff, 0x21, 0x1b, 0x1c, 0xff, 0x09, 0x00, 0x00, 0xff, 0x17, 0x00, 0x00, 0xff,
  0x02, 0x02, 0x00, 0xff, 0x23, 0x12, 0x13, 0xff, 0x13, 0x0a, 0x0c, 0xff, 0x2c, 0x21, 0x25, 0xff,
  0x2b, 0x22, 0x25, 0xff, 0x14, 0x12, 0x13, 0xff, 0x2b, 0x19, 0x1b, 0xff, 0x00, 0x00, 0x00, 0xff,
  0x0c, 0x00, 0x01, 0xff, 0x50, 0x06, 0x0f, 0xff, 0x1f, 0x18, 0x19, 0xff, 0x00, 0x00, 0x00, 0xff,
  0x00, 0x00, 0x00, 0x00, 0x00, 0x00, 0x00, 0x00, 0x00, 0x00, 0x00, 0x00, 0x00, 0x00, 0x00, 0x00,
  0x00, 0x00, 0x00, 0x00, 0x00, 0x00, 0x00, 0x00, 0x00, 0x00, 0x00, 0x00, 0x00, 0x00, 0x00, 0x00,
  0x00, 0x00, 0x00, 0x00, 0x00, 0x00, 0x00, 0x00, 0x00, 0x00, 0x00, 0x00, 0x00, 0x00, 0x00, 0x00,
  0x00, 0x00, 0x00, 0x00, 0x00, 0x00, 0x00, 0x00, 0x00, 0x00, 0x00, 0x00, 0x00, 0x00, 0x00, 0x00,
  0x00, 0x00, 0x00, 0x00, 0x00, 0x00, 0x00, 0x00, 0x00, 0x00, 0x00, 0x00, 0x00, 0x00, 0x00, 0x00,
  0x00, 0x00, 0x00, 0x00, 0x00, 0x00, 0x00, 0x00, 0x00, 0x00, 0x00, 0x00, 0x00, 0x00, 0x00, 0x00,
  0x00, 0x00, 0x00, 0x00, 0x00, 0x00, 0x00, 0x00, 0x00, 0x00, 0x00, 0x00, 0x00, 0x00, 0x00, 0x00,
  0x00, 0x00, 0x00, 0x00, 0x00, 0x00, 0x00, 0x00, 0x00, 0x00, 0x00, 0x00, 0x00, 0x00, 0x00, 0x00,
  0x00, 0x00, 0x00, 0x00, 0x00, 0x00, 0x00, 0x00, 0x00, 0x00, 0x00, 0x00, 0x00, 0x00, 0x00, 0x00,
  0x00, 0x00, 0x00, 0x00, 0x00, 0x00, 0x00, 0x00, 0x00, 0x00, 0x00, 0x00, 0x00, 0x00, 0x00, 0x00,
  0x00, 0x00, 0x00, 0x00, 0x00, 0x00, 0x00, 0x00, 0x00, 0x00, 0x00, 0x00, 0x00, 0x00, 0x00, 0x00,
  0x00, 0x00, 0x00, 0x00, 0x00, 0x00, 0x00, 0x00, 0x00, 0x00, 0x00, 0x00, 0x00, 0x00, 0x00, 0x00,
  0x00, 0x00, 0x00, 0x00, 0x00, 0x00, 0x00, 0x00, 0x00, 0x00, 0x00, 0x00, 0x00, 0x00, 0x00, 0x00,
  0x00, 0x00, 0x00, 0x00, 0x00, 0x00, 0x00, 0x00, 0x00, 0x00, 0x00, 0x00, 0x00, 0x00, 0x00, 0x00,
  0x00, 0x00, 0x00, 0x00, 0x00, 0x00, 0x00, 0x00, 0x00, 0x00, 0x00, 0x00, 0x00, 0x00, 0x00, 0x00,
  0x00, 0x00, 0x00, 0x00, 0x00, 0x00, 0x00, 0x00, 0x00, 0x00, 0x00, 0x00, 0x00, 0x00, 0x00, 0x00,
  0x00, 0x00, 0x00, 0x00, 0x00, 0x00, 0x00, 0x00, 0x00, 0x00, 0x00, 0x00, 0x00, 0x00, 0x00, 0x00,
  0x00, 0x00, 0x00, 0x00, 0x00, 0x00, 0x00, 0x00, 0x00, 0x00, 0x00, 0x00, 0x00, 0x00, 0x00, 0x00,
  0x00, 0x00, 0x00, 0x00, 0x00, 0x00, 0x00, 0x00, 0x00, 0x00, 0x00, 0x00, 0x00, 0x00, 0x00, 0x00,
  0x00, 0x00, 0x00, 0x00, 0x00, 0x00, 0x00, 0x00, 0x00, 0x00, 0x00, 0x00, 0x00, 0x00, 0x00, 0x00,
  0x00, 0x00, 0x00, 0x00, 0x00, 0x00, 0x00, 0x00, 0x00, 0x00, 0x00, 0x00, 0x00, 0x00, 0x00, 0x00,
  0x00, 0x00, 0x00, 0x00, 0x00, 0x00, 0x00, 0x00, 0x00, 0x00, 0x00, 0x00, 0x00, 0x00, 0x00, 0x00,
  0x00, 0x00, 0x00, 0x00, 0x00, 0x00, 0x00, 0x00, 0x00, 0x00, 0x00, 0x00, 0x00, 0x00, 0x00, 0x00,
  0x00, 0x00, 0x00, 0x00, 0x00, 0x00, 0x00, 0x00, 0x00, 0x00, 0x00, 0x00, 0x00, 0x00, 0x00, 0x00,
  0x00, 0x00, 0x00, 0x00, 0x00, 0x00, 0x00, 0x00, 0x00, 0x00, 0x00, 0x00, 0x00, 0x00, 0x00, 0x00,
  0x00, 0x00, 0x00, 0x00, 0x00, 0x00, 0x00, 0x00, 0x00, 0x00, 0x00, 0x00, 0x00, 0x00, 0x00, 0x00,
  0x00, 0x00, 0x00, 0x00, 0x00, 0x00, 0x00, 0x00, 0x00, 0x00, 0x00, 0x00, 0x00, 0x00, 0x00, 0x00,
  0x00, 0x00, 0x00, 0x00, 0x00, 0x00, 0x00, 0x00, 0x00, 0x00, 0x00, 0x00, 0x00, 0x00, 0x00, 0x00,
  0x00, 0x00, 0x00, 0x00, 0x00, 0x00, 0x00, 0x00, 0x00, 0x00, 0x00, 0x00, 0x00, 0x00, 0x00, 0x00,
  0x00, 0x00, 0x00, 0x00, 0x00, 0x00, 0x00, 0x00, 0x00, 0x00, 0x00, 0x00, 0x00, 0x00, 0x00, 0x00,
  0x00, 0x00, 0x00, 0x00, 0x00, 0x00, 0x00, 0x00, 0x00, 0x00, 0x00, 0x00, 0x00, 0x00, 0x00, 0x00,
  0x00, 0x00, 0x00, 0x00, 0x00, 0x00, 0x00, 0x00, 0x00, 0x00, 0x00, 0x00, 0x00, 0x00, 0x00, 0x00,
  0x00, 0x00, 0x00, 0x00, 0x00, 0x00, 0x00, 0x00, 0x00, 0x00, 0x00, 0x00, 0x00, 0x00, 0x00, 0x00,
  0x00, 0x00, 0x00, 0x00, 0x00, 0x00, 0x00, 0x00, 0x00, 0x00, 0x00, 0x00, 0x00, 0x00, 0x00, 0x00,
  0x00, 0x00, 0x00, 0x00, 0x00, 0x00, 0x00, 0x00, 0x00, 0x00, 0x00, 0x00, 0x00, 0x00, 0x00, 0x00,
  0x00, 0x00, 0x00, 0x00, 0x00, 0x00, 0x00, 0x00, 0x00, 0x00, 0x00, 0x00, 0x00, 0x00, 0x00, 0x00,
  0x00, 0x00, 0x00, 0x00, 0x00, 0x00, 0x00, 0x00, 0x00, 0x00, 0x00, 0x00, 0x00, 0x00, 0x00, 0x00,
  0x00, 0x00, 0x00, 0x00, 0x00, 0x00, 0x00, 0x00, 0x00, 0x00, 0x00, 0x00, 0x00, 0x00, 0x00, 0x00,
  0x00, 0x00, 0x00, 0x00, 0x00, 0x00, 0x00, 0x00, 0x00, 0x00, 0x00, 0x00, 0x00, 0x00, 0x00, 0x00,
  0x00, 0x00, 0x00, 0x00, 0x00, 0x00, 0x00, 0x00, 0x00, 0x00, 0x00, 0x00, 0x00, 0x00, 0x00, 0x00,
  0x00, 0x00, 0x00, 0x00, 0x00, 0x00, 0x00, 0x00, 0x00, 0x00, 0x00, 0x00, 0x00, 0x00, 0x00, 0x00,
  0x00, 0x00, 0x00, 0x00, 0x00, 0x00, 0x00, 0x00, 0x00, 0x00, 0x00, 0x00, 0x00, 0x00, 0x00, 0x00,
  0x00, 0x00, 0x00, 0x00, 0x00, 0x00, 0x00, 0x00, 0x00, 0x00, 0x00, 0x00, 0x00, 0x00, 0x00, 0x00,
  0x00, 0x00, 0x00, 0x00, 0x00, 0x00, 0x00, 0x00, 0x00, 0x00, 0x00, 0x00, 0x00, 0x00, 0x00, 0x00,
  0x60, 0x4b, 0x49, 0xff, 0x1f, 0x16, 0x19, 0xff, 0x0b, 0x02, 0x03, 0xff, 0x1d, 0x00, 0x01, 0xff,
  0x00, 0x00, 0x00, 0x00, 0x04, 0x03, 0x01, 0xff, 0x11, 0x0e, 0x0f, 0xff, 0x29, 0x20, 0x23, 0xff,
  0x29, 0x20, 0x23, 0xff, 0x1f, 0x18, 0x19, 0xff, 0x00, 0x00, 0x00, 0xff, 0x00, 0x00, 0x00, 0x00,
  0x0f, 0x00, 0x00, 0xff, 0x3b, 0x04, 0x09, 0xff, 0x1d, 0x15, 0x18, 0xff, 0x03, 0x02, 0x00, 0xff,
  0x00, 0x00, 0x00, 0x00, 0x00, 0x00, 0x00, 0x00, 0x00, 0x00, 0x00, 0x00, 0x00, 0x00, 0x00, 0x00,
  0x00, 0x00, 0x00, 0x00, 0x00, 0x00, 0x00, 0x00, 0x00, 0x00, 0x00, 0x00, 0x00, 0x00, 0x00, 0x00,
  0x00, 0x00, 0x00, 0x00, 0x00, 0x00, 0x00, 0x00, 0x00, 0x00, 0x00, 0x00, 0x00, 0x00, 0x00, 0x00,
  0x00, 0x00, 0x00, 0x00, 0x00, 0x00, 0x00, 0x00, 0x00, 0x00, 0x00, 0x00, 0x00, 0x00, 0x00, 0x00,
  0x00, 0x00, 0x00, 0x00, 0x00, 0x00, 0x00, 0x00, 0x00, 0x00, 0x00, 0x00, 0x00, 0x00, 0x00, 0x00,
  0x00, 0x00, 0x00, 0x00, 0x00, 0x00, 0x00, 0x00, 0x00, 0x00, 0x00, 0x00, 0x00, 0x00, 0x00, 0x00,
  0x00, 0x00, 0x00, 0x00, 0x00, 0x00, 0x00, 0x00, 0x00, 0x00, 0x00, 0x00, 0x00, 0x00, 0x00, 0x00,
  0x00, 0x00, 0x00, 0x00, 0x00, 0x00, 0x00, 0x00, 0x00, 0x00, 0x00, 0x00, 0x00, 0x00, 0x00, 0x00,
  0x00, 0x00, 0x00, 0x00, 0x00, 0x00, 0x00, 0x00, 0x00, 0x00, 0x00, 0x00, 0x00, 0x00, 0x00, 0x00,
  0x00, 0x00, 0x00, 0x00, 0x00, 0x00, 0x00, 0x00, 0x00, 0x00, 0x00, 0x00, 0x00, 0x00, 0x00, 0x00,
  0x00, 0x00, 0x00, 0x00, 0x00, 0x00, 0x00, 0x00, 0x00, 0x00, 0x00, 0x00, 0x00, 0x00, 0x00, 0x00,
  0x00, 0x00, 0x00, 0x00, 0x00, 0x00, 0x00, 0x00, 0x00, 0x00, 0x00, 0x00, 0x00, 0x00, 0x00, 0x00,
  0x00, 0x00, 0x00, 0x00, 0x00, 0x00, 0x00, 0x00, 0x00, 0x00, 0x00, 0x00, 0x00, 0x00, 0x00, 0x00,
  0x00, 0x00, 0x00, 0x00, 0x00, 0x00, 0x00, 0x00, 0x00, 0x00, 0x00, 0x00, 0x00, 0x00, 0x00, 0x00,
  0x00, 0x00, 0x00, 0x00, 0x00, 0x00, 0x00, 0x00, 0x00, 0x00, 0x00, 0x00, 0x00, 0x00, 0x00, 0x00,
  0x00, 0x00, 0x00, 0x00, 0x00, 0x00, 0x00, 0x00, 0x00, 0x00, 0x00, 0x00, 0x00, 0x00, 0x00, 0x00,
  0x00, 0x00, 0x00, 0x00, 0x00, 0x00, 0x00, 0x00, 0x00, 0x00, 0x00, 0x00, 0x00, 0x00, 0x00, 0x00,
  0x00, 0x00, 0x00, 0x00, 0x00, 0x00, 0x00, 0x00, 0x00, 0x00, 0x00, 0x00, 0x00, 0x00, 0x00, 0x00,
  0x00, 0x00, 0x00, 0x00, 0x00, 0x00, 0x00, 0x00, 0x00, 0x00, 0x00, 0x00, 0x00, 0x00, 0x00, 0x00,
  0x00, 0x00, 0x00, 0x00, 0x00, 0x00, 0x00, 0x00, 0x00, 0x00, 0x00, 0x00, 0x00, 0x00, 0x00, 0x00,
  0x00, 0x00, 0x00, 0x00, 0x00, 0x00, 0x00, 0x00, 0x00, 0x00, 0x00, 0x00, 0x00, 0x00, 0x00, 0x00,
  0x00, 0x00, 0x00, 0x00, 0x00, 0x00, 0x00, 0x00, 0x00, 0x00, 0x00, 0x00, 0x00, 0x00, 0x00, 0x00,
  0x00, 0x00, 0x00, 0x00, 0x00, 0x00, 0x00, 0x00, 0x00, 0x00, 0x00, 0x00, 0x00, 0x00, 0x00, 0x00,
  0x00, 0x00, 0x00, 0x00, 0x00, 0x00, 0x00, 0x00, 0x00, 0x00, 0x00, 0x00, 0x00, 0x00, 0x00, 0x00,
  0x00, 0x00, 0x00, 0x00, 0x00, 0x00, 0x00, 0x00, 0x00, 0x00, 0x00, 0x00, 0x00, 0x00, 0x00, 0x00,
  0x00, 0x00, 0x00, 0x00, 0x00, 0x00, 0x00, 0x00, 0x00, 0x00, 0x00, 0x00, 0x00, 0x00, 0x00, 0x00,
  0x00, 0x00, 0x00, 0x00, 0x00, 0x00, 0x00, 0x00, 0x00, 0x00, 0x00, 0x00, 0x00, 0x00, 0x00, 0x00,
  0x00, 0x00, 0x00, 0x00, 0x00, 0x00, 0x00, 0x00, 0x00, 0x00, 0x00, 0x00, 0x00, 0x00, 0x00, 0x00,
  0x00, 0x00, 0x00, 0x00, 0x00, 0x00, 0x00, 0x00, 0x00, 0x00, 0x00, 0x00, 0x00, 0x00, 0x00, 0x00,
  0x00, 0x00, 0x00, 0x00, 0x00, 0x00, 0x00, 0x00, 0x00, 0x00, 0x00, 0x00, 0x00, 0x00, 0x00, 0x00,
  0x00, 0x00, 0x00, 0x00, 0x00, 0x00, 0x00, 0x00, 0x00, 0x00, 0x00, 0x00, 0x00, 0x00, 0x00, 0x00,
  0x00, 0x00, 0x00, 0x00, 0x00, 0x00, 0x00, 0x00, 0x00, 0x00, 0x00, 0x00, 0x00, 0x00, 0x00, 0x00,
  0x00, 0x00, 0x00, 0x00, 0x00, 0x00, 0x00, 0x00, 0x00, 0x00, 0x00, 0x00, 0x00, 0x00, 0x00, 0x00,
  0x00, 0x00, 0x00, 0x00, 0x00, 0x00, 0x00, 0x00, 0x00, 0x00, 0x00, 0x00, 0x00, 0x00, 0x00, 0x00,
  0x00, 0x00, 0x00, 0x00, 0x00, 0x00, 0x00, 0x00, 0x00, 0x00, 0x00, 0x00, 0x00, 0x00, 0x00, 0x00,
  0x00, 0x00, 0x00, 0x00, 0x00, 0x00, 0x00, 0x00, 0x00, 0x00, 0x00, 0x00, 0x00, 0x00, 0x00, 0x00,
  0x00, 0x00, 0x00, 0x00, 0x00, 0x00, 0x00, 0x00, 0x00, 0x00, 0x00, 0x00, 0x00, 0x00, 0x00, 0x00,
  0x00, 0x00, 0x00, 0x00, 0x00, 0x00, 0x00, 0x00, 0x00, 0x00, 0x00, 0x00, 0x00, 0x00, 0x00, 0x00,
  0x00, 0x00, 0x00, 0x00, 0x00, 0x00, 0x00, 0x00, 0x00, 0x00, 0x00, 0x00, 0x00, 0x00, 0x00, 0x00,
  0x00, 0x00, 0x00, 0x00, 0x00, 0x00, 0x00, 0x00, 0x00, 0x00, 0x00, 0x00, 0x00, 0x00, 0x00, 0x00,
  0x00, 0x00, 0x00, 0x00, 0x00, 0x00, 0x00, 0x00, 0x00, 0x00, 0x00, 0x00, 0x00, 0x00, 0x00, 0x00,
  0x00, 0x00, 0x00, 0x00, 0x00, 0x00, 0x00, 0x00, 0x00, 0x00, 0x00, 0x00, 0x00, 0x00, 0x00, 0x00,
  0x00, 0x00, 0x00, 0x00, 0x00, 0x00, 0x00, 0x00, 0x00, 0x00, 0x00, 0x00, 0x00, 0x00, 0x00, 0x00,
  0x00, 0x00, 0x00, 0x00, 0x00, 0x00, 0x00, 0x00, 0x00, 0x00, 0x00, 0x00, 0x00, 0x00, 0x00, 0x00,
  0x00, 0x00, 0x00, 0x00, 0x1f, 0x17, 0x17, 0xff, 0x0a, 0x05, 0x06, 0xff, 0x22, 0x00, 0x01, 0xff,
  0x00, 0x00, 0x00, 0x00, 0x00, 0x00, 0x00, 0x00, 0x00, 0x00, 0x00, 0x00, 0x00, 0x00, 0x00, 0xff,
  0x00, 0x00, 0x00, 0xff, 0x3d, 0x2f, 0x2e, 0xff, 0x00, 0x00, 0x00, 0x00, 0x00, 0x00, 0x00, 0x00,
  0x0b, 0x01, 0x00, 0xff, 0x2d, 0x04, 0x08, 0xff, 0x1b, 0x15, 0x17, 0xff, 0x00, 0x00, 0x00, 0x00,
  0x00, 0x00, 0x00, 0x00, 0x00, 0x00, 0x00, 0x00, 0x00, 0x00, 0x00, 0x00, 0x00, 0x00, 0x00, 0x00,
  0x00, 0x00, 0x00, 0x00, 0x00, 0x00, 0x00, 0x00, 0x00, 0x00, 0x00, 0x00, 0x00, 0x00, 0x00, 0x00,
  0x00, 0x00, 0x00, 0x00, 0x00, 0x00, 0x00, 0x00, 0x00, 0x00, 0x00, 0x00, 0x00, 0x00, 0x00, 0x00,
  0x00, 0x00, 0x00, 0x00, 0x00, 0x00, 0x00, 0x00, 0x00, 0x00, 0x00, 0x00, 0x00, 0x00, 0x00, 0x00,
  0x00, 0x00, 0x00, 0x00, 0x00, 0x00, 0x00, 0x00, 0x00, 0x00, 0x00, 0x00, 0x00, 0x00, 0x00, 0x00,
  0x00, 0x00, 0x00, 0x00, 0x00, 0x00, 0x00, 0x00, 0x00, 0x00, 0x00, 0x00, 0x00, 0x00, 0x00, 0x00,
  0x00, 0x00, 0x00, 0x00, 0x00, 0x00, 0x00, 0x00, 0x00, 0x00, 0x00, 0x00, 0x00, 0x00, 0x00, 0x00,
  0x00, 0x00, 0x00, 0x00, 0x00, 0x00, 0x00, 0x00, 0x00, 0x00, 0x00, 0x00, 0x00, 0x00, 0x00, 0x00,
  0x00, 0x00, 0x00, 0x00, 0x00, 0x00, 0x00, 0x00, 0x00, 0x00, 0x00, 0x00, 0x00, 0x00, 0x00, 0x00,
  0x00, 0x00, 0x00, 0x00, 0x00, 0x00, 0x00, 0x00, 0x00, 0x00, 0x00, 0x00, 0x00, 0x00, 0x00, 0x00,
  0x00, 0x00, 0x00, 0x00, 0x00, 0x00, 0x00, 0x00, 0x00, 0x00, 0x00, 0x00, 0x00, 0x00, 0x00, 0x00,
  0x00, 0x00, 0x00, 0x00, 0x00, 0x00, 0x00, 0x00, 0x00, 0x00, 0x00, 0x00, 0x00, 0x00, 0x00, 0x00,
  0x00, 0x00, 0x00, 0x00, 0x00, 0x00, 0x00, 0x00, 0x00, 0x00, 0x00, 0x00, 0x00, 0x00, 0x00, 0x00,
  0x00, 0x00, 0x00, 0x00, 0x00, 0x00, 0x00, 0x00, 0x00, 0x00, 0x00, 0x00, 0x00, 0x00, 0x00, 0x00,
  0x00, 0x00, 0x00, 0x00, 0x00, 0x00, 0x00, 0x00, 0x00, 0x00, 0x00, 0x00, 0x00, 0x00, 0x00, 0x00,
  0x00, 0x00, 0x00, 0x00, 0x00, 0x00, 0x00, 0x00, 0x00, 0x00, 0x00, 0x00, 0x00, 0x00, 0x00, 0x00,
  0x00, 0x00, 0x00, 0x00, 0x00, 0x00, 0x00, 0x00, 0x00, 0x00, 0x00, 0x00, 0x00, 0x00, 0x00, 0x00,
  0x00, 0x00, 0x00, 0x00, 0x00, 0x00, 0x00, 0x00, 0x00, 0x00, 0x00, 0x00, 0x00, 0x00, 0x00, 0x00,
  0x00, 0x00, 0x00, 0x00, 0x00, 0x00, 0x00, 0x00, 0x00, 0x00, 0x00, 0x00, 0x00, 0x00, 0x00, 0x00,
  0x00, 0x00, 0x00, 0x00, 0x00, 0x00, 0x00, 0x00, 0x00, 0x00, 0x00, 0x00, 0x00, 0x00, 0x00, 0x00,
  0x00, 0x00, 0x00, 0x00, 0x00, 0x00, 0x00, 0x00, 0x00, 0x00, 0x00, 0x00, 0x00, 0x00, 0x00, 0x00,
  0x00, 0x00, 0x00, 0x00, 0x00, 0x00, 0x00, 0x00, 0x00, 0x00, 0x00, 0x00, 0x00, 0x00, 0x00, 0x00,
  0x00, 0x00, 0x00, 0x00, 0x00, 0x00, 0x00, 0x00, 0x00, 0x00, 0x00, 0x00, 0x00, 0x00, 0x00, 0x00,
  0x00, 0x00, 0x00, 0x00, 0x00, 0x00, 0x00, 0x00, 0x00, 0x00, 0x00, 0x00, 0x00, 0x00, 0x00, 0x00,
  0x00, 0x00, 0x00, 0x00, 0x00, 0x00, 0x00, 0x00, 0x00, 0x00, 0x00, 0x00, 0x00, 0x00, 0x00, 0x00,
  0x00, 0x00, 0x00, 0x00, 0x00, 0x00, 0x00, 0x00, 0x00, 0x00, 0x00, 0x00, 0x00, 0x00, 0x00, 0x00,
  0x00, 0x00, 0x00, 0x00, 0x00, 0x00, 0x00, 0x00, 0x00, 0x00, 0x00, 0x00, 0x00, 0x00, 0x00, 0x00,
  0x00, 0x00, 0x00, 0x00, 0x00, 0x00, 0x00, 0x00, 0x00, 0x00, 0x00, 0x00, 0x00, 0x00, 0x00, 0x00,
  0x00, 0x00, 0x00, 0x00, 0x00, 0x00, 0x00, 0x00, 0x00, 0x00, 0x00, 0x00, 0x00, 0x00, 0x00, 0x00,
  0x00, 0x00, 0x00, 0x00, 0x00, 0x00, 0x00, 0x00, 0x00, 0x00, 0x00, 0x00, 0x00, 0x00, 0x00, 0x00,
  0x00, 0x00, 0x00, 0x00, 0x00, 0x00, 0x00, 0x00, 0x00, 0x00, 0x00, 0x00, 0x00, 0x00, 0x00, 0x00,
  0x00, 0x00, 0x00, 0x00, 0x00, 0x00, 0x00, 0x00, 0x00, 0x00, 0x00, 0x00, 0x00, 0x00, 0x00, 0x00,
  0x00, 0x00, 0x00, 0x00, 0x00, 0x00, 0x00, 0x00, 0x00, 0x00, 0x00, 0x00, 0x00, 0x00, 0x00, 0x00,
  0x00, 0x00, 0x00, 0x00, 0x00, 0x00, 0x00, 0x00, 0x00, 0x00, 0x00, 0x00, 0x00, 0x00, 0x00, 0x00,
  0x00, 0x00, 0x00, 0x00, 0x00, 0x00, 0x00, 0x00, 0x00, 0x00, 0x00, 0x00, 0x00, 0x00, 0x00, 0x00,
  0x00, 0x00, 0x00, 0x00, 0x00, 0x00, 0x00, 0x00, 0x00, 0x00, 0x00, 0x00, 0x00, 0x00, 0x00, 0x00,
  0x00, 0x00, 0x00, 0x00, 0x00, 0x00, 0x00, 0x00, 0x00, 0x00, 0x00, 0x00, 0x00, 0x00, 0x00, 0x00,
  0x00, 0x00, 0x00, 0x00, 0x00, 0x00, 0x00, 0x00, 0x00, 0x00, 0x00, 0x00, 0x00, 0x00, 0x00, 0x00,
  0x00, 0x00, 0x00, 0x00, 0x00, 0x00, 0x00, 0x00, 0x00, 0x00, 0x00, 0x00, 0x00, 0x00, 0x00, 0x00,
  0x00, 0x00, 0x00, 0x00, 0x00, 0x00, 0x00, 0x00, 0x00, 0x00, 0x00, 0x00, 0x00, 0x00, 0x00, 0x00,
  0x00, 0x00, 0x00, 0x00, 0x00, 0x00, 0x00, 0x00, 0x00, 0x00, 0x00, 0x00, 0x00, 0x00, 0x00, 0x00,
  0x00, 0x00, 0x00, 0x00, 0x00, 0x00, 0x00, 0x00, 0x00, 0x00, 0x00, 0x00, 0x00, 0x00, 0x00, 0x00,
  0x00, 0x00, 0x00, 0x00, 0x00, 0x00, 0x00, 0x00, 0x00, 0x00, 0x00, 0x00, 0x00, 0x00, 0x00, 0x00,
  0x00, 0x00, 0x00, 0x00, 0x00, 0x00, 0x00, 0x00, 0x00, 0x00, 0x00, 0x00, 0x00, 0x00, 0x00, 0x00,
  0x00, 0x00, 0x00, 0x00, 0x04, 0x03, 0x02, 0xff, 0x0c, 0x06, 0x08, 0xff, 0x27, 0x03, 0x05, 0xff,
  0x00, 0x00, 0x00, 0x00, 0x00, 0x00, 0x00, 0x00, 0x00, 0x00, 0x00, 0x00, 0x00, 0x00, 0x00, 0x00,
  0x00, 0x00, 0x00, 0x00, 0x00, 0x00, 0x00, 0x00, 0x00, 0x00, 0x00, 0x00, 0x00, 0x00, 0x00, 0x00,
  0x08, 0x01, 0x00, 0xff, 0x1f, 0x07, 0x09, 0xff, 0x06, 0x05, 0x06, 0xff, 0x00, 0x00, 0x00, 0x00,
  0x00, 0x00, 0x00, 0x00, 0x00, 0x00, 0x00, 0x00, 0x00, 0x00, 0x00, 0x00, 0x00, 0x00, 0x00, 0x00,
  0x00, 0x00, 0x00, 0x00, 0x00, 0x00, 0x00, 0x00, 0x00, 0x00, 0x00, 0x00, 0x00, 0x00, 0x00, 0x00,
  0x00, 0x00, 0x00, 0x00, 0x00, 0x00, 0x00, 0x00, 0x00, 0x00, 0x00, 0x00, 0x00, 0x00, 0x00, 0x00,
  0x00, 0x00, 0x00, 0x00, 0x00, 0x00, 0x00, 0x00, 0x00, 0x00, 0x00, 0x00, 0x00, 0x00, 0x00, 0x00,
  0x00, 0x00, 0x00, 0x00, 0x00, 0x00, 0x00, 0x00, 0x00, 0x00, 0x00, 0x00, 0x00, 0x00, 0x00, 0x00,
  0x00, 0x00, 0x00, 0x00, 0x00, 0x00, 0x00, 0x00, 0x00, 0x00, 0x00, 0x00, 0x00, 0x00, 0x00, 0x00,
  0x00, 0x00, 0x00, 0x00, 0x00, 0x00, 0x00, 0x00, 0x00, 0x00, 0x00, 0x00, 0x00, 0x00, 0x00, 0x00,
  0x00, 0x00, 0x00, 0x00, 0x00, 0x00, 0x00, 0x00, 0x00, 0x00, 0x00, 0x00, 0x00, 0x00, 0x00, 0x00,
  0x00, 0x00, 0x00, 0x00, 0x00, 0x00, 0x00, 0x00, 0x00, 0x00, 0x00, 0x00, 0x00, 0x00, 0x00, 0x00,
  0x00, 0x00, 0x00, 0x00, 0x00, 0x00, 0x00, 0x00, 0x00, 0x00, 0x00, 0x00, 0x00, 0x00, 0x00, 0x00,
  0x00, 0x00, 0x00, 0x00, 0x00, 0x00, 0x00, 0x00, 0x00, 0x00, 0x00, 0x00, 0x00, 0x00, 0x00, 0x00,
  0x00, 0x00, 0x00, 0x00, 0x00, 0x00, 0x00, 0x00, 0x00, 0x00, 0x00, 0x00, 0x00, 0x00, 0x00, 0x00,
  0x00, 0x00, 0x00, 0x00, 0x00, 0x00, 0x00, 0x00, 0x00, 0x00, 0x00, 0x00, 0x00, 0x00, 0x00, 0x00,
  0x00, 0x00, 0x00, 0x00, 0x00, 0x00, 0x00, 0x00, 0x00, 0x00, 0x00, 0x00, 0x00, 0x00, 0x00, 0x00,
  0x00, 0x00, 0x00, 0x00, 0x00, 0x00, 0x00, 0x00, 0x00, 0x00, 0x00, 0x00, 0x00, 0x00, 0x00, 0x00,
  0x00, 0x00, 0x00, 0x00, 0x00, 0x00, 0x00, 0x00, 0x00, 0x00, 0x00, 0x00, 0x00, 0x00, 0x00, 0x00,
  0x00, 0x00, 0x00, 0x00, 0x00, 0x00, 0x00, 0x00, 0x00, 0x00, 0x00, 0x00, 0x00, 0x00, 0x00, 0x00,
  0x00, 0x00, 0x00, 0x00, 0x00, 0x00, 0x00, 0x00, 0x00, 0x00, 0x00, 0x00, 0x00, 0x00, 0x00, 0x00,
  0x00, 0x00, 0x00, 0x00, 0x00, 0x00, 0x00, 0x00, 0x00, 0x00, 0x00, 0x00, 0x00, 0x00, 0x00, 0x00,
  0x00, 0x00, 0x00, 0x00, 0x00, 0x00, 0x00, 0x00, 0x00, 0x00, 0x00, 0x00, 0x00, 0x00, 0x00, 0x00,
  0x00, 0x00, 0x00, 0x00, 0x00, 0x00, 0x00, 0x00, 0x00, 0x00, 0x00, 0x00, 0x00, 0x00, 0x00, 0x00,
  0x00, 0x00, 0x00, 0x00, 0x00, 0x00, 0x00, 0x00, 0x00, 0x00, 0x00, 0x00, 0x00, 0x00, 0x00, 0x00,
  0x00, 0x00, 0x00, 0x00, 0x00, 0x00, 0x00, 0x00, 0x00, 0x00, 0x00, 0x00, 0x00, 0x00, 0x00, 0x00,
  0x00, 0x00, 0x00, 0x00, 0x00, 0x00, 0x00, 0x00, 0x00, 0x00, 0x00, 0x00, 0x00, 0x00, 0x00, 0x00,
  0x00, 0x00, 0x00, 0x00, 0x00, 0x00, 0x00, 0x00, 0x00, 0x00, 0x00, 0x00, 0x00, 0x00, 0x00, 0x00,
  0x00, 0x00, 0x00, 0x00, 0x00, 0x00, 0x00, 0x00, 0x00, 0x00, 0x00, 0x00, 0x00, 0x00, 0x00, 0x00,
  0x00, 0x00, 0x00, 0x00, 0x00, 0x00, 0x00, 0x00, 0x00, 0x00, 0x00, 0x00, 0x00, 0x00, 0x00, 0x00,
  0x00, 0x00, 0x00, 0x00, 0x00, 0x00, 0x00, 0x00, 0x00, 0x00, 0x00, 0x00, 0x00, 0x00, 0x00, 0x00,
  0x00, 0x00, 0x00, 0x00, 0x00, 0x00, 0x00, 0x00, 0x00, 0x00, 0x00, 0x00, 0x00, 0x00, 0x00, 0x00,
  0x00, 0x00, 0x00, 0x00, 0x00, 0x00, 0x00, 0x00, 0x00, 0x00, 0x00, 0x00, 0x00, 0x00, 0x00, 0x00,
  0x00, 0x00, 0x00, 0x00, 0x00, 0x00, 0x00, 0x00, 0x00, 0x00, 0x00, 0x00, 0x00, 0x00, 0x00, 0x00,
  0x00, 0x00, 0x00, 0x00, 0x00, 0x00, 0x00, 0x00, 0x00, 0x00, 0x00, 0x00, 0x00, 0x00, 0x00, 0x00,
  0x00, 0x00, 0x00, 0x00, 0x00, 0x00, 0x00, 0x00, 0x00, 0x00, 0x00, 0x00, 0x00, 0x00, 0x00, 0x00,
  0x00, 0x00, 0x00, 0x00, 0x00, 0x00, 0x00, 0x00, 0x00, 0x00, 0x00, 0x00, 0x00, 0x00, 0x00, 0x00,
  0x00, 0x00, 0x00, 0x00, 0x00, 0x00, 0x00, 0x00, 0x00, 0x00, 0x00, 0x00, 0x00, 0x00, 0x00, 0x00,
  0x00, 0x00, 0x00, 0x00, 0x00, 0x00, 0x00, 0x00, 0x00, 0x00, 0x00, 0x00, 0x00, 0x00, 0x00, 0x00,
  0x00, 0x00, 0x00, 0x00, 0x00, 0x00, 0x00, 0x00, 0x00, 0x00, 0x00, 0x00, 0x00, 0x00, 0x00, 0x00,
  0x00, 0x00, 0x00, 0x00, 0x00, 0x00, 0x00, 0x00, 0x00, 0x00, 0x00, 0x00, 0x00, 0x00, 0x00, 0x00,
  0x00, 0x00, 0x00, 0x00, 0x00, 0x00, 0x00, 0x00, 0x00, 0x00, 0x00, 0x00, 0x00, 0x00, 0x00, 0x00,
  0x00, 0x00, 0x00, 0x00, 0x00, 0x00, 0x00, 0x00, 0x00, 0x00, 0x00, 0x00, 0x00, 0x00, 0x00, 0x00,
  0x00, 0x00, 0x00, 0x00, 0x00, 0x00, 0x00, 0x00, 0x00, 0x00, 0x00, 0x00, 0x00, 0x00, 0x00, 0x00,
  0x00, 0x00, 0x00, 0x00, 0x00, 0x00, 0x00, 0x00, 0x00, 0x00, 0x00, 0x00, 0x00, 0x00, 0x00, 0x00,
  0x00, 0x00, 0x00, 0x00, 0x00, 0x00, 0x00, 0x00, 0x00, 0x00, 0x00, 0x00, 0x00, 0x00, 0x00, 0x00,
  0x00, 0x00, 0x00, 0x00, 0x00, 0x00, 0x00, 0x00, 0x00, 0x00, 0x00, 0x00, 0x00, 0x00, 0x00, 0x00,
  0x00, 0x00, 0x00, 0x00, 0x00, 0x00, 0x00, 0x00, 0x18, 0x0f, 0x0f, 0xff, 0x36, 0x04, 0x07, 0xff,
  0x00, 0x00, 0x00, 0x00, 0x00, 0x00, 0x00, 0x00, 0x00, 0x00, 0x00, 0x00, 0x00, 0x00, 0x00, 0x00,
  0x00, 0x00, 0x00, 0x00, 0x00, 0x00, 0x00, 0x00, 0x00, 0x00, 0x00, 0x00, 0x00, 0x00, 0x00, 0x00,
  0x12, 0x01, 0x01, 0xff, 0x19, 0x05, 0x07, 0xff, 0x00, 0x00, 0x00, 0x00, 0x00, 0x00, 0x00, 0x00,
  0x00, 0x00, 0x00, 0x00, 0x00, 0x00, 0x00, 0x00, 0x00, 0x00, 0x00, 0x00, 0x00, 0x00, 0x00, 0x00,
  0x00, 0x00, 0x00, 0x00, 0x00, 0x00, 0x00, 0x00, 0x00, 0x00, 0x00, 0x00, 0x00, 0x00, 0x00, 0x00,
  0x00, 0x00, 0x00, 0x00, 0x00, 0x00, 0x00, 0x00, 0x00, 0x00, 0x00, 0x00, 0x00, 0x00, 0x00, 0x00,
  0x00, 0x00, 0x00, 0x00, 0x00, 0x00, 0x00, 0x00, 0x00, 0x00, 0x00, 0x00, 0x00, 0x00, 0x00, 0x00,
  0x00, 0x00, 0x00, 0x00, 0x00, 0x00, 0x00, 0x00, 0x00, 0x00, 0x00, 0x00, 0x00, 0x00, 0x00, 0x00,
  0x00, 0x00, 0x00, 0x00, 0x00, 0x00, 0x00, 0x00, 0x00, 0x00, 0x00, 0x00, 0x00, 0x00, 0x00, 0x00,
  0x00, 0x00, 0x00, 0x00, 0x00, 0x00, 0x00, 0x00, 0x00, 0x00, 0x00, 0x00, 0x00, 0x00, 0x00, 0x00,
  0x00, 0x00, 0x00, 0x00, 0x00, 0x00, 0x00, 0x00, 0x00, 0x00, 0x00, 0x00, 0x00, 0x00, 0x00, 0x00,
  0x00, 0x00, 0x00, 0x00, 0x00, 0x00, 0x00, 0x00, 0x00, 0x00, 0x00, 0x00, 0x00, 0x00, 0x00, 0x00,
  0x00, 0x00, 0x00, 0x00, 0x00, 0x00, 0x00, 0x00, 0x00, 0x00, 0x00, 0x00, 0x00, 0x00, 0x00, 0x00,
  0x00, 0x00, 0x00, 0x00, 0x00, 0x00, 0x00, 0x00, 0x00, 0x00, 0x00, 0x00, 0x00, 0x00, 0x00, 0x00,
  0x00, 0x00, 0x00, 0x00, 0x00, 0x00, 0x00, 0x00, 0x00, 0x00, 0x00, 0x00, 0x00, 0x00, 0x00, 0x00,
  0x00, 0x00, 0x00, 0x00, 0x00, 0x00, 0x00, 0x00, 0x00, 0x00, 0x00, 0x00, 0x00, 0x00, 0x00, 0x00,
  0x00, 0x00, 0x00, 0x00, 0x00, 0x00, 0x00, 0x00, 0x00, 0x00, 0x00, 0x00, 0x00, 0x00, 0x00, 0x00,
  0x00, 0x00, 0x00, 0x00, 0x00, 0x00, 0x00, 0x00, 0x00, 0x00, 0x00, 0x00, 0x00, 0x00, 0x00, 0x00,
  0x00, 0x00, 0x00, 0x00, 0x00, 0x00, 0x00, 0x00, 0x00, 0x00, 0x00, 0x00, 0x00, 0x00, 0x00, 0x00,
  0x00, 0x00, 0x00, 0x00, 0x00, 0x00, 0x00, 0x00, 0x00, 0x00, 0x00, 0x00, 0x00, 0x00, 0x00, 0x00,
  0x00, 0x00, 0x00, 0x00, 0x00, 0x00, 0x00, 0x00, 0x00, 0x00, 0x00, 0x00, 0x00, 0x00, 0x00, 0x00,
  0x00, 0x00, 0x00, 0x00, 0x00, 0x00, 0x00, 0x00, 0x00, 0x00, 0x00, 0x00, 0x00, 0x00, 0x00, 0x00,
  0x00, 0x00, 0x00, 0x00, 0x00, 0x00, 0x00, 0x00, 0x00, 0x00, 0x00, 0x00, 0x00, 0x00, 0x00, 0x00,
  0x00, 0x00, 0x00, 0x00, 0x00, 0x00, 0x00, 0x00, 0x00, 0x00, 0x00, 0x00, 0x00, 0x00, 0x00, 0x00,
  0x00, 0x00, 0x00, 0x00, 0x00, 0x00, 0x00, 0x00, 0x00, 0x00, 0x00, 0x00, 0x00, 0x00, 0x00, 0x00,
  0x00, 0x00, 0x00, 0x00, 0x00, 0x00, 0x00, 0x00, 0x00, 0x00, 0x00, 0x00, 0x00, 0x00, 0x00, 0x00,
  0x00, 0x00, 0x00, 0x00, 0x00, 0x00, 0x00, 0x00, 0x00, 0x00, 0x00, 0x00, 0x00, 0x00, 0x00, 0x00,
  0x00, 0x00, 0x00, 0x00, 0x00, 0x00, 0x00, 0x00, 0x00, 0x00, 0x00, 0x00, 0x00, 0x00, 0x00, 0x00,
  0x00, 0x00, 0x00, 0x00, 0x00, 0x00, 0x00, 0x00, 0x00, 0x00, 0x00, 0x00, 0x00, 0x00, 0x00, 0x00,
  0x00, 0x00, 0x00, 0x00, 0x00, 0x00, 0x00, 0x00, 0x00, 0x00, 0x00, 0x00, 0x00, 0x00, 0x00, 0x00,
  0x00, 0x00, 0x00, 0x00, 0x00, 0x00, 0x00, 0x00, 0x00, 0x00, 0x00, 0x00, 0x00, 0x00, 0x00, 0x00,
  0x00, 0x00, 0x00, 0x00, 0x00, 0x00, 0x00, 0x00, 0x00, 0x00, 0x00, 0x00, 0x00, 0x00, 0x00, 0x00,
  0x00, 0x00, 0x00, 0x00, 0x00, 0x00, 0x00, 0x00, 0x00, 0x00, 0x00, 0x00, 0x00, 0x00, 0x00, 0x00,
  0x00, 0x00, 0x00, 0x00, 0x00, 0x00, 0x00, 0x00, 0x00, 0x00, 0x00, 0x00, 0x00, 0x00, 0x00, 0x00,
  0x00, 0x00, 0x00, 0x00, 0x00, 0x00, 0x00, 0x00, 0x00, 0x00, 0x00, 0x00, 0x00, 0x00, 0x00, 0x00,
  0x00, 0x00, 0x00, 0x00, 0x00, 0x00, 0x00, 0x00, 0x00, 0x00, 0x00, 0x00, 0x00, 0x00, 0x00, 0x00,
  0x00, 0x00, 0x00, 0x00, 0x00, 0x00, 0x00, 0x00, 0x00, 0x00, 0x00, 0x00, 0x00, 0x00, 0x00, 0x00,
  0x00, 0x00, 0x00, 0x00, 0x00, 0x00, 0x00, 0x00, 0x00, 0x00, 0x00, 0x00, 0x00, 0x00, 0x00, 0x00,
  0x00, 0x00, 0x00, 0x00, 0x00, 0x00, 0x00, 0x00, 0x00, 0x00, 0x00, 0x00, 0x00, 0x00, 0x00, 0x00,
  0x00, 0x00, 0x00, 0x00, 0x00, 0x00, 0x00, 0x00, 0x00, 0x00, 0x00, 0x00, 0x00, 0x00, 0x00, 0x00,
  0x00, 0x00, 0x00, 0x00, 0x00, 0x00, 0x00, 0x00, 0x00, 0x00, 0x00, 0x00, 0x00, 0x00, 0x00, 0x00,
  0x00, 0x00, 0x00, 0x00, 0x00, 0x00, 0x00, 0x00, 0x00, 0x00, 0x00, 0x00, 0x00, 0x00, 0x00, 0x00,
  0x00, 0x00, 0x00, 0x00, 0x00, 0x00, 0x00, 0x00, 0x00, 0x00, 0x00, 0x00, 0x00, 0x00, 0x00, 0x00,
  0x00, 0x00, 0x00, 0x00, 0x00, 0x00, 0x00, 0x00, 0x00, 0x00, 0x00, 0x00, 0x00, 0x00, 0x00, 0x00,
  0x00, 0x00, 0x00, 0x00, 0x00, 0x00, 0x00, 0x00, 0x00, 0x00, 0x00, 0x00, 0x00, 0x00, 0x00, 0x00,
  0x00, 0x00, 0x00, 0x00, 0x00, 0x00, 0x00, 0x00, 0x00, 0x00, 0x00, 0x00, 0x00, 0x00, 0x00, 0x00,
  0x00, 0x00, 0x00, 0x00, 0x00, 0x00, 0x00, 0x00, 0x00, 0x00, 0x00, 0x00, 0x00, 0x00, 0x00, 0x00,
  0x00, 0x00, 0x00, 0x00, 0x00, 0x00, 0x00, 0x00, 0x0f, 0x0c, 0x0c, 0xff, 0x74, 0x0c, 0x13, 0xff,
  0x00, 0x00, 0x00, 0x00, 0x00, 0x00, 0x00, 0x00, 0x00, 0x00, 0x00, 0x00, 0x00, 0x00, 0x00, 0x00,
  0x00, 0x00, 0x00, 0x00, 0x00, 0x00, 0x00, 0x00, 0x00, 0x00, 0x00, 0x00, 0x00, 0x00, 0x00, 0x00,
  0x82, 0x0f, 0x17, 0xff, 0x11, 0x09, 0x08, 0xff, 0x00, 0x00, 0x00, 0x00, 0x00, 0x00, 0x00, 0x00,
  0x00, 0x00, 0x00, 0x00, 0x00, 0x00, 0x00, 0x00, 0x00, 0x00, 0x00, 0x00, 0x00, 0x00, 0x00, 0x00,
  0x00, 0x00, 0x00, 0x00, 0x00, 0x00, 0x00, 0x00, 0x00, 0x00, 0x00, 0x00, 0x00, 0x00, 0x00, 0x00,
  0x00, 0x00, 0x00, 0x00, 0x00, 0x00, 0x00, 0x00, 0x00, 0x00, 0x00, 0x00, 0x00, 0x00, 0x00, 0x00,
  0x00, 0x00, 0x00, 0x00, 0x00, 0x00, 0x00, 0x00, 0x00, 0x00, 0x00, 0x00, 0x00, 0x00, 0x00, 0x00,
  0x00, 0x00, 0x00, 0x00, 0x00, 0x00, 0x00, 0x00, 0x00, 0x00, 0x00, 0x00, 0x00, 0x00, 0x00, 0x00,
  0x00, 0x00, 0x00, 0x00, 0x00, 0x00, 0x00, 0x00, 0x00, 0x00, 0x00, 0x00, 0x00, 0x00, 0x00, 0x00,
  0x00, 0x00, 0x00, 0x00, 0x00, 0x00, 0x00, 0x00, 0x00, 0x00, 0x00, 0x00, 0x00, 0x00, 0x00, 0x00,
  0x00, 0x00, 0x00, 0x00, 0x00, 0x00, 0x00, 0x00, 0x00, 0x00, 0x00, 0x00, 0x00, 0x00, 0x00, 0x00,
  0x00, 0x00, 0x00, 0x00, 0x00, 0x00, 0x00, 0x00, 0x00, 0x00, 0x00, 0x00, 0x00, 0x00, 0x00, 0x00,
  0x00, 0x00, 0x00, 0x00, 0x00, 0x00, 0x00, 0x00, 0x00, 0x00, 0x00, 0x00, 0x00, 0x00, 0x00, 0x00,
  0x00, 0x00, 0x00, 0x00, 0x00, 0x00, 0x00, 0x00, 0x00, 0x00, 0x00, 0x00, 0x00, 0x00, 0x00, 0x00,
  0x00, 0x00, 0x00, 0x00, 0x00, 0x00, 0x00, 0x00, 0x00, 0x00, 0x00, 0x00, 0x00, 0x00, 0x00, 0x00,
  0x00, 0x00, 0x00, 0x00, 0x00, 0x00, 0x00, 0x00, 0x00, 0x00, 0x00, 0x00, 0x00, 0x00, 0x00, 0x00,
  0x00, 0x00, 0x00, 0x00, 0x00, 0x00, 0x00, 0x00, 0x00, 0x00, 0x00, 0x00, 0x00, 0x00, 0x00, 0x00,
  0x00, 0x00, 0x00, 0x00, 0x00, 0x00, 0x00, 0x00, 0x00, 0x00, 0x00, 0x00, 0x00, 0x00, 0x00, 0x00,
  0x00, 0x00, 0x00, 0x00, 0x00, 0x00, 0x00, 0x00, 0x00, 0x00, 0x00, 0x00, 0x00, 0x00, 0x00, 0x00,
  0x00, 0x00, 0x00, 0x00, 0x00, 0x00, 0x00, 0x00, 0x00, 0x00, 0x00, 0x00, 0x00, 0x00, 0x00, 0x00,
  0x00, 0x00, 0x00, 0x00, 0x00, 0x00, 0x00, 0x00, 0x00, 0x00, 0x00, 0x00, 0x00, 0x00, 0x00, 0x00,
  0x00, 0x00, 0x00, 0x00, 0x00, 0x00, 0x00, 0x00, 0x00, 0x00, 0x00, 0x00, 0x00, 0x00, 0x00, 0x00,
  0x00, 0x00, 0x00, 0x00, 0x00, 0x00, 0x00, 0x00, 0x00, 0x00, 0x00, 0x00, 0x00, 0x00, 0x00, 0x00,
  0x00, 0x00, 0x00, 0x00, 0x00, 0x00, 0x00, 0x00, 0x00, 0x00, 0x00, 0x00, 0x00, 0x00, 0x00, 0x00,
  0x00, 0x00, 0x00, 0x00, 0x00, 0x00, 0x00, 0x00, 0x00, 0x00, 0x00, 0x00, 0x00, 0x00, 0x00, 0x00,
  0x00, 0x00, 0x00, 0x00, 0x00, 0x00, 0x00, 0x00, 0x00, 0x00, 0x00, 0x00, 0x00, 0x00, 0x00, 0x00,
  0x00, 0x00, 0x00, 0x00, 0x00, 0x00, 0x00, 0x00, 0x00, 0x00, 0x00, 0x00, 0x00, 0x00, 0x00, 0x00,
  0x00, 0x00, 0x00, 0x00, 0x00, 0x00, 0x00, 0x00, 0x00, 0x00, 0x00, 0x00, 0x00, 0x00, 0x00, 0x00,
  0x00, 0x00, 0x00, 0x00, 0x00, 0x00, 0x00, 0x00, 0x00, 0x00, 0x00, 0x00, 0x00, 0x00, 0x00, 0x00,
  0x00, 0x00, 0x00, 0x00, 0x00, 0x00, 0x00, 0x00, 0x00, 0x00, 0x00, 0x00, 0x00, 0x00, 0x00, 0x00,
  0x00, 0x00, 0x00, 0x00, 0x00, 0x00, 0x00, 0x00, 0x00, 0x00, 0x00, 0x00, 0x00, 0x00, 0x00, 0x00,
  0x00, 0x00, 0x00, 0x00, 0x00, 0x00, 0x00, 0x00, 0x00, 0x00, 0x00, 0x00, 0x00, 0x00, 0x00, 0x00,
  0x00, 0x00, 0x00, 0x00, 0x00, 0x00, 0x00, 0x00, 0x00, 0x00, 0x00, 0x00, 0x00, 0x00, 0x00, 0x00,
  0x00, 0x00, 0x00, 0x00, 0x00, 0x00, 0x00, 0x00, 0x00, 0x00, 0x00, 0x00, 0x00, 0x00, 0x00, 0x00,
  0x00, 0x00, 0x00, 0x00, 0x00, 0x00, 0x00, 0x00, 0x00, 0x00, 0x00, 0x00, 0x00, 0x00, 0x00, 0x00,
  0x00, 0x00, 0x00, 0x00, 0x00, 0x00, 0x00, 0x00, 0x00, 0x00, 0x00, 0x00, 0x00, 0x00, 0x00, 0x00,
  0x00, 0x00, 0x00, 0x00, 0x00, 0x00, 0x00, 0x00, 0x00, 0x00, 0x00, 0x00, 0x00, 0x00, 0x00, 0x00,
  0x00, 0x00, 0x00, 0x00, 0x00, 0x00, 0x00, 0x00, 0x00, 0x00, 0x00, 0x00, 0x00, 0x00, 0x00, 0x00,
  0x00, 0x00, 0x00, 0x00, 0x00, 0x00, 0x00, 0x00, 0x00, 0x00, 0x00, 0x00, 0x00, 0x00, 0x00, 0x00,
  0x00, 0x00, 0x00, 0x00, 0x00, 0x00, 0x00, 0x00, 0x00, 0x00, 0x00, 0x00, 0x00, 0x00, 0x00, 0x00,
  0x00, 0x00, 0x00, 0x00, 0x00, 0x00, 0x00, 0x00, 0x00, 0x00, 0x00, 0x00, 0x00, 0x00, 0x00, 0x00,
  0x00, 0x00, 0x00, 0x00, 0x00, 0x00, 0x00, 0x00, 0x00, 0x00, 0x00, 0x00, 0x00, 0x00, 0x00, 0x00,
  0x00, 0x00, 0x00, 0x00, 0x00, 0x00, 0x00, 0x00, 0x00, 0x00, 0x00, 0x00, 0x00, 0x00, 0x00, 0x00,
  0x00, 0x00, 0x00, 0x00, 0x00, 0x00, 0x00, 0x00, 0x00, 0x00, 0x00, 0x00, 0x00, 0x00, 0x00, 0x00,
  0x00, 0x00, 0x00, 0x00, 0x00, 0x00, 0x00, 0x00, 0x00, 0x00, 0x00, 0x00, 0x00, 0x00, 0x00, 0x00,
  0x00, 0x00, 0x00, 0x00, 0x00, 0x00, 0x00, 0x00, 0x00, 0x00, 0x00, 0x00, 0x00, 0x00, 0x00, 0x00,
  0x00, 0x00, 0x00, 0x00, 0x00, 0x00, 0x00, 0x00, 0x00, 0x00, 0x00, 0x00, 0x00, 0x00, 0x00, 0x00,
  0x00, 0x00, 0x00, 0x00, 0x00, 0x00, 0x00, 0x00, 0x00, 0x00, 0x00, 0x00, 0x4c, 0x0f, 0x13, 0xff,
  0x00, 0x00, 0x00, 0x00, 0x00, 0x00, 0x00, 0x00, 0x00, 0x00, 0x00, 0x00, 0x00, 0x00, 0x00, 0x00,
  0x00, 0x00, 0x00, 0x00, 0x00, 0x00, 0x00, 0x00, 0x00, 0x00, 0x00, 0x00, 0x00, 0x00, 0x00, 0x00,
  0x73, 0x1b, 0x1d, 0xff, 0x00, 0x00, 0x00, 0x00, 0x00, 0x00, 0x00, 0x00, 0x00, 0x00, 0x00, 0x00,
  0x00, 0x00, 0x00, 0x00, 0x00, 0x00, 0x00, 0x00, 0x00, 0x00, 0x00, 0x00, 0x00, 0x00, 0x00, 0x00,
  0x00, 0x00, 0x00, 0x00, 0x00, 0x00, 0x00, 0x00, 0x00, 0x00, 0x00, 0x00, 0x00, 0x00, 0x00, 0x00,
  0x00, 0x00, 0x00, 0x00, 0x00, 0x00, 0x00, 0x00, 0x00, 0x00, 0x00, 0x00, 0x00, 0x00, 0x00, 0x00,
  0x00, 0x00, 0x00, 0x00, 0x00, 0x00, 0x00, 0x00, 0x00, 0x00, 0x00, 0x00, 0x00, 0x00, 0x00, 0x00,
  0x00, 0x00, 0x00, 0x00, 0x00, 0x00, 0x00, 0x00, 0x00, 0x00, 0x00, 0x00, 0x00, 0x00, 0x00, 0x00,
  0x00, 0x00, 0x00, 0x00, 0x00, 0x00, 0x00, 0x00, 0x00, 0x00, 0x00, 0x00, 0x00, 0x00, 0x00, 0x00,
  0x00, 0x00, 0x00, 0x00, 0x00, 0x00, 0x00, 0x00, 0x00, 0x00, 0x00, 0x00, 0x00, 0x00, 0x00, 0x00,
  0x00, 0x00, 0x00, 0x00, 0x00, 0x00, 0x00, 0x00, 0x00, 0x00, 0x00, 0x00, 0x00, 0x00, 0x00, 0x00,
  0x00, 0x00, 0x00, 0x00, 0x00, 0x00, 0x00, 0x00, 0x00, 0x00, 0x00, 0x00, 0x00, 0x00, 0x00, 0x00,
  0x00, 0x00, 0x00, 0x00, 0x00, 0x00, 0x00, 0x00, 0x00, 0x00, 0x00, 0x00, 0x00, 0x00, 0x00, 0x00,
  0x00, 0x00, 0x00, 0x00, 0x00, 0x00, 0x00, 0x00, 0x00, 0x00, 0x00, 0x00, 0x00, 0x00, 0x00, 0x00,
  0x00, 0x00, 0x00, 0x00, 0x00, 0x00, 0x00, 0x00, 0x00, 0x00, 0x00, 0x00, 0x00, 0x00, 0x00, 0x00,
  0x00, 0x00, 0x00, 0x00, 0x00, 0x00, 0x00, 0x00, 0x00, 0x00, 0x00, 0x00, 0x00, 0x00, 0x00, 0x00,
  0x00, 0x00, 0x00, 0x00, 0x00, 0x00, 0x00, 0x00, 0x00, 0x00, 0x00, 0x00, 0x00, 0x00, 0x00, 0x00,
  0x00, 0x00, 0x00, 0x00, 0x00, 0x00, 0x00, 0x00, 0x00, 0x00, 0x00, 0x00, 0x00, 0x00, 0x00, 0x00,
  0x00, 0x00, 0x00, 0x00, 0x00, 0x00, 0x00, 0x00, 0x00, 0x00, 0x00, 0x00, 0x00, 0x00, 0x00, 0x00,
  0x00, 0x00, 0x00, 0x00, 0x00, 0x00, 0x00, 0x00, 0x00, 0x00, 0x00, 0x00, 0x00, 0x00, 0x00, 0x00,
  0x00, 0x00, 0x00, 0x00, 0x00, 0x00, 0x00, 0x00, 0x00, 0x00, 0x00, 0x00, 0x00, 0x00, 0x00, 0x00,
  0x00, 0x00, 0x00, 0x00, 0x00, 0x00, 0x00, 0x00, 0x00, 0x00, 0x00, 0x00, 0x00, 0x00, 0x00, 0x00,
  0x00, 0x00, 0x00, 0x00, 0x00, 0x00, 0x00, 0x00, 0x00, 0x00, 0x00, 0x00, 0x00, 0x00, 0x00, 0x00,
  0x00, 0x00, 0x00, 0x00, 0x00, 0x00, 0x00, 0x00, 0x00, 0x00, 0x00, 0x00, 0x00, 0x00, 0x00, 0x00,
  0x00, 0x00, 0x00, 0x00, 0x00, 0x00, 0x00, 0x00, 0x00, 0x00, 0x00, 0x00, 0x00, 0x00, 0x00, 0x00,
  0x00, 0x00, 0x00, 0x00, 0x00, 0x00, 0x00, 0x00, 0x00, 0x00, 0x00, 0x00, 0x00, 0x00, 0x00, 0x00,
  0x00, 0x00, 0x00, 0x00, 0x00, 0x00, 0x00, 0x00, 0x00, 0x00, 0x00, 0x00, 0x00, 0x00, 0x00, 0x00,
  0x00, 0x00, 0x00, 0x00, 0x00, 0x00, 0x00, 0x00, 0x00, 0x00, 0x00, 0x00, 0x00, 0x00, 0x00, 0x00,
  0x00, 0x00, 0x00, 0x00, 0x00, 0x00, 0x00, 0x00, 0x00, 0x00, 0x00, 0x00, 0x00, 0x00, 0x00, 0x00,
  0x00, 0x00, 0x00, 0x00, 0x00, 0x00, 0x00, 0x00, 0x00, 0x00, 0x00, 0x00, 0x00, 0x00, 0x00, 0x00,
  0x00, 0x00, 0x00, 0x00, 0x00, 0x00, 0x00, 0x00, 0x00, 0x00, 0x00, 0x00, 0x00, 0x00, 0x00, 0x00,
  0x00, 0x00, 0x00, 0x00, 0x00, 0x00, 0x00, 0x00, 0x00, 0x00, 0x00, 0x00, 0x00, 0x00, 0x00, 0x00,
  0x00, 0x00, 0x00, 0x00, 0x00, 0x00, 0x00, 0x00, 0x00, 0x00, 0x00, 0x00, 0x00, 0x00, 0x00, 0x00,
  0x00, 0x00, 0x00, 0x00, 0x00, 0x00, 0x00, 0x00, 0x00, 0x00, 0x00, 0x00, 0x00, 0x00, 0x00, 0x00,
  0x00, 0x00, 0x00, 0x00, 0x00, 0x00, 0x00, 0x00, 0x00, 0x00, 0x00, 0x00, 0x00, 0x00, 0x00, 0x00,
  0x00, 0x00, 0x00, 0x00, 0x00, 0x00, 0x00, 0x00, 0x00, 0x00, 0x00, 0x00, 0x00, 0x00, 0x00, 0x00,
  0x00, 0x00, 0x00, 0x00, 0x00, 0x00, 0x00, 0x00, 0x00, 0x00, 0x00, 0x00, 0x00, 0x00, 0x00, 0x00,
  0x00, 0x00, 0x00, 0x00, 0x00, 0x00, 0x00, 0x00, 0x00, 0x00, 0x00, 0x00, 0x00, 0x00, 0x00, 0x00,
  0x00, 0x00, 0x00, 0x00, 0x00, 0x00, 0x00, 0x00, 0x00, 0x00, 0x00, 0x00, 0x00, 0x00, 0x00, 0x00,
  0x00, 0x00, 0x00, 0x00, 0x00, 0x00, 0x00, 0x00, 0x00, 0x00, 0x00, 0x00, 0x00, 0x00, 0x00, 0x00,
  0x00, 0x00, 0x00, 0x00, 0x00, 0x00, 0x00, 0x00, 0x00, 0x00, 0x00, 0x00, 0x00, 0x00, 0x00, 0x00,
  0x00, 0x00, 0x00, 0x00, 0x00, 0x00, 0x00, 0x00, 0x00, 0x00, 0x00, 0x00, 0x00, 0x00, 0x00, 0x00,
  0x00, 0x00, 0x00, 0x00, 0x00, 0x00, 0x00, 0x00, 0x00, 0x00, 0x00, 0x00, 0x00, 0x00, 0x00, 0x00,
  0x00, 0x00, 0x00, 0x00, 0x00, 0x00, 0x00, 0x00, 0x00, 0x00, 0x00, 0x00, 0x00, 0x00, 0x00, 0x00,
  0x00, 0x00, 0x00, 0x00, 0x00, 0x00, 0x00, 0x00, 0x00, 0x00, 0x00, 0x00, 0x00, 0x00, 0x00, 0x00,
  0x00, 0x00, 0x00, 0x00, 0x00, 0x00, 0x00, 0x00, 0x00, 0x00, 0x00, 0x00, 0x00, 0x00, 0x00, 0x00,
  0x00, 0x00, 0x00, 0x00, 0x00, 0x00, 0x00, 0x00, 0x00, 0x00, 0x00, 0x00, 0x00, 0x00, 0x00, 0x00,
  0x00, 0x00, 0x00, 0x00, 0x00, 0x00, 0x00, 0x00, 0x00, 0x00, 0x00, 0x00, 0x00, 0x00, 0x00, 0x00,
  0xeb, 0xb5, 0xae, 0xff, 0x00, 0x00, 0x00, 0x00, 0x00, 0x00, 0x00, 0x00, 0x00, 0x00, 0x00, 0x00,
  0x00, 0x00, 0x00, 0x00, 0x00, 0x00, 0x00, 0x00, 0x00, 0x00, 0x00, 0x00, 0x00, 0x00, 0x00, 0x00,
  0xe2, 0xaf, 0xaa, 0xff, 0x00, 0x00, 0x00, 0x00, 0x00, 0x00, 0x00, 0x00, 0x00, 0x00, 0x00, 0x00,
  0x00, 0x00, 0x00, 0x00, 0x00, 0x00, 0x00, 0x00, 0x00, 0x00, 0x00, 0x00, 0x00, 0x00, 0x00, 0x00,
  0x00, 0x00, 0x00, 0x00, 0x00, 0x00, 0x00, 0x00, 0x00, 0x00, 0x00, 0x00, 0x00, 0x00, 0x00, 0x00,
  0x00, 0x00, 0x00, 0x00, 0x00, 0x00, 0x00, 0x00, 0x00, 0x00, 0x00, 0x00, 0x00, 0x00, 0x00, 0x00,
  0x00, 0x00, 0x00, 0x00, 0x00, 0x00, 0x00, 0x00, 0x00, 0x00, 0x00, 0x00, 0x00, 0x00, 0x00, 0x00,
  0x00, 0x00, 0x00, 0x00, 0x00, 0x00, 0x00, 0x00, 0x00, 0x00, 0x00, 0x00, 0x00, 0x00, 0x00, 0x00,
  0x00, 0x00, 0x00, 0x00, 0x00, 0x00, 0x00, 0x00, 0x00, 0x00, 0x00, 0x00, 0x00, 0x00, 0x00, 0x00,
  0x00, 0x00, 0x00, 0x00, 0x00, 0x00, 0x00, 0x00, 0x00, 0x00, 0x00, 0x00, 0x00, 0x00, 0x00, 0x00,
  0x00, 0x00, 0x00, 0x00, 0x00, 0x00, 0x00, 0x00, 0x00, 0x00, 0x00, 0x00, 0x00, 0x00, 0x00, 0x00,
  0x00, 0x00, 0x00, 0x00, 0x00, 0x00, 0x00, 0x00, 0x00, 0x00, 0x00, 0x00, 0x00, 0x00, 0x00, 0x00,
  0x00, 0x00, 0x00, 0x00, 0x00, 0x00, 0x00, 0x00, 0x00, 0x00, 0x00, 0x00, 0x00, 0x00, 0x00, 0x00,
  0x00, 0x00, 0x00, 0x00, 0x00, 0x00, 0x00, 0x00, 0x00, 0x00, 0x00, 0x00, 0x00, 0x00, 0x00, 0x00,
  0x00, 0x00, 0x00, 0x00, 0x00, 0x00, 0x00, 0x00, 0x00, 0x00, 0x00, 0x00, 0x00, 0x00, 0x00, 0x00,
  0x00, 0x00, 0x00, 0x00, 0x00, 0x00, 0x00, 0x00, 0x00, 0x00, 0x00, 0x00, 0x00, 0x00, 0x00, 0x00,
  0x00, 0x00, 0x00, 0x00, 0x00, 0x00, 0x00, 0x00, 0x00, 0x00, 0x00, 0x00, 0x00, 0x00, 0x00, 0x00,
  0x00, 0x00, 0x00, 0x00, 0x00, 0x00, 0x00, 0x00, 0x00, 0x00, 0x00, 0x00, 0x00, 0x00, 0x00, 0x00,
  0x00, 0x00, 0x00, 0x00, 0x00, 0x00, 0x00, 0x00, 0x00, 0x00, 0x00, 0x00, 0x00, 0x00, 0x00, 0x00,
  0x00, 0x00, 0x00, 0x00, 0x00, 0x00, 0x00, 0x00, 0x00, 0x00, 0x00, 0x00, 0x00, 0x00, 0x00, 0x00,
  0x00, 0x00, 0x00, 0x00, 0x00, 0x00, 0x00, 0x00, 0x00, 0x00, 0x00, 0x00, 0x00, 0x00, 0x00, 0x00,
  0x00, 0x00, 0x00, 0x00, 0x00, 0x00, 0x00, 0x00, 0x00, 0x00, 0x00, 0x00, 0x00, 0x00, 0x00, 0x00,
  0x00, 0x00, 0x00, 0x00, 0x00, 0x00, 0x00, 0x00, 0x00, 0x00, 0x00, 0x00, 0x00, 0x00, 0x00, 0x00,
  0x00, 0x00, 0x00, 0x00, 0x00, 0x00, 0x00, 0x00, 0x00, 0x00, 0x00, 0x00, 0x00, 0x00, 0x00, 0x00,
  0x00, 0x00, 0x00, 0x00, 0x00, 0x00, 0x00, 0x00, 0x00, 0x00, 0x00, 0x00, 0x00, 0x00, 0x00, 0x00,
  0x00, 0x00, 0x00, 0x00, 0x00, 0x00, 0x00, 0x00, 0x00, 0x00, 0x00, 0x00, 0x00, 0x00, 0x00, 0x00,
  0x00, 0x00, 0x00, 0x00, 0x00, 0x00, 0x00, 0x00, 0x00, 0x00, 0x00, 0x00, 0x00, 0x00, 0x00, 0x00,
  0x00, 0x00, 0x00, 0x00, 0x00, 0x00, 0x00, 0x00, 0x00, 0x00, 0x00, 0x00, 0x00, 0x00, 0x00, 0x00,
  0x00, 0x00, 0x00, 0x00, 0x00, 0x00, 0x00, 0x00, 0x00, 0x00, 0x00, 0x00, 0x00, 0x00, 0x00, 0x00,
  0x00, 0x00, 0x00, 0x00, 0x00, 0x00, 0x00, 0x00, 0x00, 0x00, 0x00, 0x00, 0x00, 0x00, 0x00, 0x00,
  0x00, 0x00, 0x00, 0x00, 0x00, 0x00, 0x00, 0x00, 0x00, 0x00, 0x00, 0x00, 0x00, 0x00, 0x00, 0x00,
  0x00, 0x00, 0x00, 0x00, 0x00, 0x00, 0x00, 0x00, 0x00, 0x00, 0x00, 0x00, 0x00, 0x00, 0x00, 0x00,
  0x00, 0x00, 0x00, 0x00, 0x00, 0x00, 0x00, 0x00, 0x00, 0x00, 0x00, 0x00, 0x00, 0x00, 0x00, 0x00,
  0x00, 0x00, 0x00, 0x00, 0x00, 0x00, 0x00, 0x00, 0x00, 0x00, 0x00, 0x00, 0x00, 0x00, 0x00, 0x00,
  0x00, 0x00, 0x00, 0x00, 0x00, 0x00, 0x00, 0x00, 0x00, 0x00, 0x00, 0x00, 0x00, 0x00, 0x00, 0x00,
  0x00, 0x00, 0x00, 0x00, 0x00, 0x00, 0x00, 0x00, 0x00, 0x00, 0x00, 0x00, 0x00, 0x00, 0x00, 0x00,
  0x00, 0x00, 0x00, 0x00, 0x00, 0x00, 0x00, 0x00, 0x00, 0x00, 0x00, 0x00, 0x00, 0x00, 0x00, 0x00,
  0x00, 0x00, 0x00, 0x00, 0x00, 0x00, 0x00, 0x00, 0x00, 0x00, 0x00, 0x00, 0x00, 0x00, 0x00, 0x00,
  0x00, 0x00, 0x00, 0x00, 0x00, 0x00, 0x00, 0x00, 0x00, 0x00, 0x00, 0x00, 0x00, 0x00, 0x00, 0x00,
  0x00, 0x00, 0x00, 0x00, 0x00, 0x00, 0x00, 0x00, 0x00, 0x00, 0x00, 0x00, 0x00, 0x00, 0x00, 0x00,
  0x00, 0x00, 0x00, 0x00, 0x00, 0x00, 0x00, 0x00, 0x00, 0x00, 0x00, 0x00, 0x00, 0x00, 0x00, 0x00,
  0x00, 0x00, 0x00, 0x00, 0x00, 0x00, 0x00, 0x00, 0x00, 0x00, 0x00, 0x00, 0x00, 0x00, 0x00, 0x00,
  0x00, 0x00, 0x00, 0x00, 0x00, 0x00, 0x00, 0x00, 0x00, 0x00, 0x00, 0x00, 0x00, 0x00, 0x00, 0x00,
  0x00, 0x00, 0x00, 0x00, 0x00, 0x00, 0x00, 0x00, 0x00, 0x00, 0x00, 0x00, 0x00, 0x00, 0x00, 0x00,
  0x00, 0x00, 0x00, 0x00, 0x00, 0x00, 0x00, 0x00, 0x00, 0x00, 0x00, 0x00, 0x00, 0x00, 0x00, 0x00,
  0x00, 0x00, 0x00, 0x00, 0x00, 0x00, 0x00, 0x00, 0x00, 0x00, 0x00, 0x00, 0x00, 0x00, 0x00, 0x00,
  0x00, 0x00, 0x00, 0x00, 0x00, 0x00, 0x00, 0x00, 0x00, 0x00, 0x00, 0x00, 0x00, 0x00, 0x00, 0x00,
  0x00, 0x00, 0x00, 0x00, 0x00, 0x00, 0x00, 0x00, 0x00, 0x00, 0x00, 0x00, 0x00, 0x00, 0x00, 0x00,
  0x00, 0x00, 0x00, 0x00, 0x00, 0x00, 0x00, 0x00, 0x00, 0x00, 0x00, 0x00, 0x00, 0x00, 0x00, 0x00,
  0x00, 0x00, 0x00, 0x00, 0x00, 0x00, 0x00, 0x00, 0x00, 0x00, 0x00, 0x00, 0x00, 0x00, 0x00, 0x00,
  0x00, 0x00, 0x00, 0x00, 0x00, 0x00, 0x00, 0x00, 0x00, 0x00, 0x00, 0x00, 0x00, 0x00, 0x00, 0x00,
  0x00, 0x00, 0x00, 0x00, 0x00, 0x00, 0x00, 0x00, 0x00, 0x00, 0x00, 0x00, 0x00, 0x00, 0x00, 0x00,
  0x00, 0x00, 0x00, 0x00, 0x00, 0x00, 0x00, 0x00, 0x00, 0x00, 0x00, 0x00, 0x00, 0x00, 0x00, 0x00,
  0x00, 0x00, 0x00, 0x00, 0x00, 0x00, 0x00, 0x00, 0x00, 0x00, 0x00, 0x00, 0x00, 0x00, 0x00, 0x00,
  0x00, 0x00, 0x00, 0x00, 0x00, 0x00, 0x00, 0x00, 0x00, 0x00, 0x00, 0x00, 0x00, 0x00, 0x00, 0x00,
  0x00, 0x00, 0x00, 0x00, 0x00, 0x00, 0x00, 0x00, 0x00, 0x00, 0x00, 0x00, 0x00, 0x00, 0x00, 0x00,
  0x00, 0x00, 0x00, 0x00, 0x00, 0x00, 0x00, 0x00, 0x00, 0x00, 0x00, 0x00, 0x00, 0x00, 0x00, 0x00,
  0x00, 0x00, 0x00, 0x00, 0x00, 0x00, 0x00, 0x00, 0x00, 0x00, 0x00, 0x00, 0x00, 0x00, 0x00, 0x00,
  0x00, 0x00, 0x00, 0x00, 0x00, 0x00, 0x00, 0x00, 0x00, 0x00, 0x00, 0x00, 0x00, 0x00, 0x00, 0x00,
  0x00, 0x00, 0x00, 0x00, 0x00, 0x00, 0x00, 0x00, 0x00, 0x00, 0x00, 0x00, 0x00, 0x00, 0x00, 0x00,
  0x00, 0x00, 0x00, 0x00, 0x00, 0x00, 0x00, 0x00, 0x00, 0x00, 0x00, 0x00, 0x00, 0x00, 0x00, 0x00,
  0x00, 0x00, 0x00, 0x00, 0x00, 0x00, 0x00, 0x00, 0x00, 0x00, 0x00, 0x00, 0x00, 0x00, 0x00, 0x00,
  0x00, 0x00, 0x00, 0x00, 0x00, 0x00, 0x00, 0x00, 0x00, 0x00, 0x00, 0x00, 0x00, 0x00, 0x00, 0x00,
  0x00, 0x00, 0x00, 0x00, 0x00, 0x00, 0x00, 0x00, 0x00, 0x00, 0x00, 0x00, 0x00, 0x00, 0x00, 0x00,
  0x00, 0x00, 0x00, 0x00, 0x00, 0x00, 0x00, 0x00, 0x00, 0x00, 0x00, 0x00, 0x00, 0x00, 0x00, 0x00,
  0x00, 0x00, 0x00, 0x00, 0x00, 0x00, 0x00, 0x00, 0x00, 0x00, 0x00, 0x00, 0x00, 0x00, 0x00, 0x00,
  0x00, 0x00, 0x00, 0x00, 0x00, 0x00, 0x00, 0x00, 0x00, 0x00, 0x00, 0x00, 0x00, 0x00, 0x00, 0x00,
  0x00, 0x00, 0x00, 0x00, 0x00, 0x00, 0x00, 0x00, 0x00, 0x00, 0x00, 0x00, 0x00, 0x00, 0x00, 0x00,
  0x00, 0x00, 0x00, 0x00, 0x00, 0x00, 0x00, 0x00, 0x00, 0x00, 0x00, 0x00, 0x00, 0x00, 0x00, 0x00,
  0x00, 0x00, 0x00, 0x00, 0x00, 0x00, 0x00, 0x00, 0x00, 0x00, 0x00, 0x00, 0x00, 0x00, 0x00, 0x00,
  0x00, 0x00, 0x00, 0x00, 0x00, 0x00, 0x00, 0x00, 0x00, 0x00, 0x00, 0x00, 0x00, 0x00, 0x00, 0x00,
  0x00, 0x00, 0x00, 0x00, 0x00, 0x00, 0x00, 0x00, 0x00, 0x00, 0x00, 0x00, 0x00, 0x00, 0x00, 0x00,
  0x00, 0x00, 0x00, 0x00, 0x00, 0x00, 0x00, 0x00, 0x00, 0x00, 0x00, 0x00, 0x00, 0x00, 0x00, 0x00,
  0x00, 0x00, 0x00, 0x00, 0x00, 0x00, 0x00, 0x00, 0x00, 0x00, 0x00, 0x00, 0x00, 0x00, 0x00, 0x00,
  0x00, 0x00, 0x00, 0x00, 0x00, 0x00, 0x00, 0x00, 0x00, 0x00, 0x00, 0x00, 0x00, 0x00, 0x00, 0x00,
  0x00, 0x00, 0x00, 0x00, 0x00, 0x00, 0x00, 0x00, 0x00, 0x00, 0x00, 0x00, 0x00, 0x00, 0x00, 0x00,
  0x00, 0x00, 0x00, 0x00, 0x00, 0x00, 0x00, 0x00, 0x00, 0x00, 0x00, 0x00, 0x00, 0x00, 0x00, 0x00,
  0x00, 0x00, 0x00, 0x00, 0x00, 0x00, 0x00, 0x00, 0x00, 0x00, 0x00, 0x00, 0x00, 0x00, 0x00, 0x00,
  0x00, 0x00, 0x00, 0x00, 0x00, 0x00, 0x00, 0x00, 0x00, 0x00, 0x00, 0x00, 0x00, 0x00, 0x00, 0x00,
  0x00, 0x00, 0x00, 0x00, 0x00, 0x00, 0x00, 0x00, 0x00, 0x00, 0x00, 0x00, 0x00, 0x00, 0x00, 0x00,
  0x00, 0x00, 0x00, 0x00, 0x00, 0x00, 0x00, 0x00, 0x00, 0x00, 0x00, 0x00, 0x00, 0x00, 0x00, 0x00,
  0x00, 0x00, 0x00, 0x00, 0x00, 0x00, 0x00, 0x00, 0x00, 0x00, 0x00, 0x00, 0x00, 0x00, 0x00, 0x00,
  0x00, 0x00, 0x00, 0x00, 0x00, 0x00, 0x00, 0x00, 0x00, 0x00, 0x00, 0x00, 0x00, 0x00, 0x00, 0x00,
  0x00, 0x00, 0x00, 0x00, 0x00, 0x00, 0x00, 0x00, 0x00, 0x00, 0x00, 0x00, 0x00, 0x00, 0x00, 0x00,
  0x00, 0x00, 0x00, 0x00, 0x00, 0x00, 0x00, 0x00, 0x00, 0x00, 0x00, 0x00, 0x00, 0x00, 0x00, 0x00,
  0x00, 0x00, 0x00, 0x00, 0x00, 0x00, 0x00, 0x00, 0x00, 0x00, 0x00, 0x00, 0x00, 0x00, 0x00, 0x00,
  0x00, 0x00, 0x00, 0x00, 0x00, 0x00, 0x00, 0x00, 0x00, 0x00, 0x00, 0x00, 0x00, 0x00, 0x00, 0x00,
  0x00, 0x00, 0x00, 0x00, 0x00, 0x00, 0x00, 0x00, 0x00, 0x00, 0x00, 0x00, 0x00, 0x00, 0x00, 0x00,
  0x00, 0x00, 0x00, 0x00, 0x00, 0x00, 0x00, 0x00, 0x00, 0x00, 0x00, 0x00, 0x00, 0x00, 0x00, 0x00,
  0x00, 0x00, 0x00, 0x00, 0x00, 0x00, 0x00, 0x00, 0x00, 0x00, 0x00, 0x00, 0x00, 0x00, 0x00, 0x00,
  0x00, 0x00, 0x00, 0x00, 0x00, 0x00, 0x00, 0x00, 0x00, 0x00, 0x00, 0x00, 0x00, 0x00, 0x00, 0x00,
  0x00, 0x00, 0x00, 0x00, 0x00, 0x00, 0x00, 0x00, 0x00, 0x00, 0x00, 0x00, 0x00, 0x00, 0x00, 0x00,
  0x00, 0x00, 0x00, 0x00, 0x00, 0x00, 0x00, 0x00, 0x00, 0x00, 0x00, 0x00, 0x00, 0x00, 0x00, 0x00,
  0x00, 0x00, 0x00, 0x00, 0x00, 0x00, 0x00, 0x00, 0x00, 0x00, 0x00, 0x00, 0x00, 0x00, 0x00, 0x00,
  0x00, 0x00, 0x00, 0x00, 0x00, 0x00, 0x00, 0x00, 0x00, 0x00, 0x00, 0x00, 0x00, 0x00, 0x00, 0x00,
  0x00, 0x00, 0x00, 0x00, 0x00, 0x00, 0x00, 0x00, 0x00, 0x00, 0x00, 0x00, 0x00, 0x00, 0x00, 0x00,
  0x00, 0x00, 0x00, 0x00, 0x00, 0x00, 0x00, 0x00, 0x00, 0x00, 0x00, 0x00, 0x00, 0x00, 0x00, 0x00,
  0x00, 0x00, 0x00, 0x00, 0x00, 0x00, 0x00, 0x00, 0x00, 0x00, 0x00, 0x00, 0x00, 0x00, 0x00, 0x00,
  0x00, 0x00, 0x00, 0x00, 0x00, 0x00, 0x00, 0x00, 0x00, 0x00, 0x00, 0x00, 0x00, 0x00, 0x00, 0x00,
  0x00, 0x00, 0x00, 0x00, 0x00, 0x00, 0x00, 0x00, 0x00, 0x00, 0x00, 0x00, 0x00, 0x00, 0x00, 0x00,
  0x00, 0x00, 0x00, 0x00, 0x00, 0x00, 0x00, 0x00, 0x00, 0x00, 0x00, 0x00, 0x00, 0x00, 0x00, 0x00,
  0x00, 0x00, 0x00, 0x00, 0x00, 0x00, 0x00, 0x00, 0x00, 0x00, 0x00, 0x00, 0x00, 0x00, 0x00, 0x00,
  0x00, 0x00, 0x00, 0x00, 0x00, 0x00, 0x00, 0x00, 0x00, 0x00, 0x00, 0x00, 0x00, 0x00, 0x00, 0x00,
  0x00, 0x00, 0x00, 0x00, 0x00, 0x00, 0x00, 0x00, 0x00, 0x00, 0x00, 0x00, 0x00, 0x00, 0x00, 0x00,
  0x00, 0x00, 0x00, 0x00, 0x00, 0x00, 0x00, 0x00, 0x00, 0x00, 0x00, 0x00, 0x00, 0x00, 0x00, 0x00,
  0x00, 0x00, 0x00, 0x00, 0x00, 0x00, 0x00, 0x00, 0x00, 0x00, 0x00, 0x00, 0x00, 0x00, 0x00, 0x00,
  0x00, 0x00, 0x00, 0x00, 0x00, 0x00, 0x00, 0x00, 0x00, 0x00, 0x00, 0x00, 0x00, 0x00, 0x00, 0x00,
  0x00, 0x00, 0x00, 0x00, 0x00, 0x00, 0x00, 0x00, 0x00, 0x00, 0x00, 0x00, 0x00, 0x00, 0x00, 0x00,
  0x00, 0x00, 0x00, 0x00, 0x00, 0x00, 0x00, 0x00, 0x00, 0x00, 0x00, 0x00, 0x00, 0x00, 0x00, 0x00,
  0x00, 0x00, 0x00, 0x00, 0x00, 0x00, 0x00, 0x00, 0x00, 0x00, 0x00, 0x00, 0x00, 0x00, 0x00, 0x00,
  0x00, 0x00, 0x00, 0x00, 0x00, 0x00, 0x00, 0x00, 0x00, 0x00, 0x00, 0x00, 0x00, 0x00, 0x00, 0x00,
  0x00, 0x00, 0x00, 0x00, 0x00, 0x00, 0x00, 0x00, 0x00, 0x00, 0x00, 0x00, 0x00, 0x00, 0x00, 0x00,
  0x00, 0x00, 0x00, 0x00, 0x00, 0x00, 0x00, 0x00, 0x00, 0x00, 0x00, 0x00, 0x00, 0x00, 0x00, 0x00,
  0x00, 0x00, 0x00, 0x00, 0x00, 0x00, 0x00, 0x00, 0x00, 0x00, 0x00, 0x00, 0x00, 0x00, 0x00, 0x00,
  0x00, 0x00, 0x00, 0x00, 0x00, 0x00, 0x00, 0x00, 0x00, 0x00, 0x00, 0x00, 0x00, 0x00, 0x00, 0x00,
  0x00, 0x00, 0x00, 0x00, 0x00, 0x00, 0x00, 0x00, 0x00, 0x00, 0x00, 0x00, 0x00, 0x00, 0x00, 0x00,
  0x00, 0x00, 0x00, 0x00, 0x00, 0x00, 0x00, 0x00, 0x00, 0x00, 0x00, 0x00, 0x00, 0x00, 0x00, 0x00,
  0x00, 0x00, 0x00, 0x00, 0x00, 0x00, 0x00, 0x00, 0x00, 0x00, 0x00, 0x00, 0x00, 0x00, 0x00, 0x00,
  0x00, 0x00, 0x00, 0x00, 0x00, 0x00, 0x00, 0x00, 0x00, 0x00, 0x00, 0x00, 0x00, 0x00, 0x00, 0x00,
  0x00, 0x00, 0x00, 0x00, 0x00, 0x00, 0x00, 0x00, 0x00, 0x00, 0x00, 0x00, 0x00, 0x00, 0x00, 0x00,
  0x00, 0x00, 0x00, 0x00, 0x00, 0x00, 0x00, 0x00, 0x00, 0x00, 0x00, 0x00, 0x00, 0x00, 0x00, 0x00,
  0x00, 0x00, 0x00, 0x00, 0x00, 0x00, 0x00, 0x00, 0x00, 0x00, 0x00, 0x00, 0x00, 0x00, 0x00, 0x00,
  0x00, 0x00, 0x00, 0x00, 0x00, 0x00, 0x00, 0x00, 0x00, 0x00, 0x00, 0x00, 0x00, 0x00, 0x00, 0x00,
  0x00, 0x00, 0x00, 0x00, 0x00, 0x00, 0x00, 0x00, 0x00, 0x00, 0x00, 0x00, 0x00, 0x00, 0x00, 0x00,
  0x00, 0x00, 0x00, 0x00, 0x00, 0x00, 0x00, 0x00, 0x00, 0x00, 0x00, 0x00, 0x00, 0x00, 0x00, 0x00,
  0x00, 0x00, 0x00, 0x00, 0x00, 0x00, 0x00, 0x00, 0x00, 0x00, 0x00, 0x00, 0x00, 0x00, 0x00, 0x00,
  0x00, 0x00, 0x00, 0x00, 0x00, 0x00, 0x00, 0x00, 0x00, 0x00, 0x00, 0x00, 0x00, 0x00, 0x00, 0x00,
  0x00, 0x00, 0x00, 0x00, 0x00, 0x00, 0x00, 0x00, 0x00, 0x00, 0x00, 0x00, 0x00, 0x00, 0x00, 0x00,
  0x00, 0x00, 0x00, 0x00, 0x00, 0x00, 0x00, 0x00, 0x00, 0x00, 0x00, 0x00, 0x00, 0x00, 0x00, 0x00,
  0x00, 0x00, 0x00, 0x00, 0x00, 0x00, 0x00, 0x00, 0x00, 0x00, 0x00, 0x00, 0x00, 0x00, 0x00, 0x00,
  0x00, 0x00, 0x00, 0x00, 0x00, 0x00, 0x00, 0x00, 0x00, 0x00, 0x00, 0x00, 0x00, 0x00, 0x00, 0x00,
  0x00, 0x00, 0x00, 0x00, 0x00, 0x00, 0x00, 0x00, 0x00, 0x00, 0x00, 0x00, 0x00, 0x00, 0x00, 0x00,
  0x00, 0x00, 0x00, 0x00, 0x00, 0x00, 0x00, 0x00, 0x00, 0x00, 0x00, 0x00, 0x00, 0x00, 0x00, 0x00,
  0x00, 0x00, 0x00, 0x00, 0x00, 0x00, 0x00, 0x00, 0x00, 0x00, 0x00, 0x00, 0x00, 0x00, 0x00, 0x00,
  0x00, 0x00, 0x00, 0x00, 0x00, 0x00, 0x00, 0x00, 0x00, 0x00, 0x00, 0x00, 0x00, 0x00, 0x00, 0x00,
  0x00, 0x00, 0x00, 0x00, 0x00, 0x00, 0x00, 0x00, 0x00, 0x00, 0x00, 0x00, 0x00, 0x00, 0x00, 0x00,
  0x00, 0x00, 0x00, 0x00, 0x00, 0x00, 0x00, 0x00, 0x00, 0x00, 0x00, 0x00, 0x00, 0x00, 0x00, 0x00,
  0x00, 0x00, 0x00, 0x00, 0x00, 0x00, 0x00, 0x00, 0x00, 0x00, 0x00, 0x00, 0x00, 0x00, 0x00, 0x00,
  0x00, 0x00, 0x00, 0x00, 0x00, 0x00, 0x00, 0x00, 0x00, 0x00, 0x00, 0x00, 0x00, 0x00, 0x00, 0x00,
  0x00, 0x00, 0x00, 0x00, 0x00, 0x00, 0x00, 0x00, 0x00, 0x00, 0x00, 0x00, 0x00, 0x00, 0x00, 0x00,
  0x00, 0x00, 0x00, 0x00, 0x00, 0x00, 0x00, 0x00, 0x00, 0x00, 0x00, 0x00, 0x00, 0x00, 0x00, 0x00,
  0x00, 0x00, 0x00, 0x00, 0x00, 0x00, 0x00, 0x00, 0x00, 0x00, 0x00, 0x00, 0x00, 0x00, 0x00, 0x00,
  0x00, 0x00, 0x00, 0x00, 0x00, 0x00, 0x00, 0x00, 0x00, 0x00, 0x00, 0x00, 0x00, 0x00, 0x00, 0x00,
  0x00, 0x00, 0x00, 0x00, 0x00, 0x00, 0x00, 0x00, 0x00, 0x00, 0x00, 0x00, 0x00, 0x00, 0x00, 0x00,
  0x00, 0x00, 0x00, 0x00, 0x00, 0x00, 0x00, 0x00, 0x00, 0x00, 0x00, 0x00, 0x00, 0x00, 0x00, 0x00,
  0x00, 0x00, 0x00, 0x00, 0x00, 0x00, 0x00, 0x00, 0x00, 0x00, 0x00, 0x00, 0x00, 0x00, 0x00, 0x00,
  0x00, 0x00, 0x00, 0x00, 0x00, 0x00, 0x00, 0x00, 0x00, 0x00, 0x00, 0x00, 0x00, 0x00, 0x00, 0x00,
  0x00, 0x00, 0x00, 0x00, 0x00, 0x00, 0x00, 0x00, 0x00, 0x00, 0x00, 0x00, 0x00, 0x00, 0x00, 0x00,
  0x00, 0x00, 0x00, 0x00, 0x00, 0x00, 0x00, 0x00, 0x00, 0x00, 0x00, 0x00, 0x00, 0x00, 0x00, 0x00,
  0x00, 0x00, 0x00, 0x00, 0x00, 0x00, 0x00, 0x00, 0x00, 0x00, 0x00, 0x00, 0x00, 0x00, 0x00, 0x00,
  0x00, 0x00, 0x00, 0x00, 0x00, 0x00, 0x00, 0x00, 0x00, 0x00, 0x00, 0x00, 0x00, 0x00, 0x00, 0x00,
  0x00, 0x00, 0x00, 0x00, 0x00, 0x00, 0x00, 0x00, 0x00, 0x00, 0x00, 0x00, 0x00, 0x00, 0x00, 0x00,
  0x00, 0x00, 0x00, 0x00, 0x00, 0x00, 0x00, 0x00, 0x00, 0x00, 0x00, 0x00, 0x00, 0x00, 0x00, 0x00,
  0x00, 0x00, 0x00, 0x00, 0x00, 0x00, 0x00, 0x00, 0x00, 0x00, 0x00, 0x00, 0x00, 0x00, 0x00, 0x00,
  0x00, 0x00, 0x00, 0x00, 0x00, 0x00, 0x00, 0x00, 0x00, 0x00, 0x00, 0x00, 0x00, 0x00, 0x00, 0x00,
  0x00, 0x00, 0x00, 0x00, 0x00, 0x00, 0x00, 0x00, 0x00, 0x00, 0x00, 0x00, 0x00, 0x00, 0x00, 0x00,
  0x00, 0x00, 0x00, 0x00, 0x00, 0x00, 0x00, 0x00, 0x00, 0x00, 0x00, 0x00, 0x00, 0x00, 0x00, 0x00,
  0x00, 0x00, 0x00, 0x00, 0x00, 0x00, 0x00, 0x00, 0x00, 0x00, 0x00, 0x00, 0x00, 0x00, 0x00, 0x00,
  0x00, 0x00, 0x00, 0x00, 0x00, 0x00, 0x00, 0x00, 0x00, 0x00, 0x00, 0x00, 0x00, 0x00, 0x00, 0x00,
  0x00, 0x00, 0x00, 0x00, 0x00, 0x00, 0x00, 0x00, 0x00, 0x00, 0x00, 0x00, 0x00, 0x00, 0x00, 0x00,
  0x00, 0x00, 0x00, 0x00, 0x00, 0x00, 0x00, 0x00, 0x00, 0x00, 0x00, 0x00, 0x00, 0x00, 0x00, 0x00,
  0x00, 0x00, 0x00, 0x00, 0x00, 0x00, 0x00, 0x00, 0x00, 0x00, 0x00, 0x00, 0x00, 0x00, 0x00, 0x00,
  0x00, 0x00, 0x00, 0x00, 0x00, 0x00, 0x00, 0x00, 0x00, 0x00, 0x00, 0x00, 0x00, 0x00, 0x00, 0x00,
  0x00, 0x00, 0x00, 0x00, 0x00, 0x00, 0x00, 0x00, 0x00, 0x00, 0x00, 0x00, 0x00, 0x00, 0x00, 0x00,
  0x00, 0x00, 0x00, 0x00, 0x00, 0x00, 0x00, 0x00, 0x00, 0x00, 0x00, 0x00, 0x00, 0x00, 0x00, 0x00,
  0x00, 0x00, 0x00, 0x00, 0x00, 0x00, 0x00, 0x00, 0x00, 0x00, 0x00, 0x00, 0x00, 0x00, 0x00, 0x00,
  0x00, 0x00, 0x00, 0x00, 0x00, 0x00, 0x00, 0x00, 0x00, 0x00, 0x00, 0x00, 0x00, 0x00, 0x00, 0x00,
  0x00, 0x00, 0x00, 0x00, 0x00, 0x00, 0x00, 0x00, 0x00, 0x00, 0x00, 0x00, 0x00, 0x00, 0x00, 0x00,
  0x00, 0x00, 0x00, 0x00, 0x00, 0x00, 0x00, 0x00, 0x00, 0x00, 0x00, 0x00, 0x00, 0x00, 0x00, 0x00,
  0x00, 0x00, 0x00, 0x00, 0x00, 0x00, 0x00, 0x00, 0x00, 0x00, 0x00, 0x00, 0x00, 0x00, 0x00, 0x00,
  0x00, 0x00, 0x00, 0x00, 0x00, 0x00, 0x00, 0x00, 0x00, 0x00, 0x00, 0x00, 0x00, 0x00, 0x00, 0x00,
  0x00, 0x00, 0x00, 0x00, 0x00, 0x00, 0x00, 0x00, 0x00, 0x00, 0x00, 0x00, 0x00, 0x00, 0x00, 0x00,
  0x00, 0x00, 0x00, 0x00, 0x00, 0x00, 0x00, 0x00, 0x00, 0x00, 0x00, 0x00, 0x00, 0x00, 0x00, 0x00,
  0x00, 0x00, 0x00, 0x00, 0x00, 0x00, 0x00, 0x00, 0x00, 0x00, 0x00, 0x00, 0x00, 0x00, 0x00, 0x00,
  0x00, 0x00, 0x00, 0x00, 0x00, 0x00, 0x00, 0x00, 0x00, 0x00, 0x00, 0x00, 0x00, 0x00, 0x00, 0x00,
  0x00, 0x00, 0x00, 0x00, 0x00, 0x00, 0x00, 0x00, 0x00, 0x00, 0x00, 0x00, 0x00, 0x00, 0x00, 0x00,
  0x00, 0x00, 0x00, 0x00, 0x00, 0x00, 0x00, 0x00, 0x00, 0x00, 0x00, 0x00, 0x00, 0x00, 0x00, 0x00,
  0x00, 0x00, 0x00, 0x00, 0x00, 0x00, 0x00, 0x00, 0x00, 0x00, 0x00, 0x00, 0x00, 0x00, 0x00, 0x00,
  0x00, 0x00, 0x00, 0x00, 0x00, 0x00, 0x00, 0x00, 0x00, 0x00, 0x00, 0x00, 0x00, 0x00, 0x00, 0x00,
  0x00, 0x00, 0x00, 0x00, 0x00, 0x00, 0x00, 0x00, 0x00, 0x00, 0x00, 0x00, 0x00, 0x00, 0x00, 0x00,
  0x00, 0x00, 0x00, 0x00, 0x00, 0x00, 0x00, 0x00, 0x00, 0x00, 0x00, 0x00, 0x00, 0x00, 0x00, 0x00,
  0x00, 0x00, 0x00, 0x00, 0x00, 0x00, 0x00, 0x00, 0x00, 0x00, 0x00, 0x00, 0x00, 0x00, 0x00, 0x00,
  0x00, 0x00, 0x00, 0x00, 0x00, 0x00, 0x00, 0x00, 0x00, 0x00, 0x00, 0x00, 0x00, 0x00, 0x00, 0x00,
  0x00, 0x00, 0x00, 0x00, 0x00, 0x00, 0x00, 0x00, 0x00, 0x00, 0x00, 0x00, 0x00, 0x00, 0x00, 0x00,
  0x00, 0x00, 0x00, 0x00, 0x00, 0x00, 0x00, 0x00, 0x00, 0x00, 0x00, 0x00, 0x00, 0x00, 0x00, 0x00,
  0x00, 0x00, 0x00, 0x00, 0x00, 0x00, 0x00, 0x00, 0x00, 0x00, 0x00, 0x00, 0x00, 0x00, 0x00, 0x00,
  0x00, 0x00, 0x00, 0x00, 0x00, 0x00, 0x00, 0x00, 0x00, 0x00, 0x00, 0x00, 0x00, 0x00, 0x00, 0x00,
  0x00, 0x00, 0x00, 0x00, 0x00, 0x00, 0x00, 0x00, 0x00, 0x00, 0x00, 0x00, 0x00, 0x00, 0x00, 0x00,
  0x00, 0x00, 0x00, 0x00, 0x00, 0x00, 0x00, 0x00, 0x00, 0x00, 0x00, 0x00, 0x00, 0x00, 0x00, 0x00,
  0x00, 0x00, 0x00, 0x00, 0x00, 0x00, 0x00, 0x00, 0x00, 0x00, 0x00, 0x00, 0x00, 0x00, 0x00, 0x00,
  0x00, 0x00, 0x00, 0x00, 0x00, 0x00, 0x00, 0x00, 0x00, 0x00, 0x00, 0x00, 0x00, 0x00, 0x00, 0x00,
  0x00, 0x00, 0x00, 0x00, 0x00, 0x00, 0x00, 0x00, 0x00, 0x00, 0x00, 0x00, 0x00, 0x00, 0x00, 0x00,
  0x00, 0x00, 0x00, 0x00, 0x00, 0x00, 0x00, 0x00, 0x00, 0x00, 0x00, 0x00, 0x00, 0x00, 0x00, 0x00,
  0x00, 0x00, 0x00, 0x00, 0x00, 0x00, 0x00, 0x00, 0x00, 0x00, 0x00, 0x00, 0x00, 0x00, 0x00, 0x00,
  0x00, 0x00, 0x00, 0x00, 0x00, 0x00, 0x00, 0x00, 0x00, 0x00, 0x00, 0x00, 0x00, 0x00, 0x00, 0x00,
  0x00, 0x00, 0x00, 0x00, 0x00, 0x00, 0x00, 0x00, 0x00, 0x00, 0x00, 0x00, 0x00, 0x00, 0x00, 0x00,
  0x00, 0x00, 0x00, 0x00, 0x00, 0x00, 0x00, 0x00, 0x00, 0x00, 0x00, 0x00, 0x00, 0x00, 0x00, 0x00,
  0x00, 0x00, 0x00, 0x00, 0x00, 0x00, 0x00, 0x00, 0x00, 0x00, 0x00, 0x00, 0x00, 0x00, 0x00, 0x00,
  0x00, 0x00, 0x00, 0x00, 0x00, 0x00, 0x00, 0x00, 0x00, 0x00, 0x00, 0x00, 0x00, 0x00, 0x00, 0x00,
  0x00, 0x00, 0x00, 0x00, 0x00, 0x00, 0x00, 0x00, 0x00, 0x00, 0x00, 0x00, 0x00, 0x00, 0x00, 0x00,
  0x00, 0x00, 0x00, 0x00, 0x00, 0x00, 0x00, 0x00, 0x00, 0x00, 0x00, 0x00, 0x00, 0x00, 0x00, 0x00,
  0x00, 0x00, 0x00, 0x00, 0x00, 0x00, 0x00, 0x00, 0x00, 0x00, 0x00, 0x00, 0x00, 0x00, 0x00, 0x00,
  0x00, 0x00, 0x00, 0x00, 0x00, 0x00, 0x00, 0x00, 0x00, 0x00, 0x00, 0x00, 0x00, 0x00, 0x00, 0x00,
  0x00, 0x00, 0x00, 0x00, 0x00, 0x00, 0x00, 0x00, 0x00, 0x00, 0x00, 0x00, 0x00, 0x00, 0x00, 0x00,
  0x00, 0x00, 0x00, 0x00, 0x00, 0x00, 0x00, 0x00, 0x00, 0x00, 0x00, 0x00, 0x00, 0x00, 0x00, 0x00,
  0x00, 0x00, 0x00, 0x00, 0x00, 0x00, 0x00, 0x00, 0x00, 0x00, 0x00, 0x00, 0x00, 0x00, 0x00, 0x00,
  0x00, 0x00, 0x00, 0x00, 0x00, 0x00, 0x00, 0x00, 0x00, 0x00, 0x00, 0x00, 0x00, 0x00, 0x00, 0x00,
  0x00, 0x00, 0x00, 0x00, 0x00, 0x00, 0x00, 0x00, 0x00, 0x00, 0x00, 0x00, 0x00, 0x00, 0x00, 0x00,
  0x00, 0x00, 0x00, 0x00, 0x00, 0x00, 0x00, 0x00, 0x00, 0x00, 0x00, 0x00, 0x00, 0x00, 0x00, 0x00,
  0x00, 0x00, 0x00, 0x00, 0x00, 0x00, 0x00, 0x00, 0x00, 0x00, 0x00, 0x00, 0x00, 0x00, 0x00, 0x00,
  0x00, 0x00, 0x00, 0x00, 0x00, 0x00, 0x00, 0x00, 0x00, 0x00, 0x00, 0x00, 0x00, 0x00, 0x00, 0x00,
  0x00, 0x00, 0x00, 0x00, 0x00, 0x00, 0x00, 0x00, 0x00, 0x00, 0x00, 0x00, 0x00, 0x00, 0x00, 0x00,
  0x00, 0x00, 0x00, 0x00, 0x00, 0x00, 0x00, 0x00, 0x00, 0x00, 0x00, 0x00, 0x00, 0x00, 0x00, 0x00,
  0x00, 0x00, 0x00, 0x00, 0x00, 0x00, 0x00, 0x00, 0x00, 0x00, 0x00, 0x00, 0x00, 0x00, 0x00, 0x00,
  0x00, 0x00, 0x00, 0x00, 0x00, 0x00, 0x00, 0x00, 0x00, 0x00, 0x00, 0x00, 0x00, 0x00, 0x00, 0x00,
  0x00, 0x00, 0x00, 0x00, 0x00, 0x00, 0x00, 0x00, 0x00, 0x00, 0x00, 0x00, 0x00, 0x00, 0x00, 0x00,
  0x00, 0x00, 0x00, 0x00, 0x00, 0x00, 0x00, 0x00, 0x00, 0x00, 0x00, 0x00, 0x00, 0x00, 0x00, 0x00,
  0x00, 0x00, 0x00, 0x00, 0x00, 0x00, 0x00, 0x00, 0x00, 0x00, 0x00, 0x00, 0x00, 0x00, 0x00, 0x00,
  0x00, 0x00, 0x00, 0x00, 0x00, 0x00, 0x00, 0x00, 0x00, 0x00, 0x00, 0x00, 0x00, 0x00, 0x00, 0x00,
  0x00, 0x00, 0x00, 0x00, 0x00, 0x00, 0x00, 0x00, 0x00, 0x00, 0x00, 0x00, 0x00, 0x00, 0x00, 0x00,
  0x00, 0x00, 0x00, 0x00, 0x00, 0x00, 0x00, 0x00, 0x00, 0x00, 0x00, 0x00, 0x00, 0x00, 0x00, 0x00,
  0x00, 0x00, 0x00, 0x00, 0x00, 0x00, 0x00, 0x00, 0x00, 0x00, 0x00, 0x00, 0x00, 0x00, 0x00, 0x00,
  0x00, 0x00, 0x00, 0x00, 0x00, 0x00, 0x00, 0x00, 0x00, 0x00, 0x00, 0x00, 0x00, 0x00, 0x00, 0x00,
  0x00, 0x00, 0x00, 0x00, 0x00, 0x00, 0x00, 0x00, 0x00, 0x00, 0x00, 0x00, 0x00, 0x00, 0x00, 0x00,
  0x00, 0x00, 0x00, 0x00, 0x00, 0x00, 0x00, 0x00, 0x00, 0x00, 0x00, 0x00, 0x00, 0x00, 0x00, 0x00,
  0x00, 0x00, 0x00, 0x00, 0x00, 0x00, 0x00, 0x00, 0x00, 0x00, 0x00, 0x00, 0x00, 0x00, 0x00, 0x00,
  0x00, 0x00, 0x00, 0x00, 0x00, 0x00, 0x00, 0x00, 0x00, 0x00, 0x00, 0x00, 0x00, 0x00, 0x00, 0x00,
  0x00, 0x00, 0x00, 0x00, 0x00, 0x00, 0x00, 0x00, 0x00, 0x00, 0x00, 0x00, 0x00, 0x00, 0x00, 0x00,
  0x00, 0x00, 0x00, 0x00, 0x00, 0x00, 0x00, 0x00, 0x00, 0x00, 0x00, 0x00, 0x00, 0x00, 0x00, 0x00,
  0x00, 0x00, 0x00, 0x00, 0x00, 0x00, 0x00, 0x00, 0x00, 0x00, 0x00, 0x00, 0x00, 0x00, 0x00, 0x00,
  0x00, 0x00, 0x00, 0x00, 0x00, 0x00, 0x00, 0x00, 0x00, 0x00, 0x00, 0x00, 0x00, 0x00, 0x00, 0x00,
  0x00, 0x00, 0x00, 0x00, 0x00, 0x00, 0x00, 0x00, 0x00, 0x00, 0x00, 0x00, 0x00, 0x00, 0x00, 0x00,
  0x00, 0x00, 0x00, 0x00, 0x00, 0x00, 0x00, 0x00, 0x00, 0x00, 0x00, 0x00, 0x00, 0x00, 0x00, 0x00,
  0x00, 0x00, 0x00, 0x00, 0x00, 0x00, 0x00, 0x00, 0x00, 0x00, 0x00, 0x00, 0x00, 0x00, 0x00, 0x00,
  0x00, 0x00, 0x00, 0x00, 0x00, 0x00, 0x00, 0x00, 0x00, 0x00, 0x00, 0x00, 0x00, 0x00, 0x00, 0x00,
  0x00, 0x00, 0x00, 0x00, 0x00, 0x00, 0x00, 0x00, 0x00, 0x00, 0x00, 0x00, 0x00, 0x00, 0x00, 0x00,
  0x00, 0x00, 0x00, 0x00, 0x00, 0x00, 0x00, 0x00, 0x00, 0x00, 0x00, 0x00, 0x00, 0x00, 0x00, 0x00,
  0x00, 0x00, 0x00, 0x00, 0x00, 0x00, 0x00, 0x00, 0x00, 0x00, 0x00, 0x00, 0x00, 0x00, 0x00, 0x00,
  0x00, 0x00, 0x00, 0x00, 0x00, 0x00, 0x00, 0x00, 0x00, 0x00, 0x00, 0x00, 0x00, 0x00, 0x00, 0x00,
  0x00, 0x00, 0x00, 0x00, 0x00, 0x00, 0x00, 0x00, 0x00, 0x00, 0x00, 0x00, 0x00, 0x00, 0x00, 0x00,
  0x00, 0x00, 0x00, 0x00, 0x00, 0x00, 0x00, 0x00, 0x00, 0x00, 0x00, 0x00, 0x00, 0x00, 0x00, 0x00,
  0x00, 0x00, 0x00, 0x00, 0x00, 0x00, 0x00, 0x00, 0x00, 0x00, 0x00, 0x00, 0x00, 0x00, 0x00, 0x00,
  0x00, 0x00, 0x00, 0x00, 0x00, 0x00, 0x00, 0x00, 0x00, 0x00, 0x00, 0x00, 0x00, 0x00, 0x00, 0x00,
  0x00, 0x00, 0x00, 0x00, 0x00, 0x00, 0x00, 0x00, 0x00, 0x00, 0x00, 0x00, 0x00, 0x00, 0x00, 0x00,
  0x00, 0x00, 0x00, 0x00, 0x00, 0x00, 0x00, 0x00, 0x00, 0x00, 0x00, 0x00, 0x00, 0x00, 0x00, 0x00,
  0x00, 0x00, 0x00, 0x00, 0x00, 0x00, 0x00, 0x00, 0x00, 0x00, 0x00, 0x00, 0x00, 0x00, 0x00, 0x00,
  0x00, 0x00, 0x00, 0x00, 0x00, 0x00, 0x00, 0x00, 0x00, 0x00, 0x00, 0x00, 0x00, 0x00, 0x00, 0x00,
  0x00, 0x00, 0x00, 0x00, 0x00, 0x00, 0x00, 0x00, 0x00, 0x00, 0x00, 0x00, 0x00, 0x00, 0x00, 0x00,
  0x00, 0x00, 0x00, 0x00, 0x00, 0x00, 0x00, 0x00, 0x00, 0x00, 0x00, 0x00, 0x00, 0x00, 0x00, 0x00,
  0x00, 0x00, 0x00, 0x00, 0x00, 0x00, 0x00, 0x00, 0x00, 0x00, 0x00, 0x00, 0x00, 0x00, 0x00, 0x00,
  0x00, 0x00, 0x00, 0x00, 0x00, 0x00, 0x00, 0x00, 0x00, 0x00, 0x00, 0x00, 0x00, 0x00, 0x00, 0x00,
  0x00, 0x00, 0x00, 0x00, 0x00, 0x00, 0x00, 0x00, 0x00, 0x00, 0x00, 0x00, 0x00, 0x00, 0x00, 0x00,
  0x00, 0x00, 0x00, 0x00, 0x00, 0x00, 0x00, 0x00, 0x00, 0x00, 0x00, 0x00, 0x00, 0x00, 0x00, 0x00,
  0x00, 0x00, 0x00, 0x00, 0x00, 0x00, 0x00, 0x00, 0x00, 0x00, 0x00, 0x00, 0x00, 0x00, 0x00, 0x00,
  0x00, 0x00, 0x00, 0x00, 0x00, 0x00, 0x00, 0x00, 0x00, 0x00, 0x00, 0x00, 0x00, 0x00, 0x00, 0x00,
  0x00, 0x00, 0x00, 0x00, 0x00, 0x00, 0x00, 0x00, 0x00, 0x00, 0x00, 0x00, 0x00, 0x00, 0x00, 0x00,
  0x00, 0x00, 0x00, 0x00, 0x00, 0x00, 0x00, 0x00, 0x00, 0x00, 0x00, 0x00, 0x00, 0x00, 0x00, 0x00,
  0x00, 0x00, 0x00, 0x00, 0x00, 0x00, 0x00, 0x00, 0x00, 0x00, 0x00, 0x00, 0x00, 0x00, 0x00, 0x00,
  0x00, 0x00, 0x00, 0x00, 0x00, 0x00, 0x00, 0x00, 0x00, 0x00, 0x00, 0x00, 0x00, 0x00, 0x00, 0x00,
  0x00, 0x00, 0x00, 0x00, 0x00, 0x00, 0x00, 0x00, 0x00, 0x00, 0x00, 0x00, 0x00, 0x00, 0x00, 0x00,
  0x00, 0x00, 0x00, 0x00, 0x00, 0x00, 0x00, 0x00, 0x00, 0x00, 0x00, 0x00, 0x00, 0x00, 0x00, 0x00,
  0x00, 0x00, 0x00, 0x00, 0x00, 0x00, 0x00, 0x00, 0x00, 0x00, 0x00, 0x00, 0x00, 0x00, 0x00, 0x00,
  0x00, 0x00, 0x00, 0x00, 0x00, 0x00, 0x00, 0x00, 0x00, 0x00, 0x00, 0x00, 0x00, 0x00, 0x00, 0x00,
  0x00, 0x00, 0x00, 0x00, 0x00, 0x00, 0x00, 0x00, 0x00, 0x00, 0x00, 0x00, 0x00, 0x00, 0x00, 0x00,
  0x00, 0x00, 0x00, 0x00, 0x00, 0x00, 0x00, 0x00, 0x00, 0x00, 0x00, 0x00, 0x00, 0x00, 0x00, 0x00,
  0x00, 0x00, 0x00, 0x00, 0x00, 0x00, 0x00, 0x00, 0x00, 0x00, 0x00, 0x00, 0x00, 0x00, 0x00, 0x00,
  0x00, 0x00, 0x00, 0x00, 0x00, 0x00, 0x00, 0x00, 0x00, 0x00, 0x00, 0x00, 0x00, 0x00, 0x00, 0x00,
  0x00, 0x00, 0x00, 0x00, 0x00, 0x00, 0x00, 0x00, 0x00, 0x00, 0x00, 0x00, 0x00, 0x00, 0x00, 0x00,
  0x00, 0x00, 0x00, 0x00, 0x00, 0x00, 0x00, 0x00, 0x00, 0x00, 0x00, 0x00, 0x00, 0x00, 0x00, 0x00,
  0x00, 0x00, 0x00, 0x00, 0x00, 0x00, 0x00, 0x00, 0x00, 0x00, 0x00, 0x00, 0x00, 0x00, 0x00, 0x00,
  0x00, 0x00, 0x00, 0x00, 0x00, 0x00, 0x00, 0x00, 0x00, 0x00, 0x00, 0x00, 0x00, 0x00, 0x00, 0x00,
  0x00, 0x00, 0x00, 0x00, 0x00, 0x00, 0x00, 0x00, 0x00, 0x00, 0x00, 0x00, 0x00, 0x00, 0x00, 0x00,
  0x00, 0x00, 0x00, 0x00, 0x00, 0x00, 0x00, 0x00, 0x00, 0x00, 0x00, 0x00, 0x00, 0x00, 0x00, 0x00,
  0x00, 0x00, 0x00, 0x00, 0x00, 0x00, 0x00, 0x00, 0x00, 0x00, 0x00, 0x00, 0x00, 0x00, 0x00, 0x00,
  0x00, 0x00, 0x00, 0x00, 0x00, 0x00, 0x00, 0x00, 0x00, 0x00, 0x00, 0x00, 0x00, 0x00, 0x00, 0x00,
  0x00, 0x00, 0x00, 0x00, 0x00, 0x00, 0x00, 0x00, 0x00, 0x00, 0x00, 0x00, 0x00, 0x00, 0x00, 0x00,
  0x00, 0x00, 0x00, 0x00, 0x00, 0x00, 0x00, 0x00, 0x00, 0x00, 0x00, 0x00, 0x00, 0x00, 0x00, 0x00,
  0x00, 0x00, 0x00, 0x00, 0x00, 0x00, 0x00, 0x00, 0x00, 0x00, 0x00, 0x00, 0x00, 0x00, 0x00, 0x00,
  0x00, 0x00, 0x00, 0x00, 0x00, 0x00, 0x00, 0x00, 0x00, 0x00, 0x00, 0x00, 0x00, 0x00, 0x00, 0x00,
  0x00, 0x00, 0x00, 0x00, 0x00, 0x00, 0x00, 0x00, 0x00, 0x00, 0x00, 0x00, 0x00, 0x00, 0x00, 0x00,
  0x00, 0x00, 0x00, 0x00, 0x00, 0x00, 0x00, 0x00, 0x00, 0x00, 0x00, 0x00, 0x00, 0x00, 0x00, 0x00,
  0x00, 0x00, 0x00, 0x00, 0x00, 0x00, 0x00, 0x00, 0x00, 0x00, 0x00, 0x00, 0x00, 0x00, 0x00, 0x00,
  0x00, 0x00, 0x00, 0x00, 0x00, 0x00, 0x00, 0x00, 0x00, 0x00, 0x00, 0x00, 0x00, 0x00, 0x00, 0x00,
  0x00, 0x00, 0x00, 0x00, 0x00, 0x00, 0x00, 0x00, 0x00, 0x00, 0x00, 0x00, 0x00, 0x00, 0x00, 0x00,
  0x00, 0x00, 0x00, 0x00, 0x00, 0x00, 0x00, 0x00, 0x00, 0x00, 0x00, 0x00, 0x00, 0x00, 0x00, 0x00,
  0x00, 0x00, 0x00, 0x00, 0x00, 0x00, 0x00, 0x00, 0x00, 0x00, 0x00, 0x00, 0x00, 0x00, 0x00, 0x00,
  0x00, 0x00, 0x00, 0x00, 0x00, 0x00, 0x00, 0x00, 0x00, 0x00, 0x00, 0x00, 0x00, 0x00, 0x00, 0x00,
  0x00, 0x00, 0x00, 0x00, 0x00, 0x00, 0x00, 0x00, 0x00, 0x00, 0x00, 0x00, 0x00, 0x00, 0x00, 0x00,
  0x00, 0x00, 0x00, 0x00, 0x00, 0x00, 0x00, 0x00, 0x00, 0x00, 0x00, 0x00, 0x00, 0x00, 0x00, 0x00,
  0x00, 0x00, 0x00, 0x00, 0x00, 0x00, 0x00, 0x00, 0x00, 0x00, 0x00, 0x00, 0x00, 0x00, 0x00, 0x00,
  0x00, 0x00, 0x00, 0x00, 0x00, 0x00, 0x00, 0x00, 0x00, 0x00, 0x00, 0x00, 0x00, 0x00, 0x00, 0x00,
  0x00, 0x00, 0x00, 0x00, 0x00, 0x00, 0x00, 0x00, 0x00, 0x00, 0x00, 0x00, 0x00, 0x00, 0x00, 0x00,
  0x00, 0x00, 0x00, 0x00, 0x00, 0x00, 0x00, 0x00, 0x00, 0x00, 0x00, 0x00, 0x00, 0x00, 0x00, 0x00,
  0x00, 0x00, 0x00, 0x00, 0x00, 0x00, 0x00, 0x00, 0x00, 0x00, 0x00, 0x00, 0x00, 0x00, 0x00, 0x00,
  0x00, 0x00, 0x00, 0x00, 0x00, 0x00, 0x00, 0x00, 0x00, 0x00, 0x00, 0x00, 0x00, 0x00, 0x00, 0x00,
  0x00, 0x00, 0x00, 0x00, 0x00, 0x00, 0x00, 0x00, 0x00, 0x00, 0x00, 0x00, 0x00, 0x00, 0x00, 0x00,
  0x00, 0x00, 0x00, 0x00, 0x00, 0x00, 0x00, 0x00, 0x00, 0x00, 0x00, 0x00, 0x00, 0x00, 0x00, 0x00,
  0x00, 0x00, 0x00, 0x00, 0x00, 0x00, 0x00, 0x00, 0x00, 0x00, 0x00, 0x00, 0x00, 0x00, 0x00, 0x00,
  0x00, 0x00, 0x00, 0x00, 0x00, 0x00, 0x00, 0x00, 0x00, 0x00, 0x00, 0x00, 0x00, 0x00, 0x00, 0x00,
  0x00, 0x00, 0x00, 0x00, 0x00, 0x00, 0x00, 0x00, 0x00, 0x00, 0x00, 0x00, 0x00, 0x00, 0x00, 0x00,
  0x00, 0x00, 0x00, 0x00, 0x00, 0x00, 0x00, 0x00, 0x00, 0x00, 0x00, 0x00, 0x00, 0x00, 0x00, 0x00,
  0x00, 0x00, 0x00, 0x00, 0x00, 0x00, 0x00, 0x00, 0x00, 0x00, 0x00, 0x00, 0x00, 0x00, 0x00, 0x00,
  0x00, 0x00, 0x00, 0x00, 0x00, 0x00, 0x00, 0x00, 0x00, 0x00, 0x00, 0x00, 0x00, 0x00, 0x00, 0x00,
  0x00, 0x00, 0x00, 0x00, 0x00, 0x00, 0x00, 0x00, 0x00, 0x00, 0x00, 0x00, 0x00, 0x00, 0x00, 0x00,
  0x00, 0x00, 0x00, 0x00, 0x00, 0x00, 0x00, 0x00, 0x00, 0x00, 0x00, 0x00, 0x00, 0x00, 0x00, 0x00,
  0x00, 0x00, 0x00, 0x00, 0x00, 0x00, 0x00, 0x00, 0x00, 0x00, 0x00, 0x00, 0x00, 0x00, 0x00, 0x00,
  0x00, 0x00, 0x00, 0x00, 0x00, 0x00, 0x00, 0x00, 0x00, 0x00, 0x00, 0x00, 0x00, 0x00, 0x00, 0x00,
  0x00, 0x00, 0x00, 0x00, 0x00, 0x00, 0x00, 0x00, 0x00, 0x00, 0x00, 0x00, 0x00, 0x00, 0x00, 0x00,
  0x00, 0x00, 0x00, 0x00, 0x00, 0x00, 0x00, 0x00, 0x00, 0x00, 0x00, 0x00, 0x00, 0x00, 0x00, 0x00,
  0x00, 0x00, 0x00, 0x00, 0x00, 0x00, 0x00, 0x00, 0x00, 0x00, 0x00, 0x00, 0x00, 0x00, 0x00, 0x00,
  0x00, 0x00, 0x00, 0x00, 0x00, 0x00, 0x00, 0x00, 0x00, 0x00, 0x00, 0x00, 0x00, 0x00, 0x00, 0x00,
  0x00, 0x00, 0x00, 0x00, 0x00, 0x00, 0x00, 0x00, 0x00, 0x00, 0x00, 0x00, 0x00, 0x00, 0x00, 0x00,
  0x00, 0x00, 0x00, 0x00, 0x00, 0x00, 0x00, 0x00, 0x00, 0x00, 0x00, 0x00, 0x00, 0x00, 0x00, 0x00,
};

const lv_image_dsc_t img_boss_ship = {
  .header.cf = LV_COLOR_FORMAT_ARGB8888,
  .header.magic = LV_IMAGE_HEADER_MAGIC,
  .header.w = 192,
  .header.h = 112,
  .data_size = sizeof(boss_ship_map),
  .data = boss_ship_map,
};
